path,zone,extension,bytes,lines,directory,name,last_write_utc
PLAN/README.md,planning_docs,.md,1767,86,PLAN,README.md,2026-04-27T07:57:55.696789+00:00
PLAN/SPINE_01_CORE_ARCHITECTURE.md,planning_docs,.md,10124,452,PLAN,SPINE_01_CORE_ARCHITECTURE.md,2026-05-08T14:17:49.398866+00:00
PLAN/SPINE_02_CORE_ROADMAP.md,planning_docs,.md,8736,463,PLAN,SPINE_02_CORE_ROADMAP.md,2026-05-08T14:17:49.399872+00:00
PLAN/archive/2026-04-27_expanded_plan_before_core_focus/00_CURRENT_STATE_AUDIT.md,planning_docs,.md,4678,145,PLAN/archive/2026-04-27_expanded_plan_before_core_focus,00_CURRENT_STATE_AUDIT.md,2026-04-28T14:26:06.611124+00:00
PLAN/archive/2026-04-27_expanded_plan_before_core_focus/01_SUPER_AGENT_MASTER_ARCHITECTURE.md,planning_docs,.md,6086,242,PLAN/archive/2026-04-27_expanded_plan_before_core_focus,01_SUPER_AGENT_MASTER_ARCHITECTURE.md,2026-05-08T14:17:49.401576+00:00
PLAN/archive/2026-04-27_expanded_plan_before_core_focus/02_CAPABILITY_MATRIX.md,planning_docs,.md,5667,125,PLAN/archive/2026-04-27_expanded_plan_before_core_focus,02_CAPABILITY_MATRIX.md,2026-05-08T14:17:49.403131+00:00
PLAN/archive/2026-04-27_expanded_plan_before_core_focus/03_TOOL_INTELLIGENCE_LAYER.md,planning_docs,.md,6173,283,PLAN/archive/2026-04-27_expanded_plan_before_core_focus,03_TOOL_INTELLIGENCE_LAYER.md,2026-05-08T14:17:49.403599+00:00
PLAN/archive/2026-04-27_expanded_plan_before_core_focus/04_WORK_METHOD_LIBRARY.md,planning_docs,.md,5252,323,PLAN/archive/2026-04-27_expanded_plan_before_core_focus,04_WORK_METHOD_LIBRARY.md,2026-05-08T14:17:49.404607+00:00
PLAN/archive/2026-04-27_expanded_plan_before_core_focus/05_AGENT_FAMILY_AND_MODULE_MAP.md,planning_docs,.md,5508,202,PLAN/archive/2026-04-27_expanded_plan_before_core_focus,05_AGENT_FAMILY_AND_MODULE_MAP.md,2026-05-08T14:17:49.405603+00:00
PLAN/archive/2026-04-27_expanded_plan_before_core_focus/06_EXECUTION_ROADMAP.md,planning_docs,.md,8640,433,PLAN/archive/2026-04-27_expanded_plan_before_core_focus,06_EXECUTION_ROADMAP.md,2026-04-27T07:14:20.465031+00:00
PLAN/archive/2026-04-27_expanded_plan_before_core_focus/07_SECURITY_AND_AUTHORITY_PROTOCOL.md,planning_docs,.md,4581,226,PLAN/archive/2026-04-27_expanded_plan_before_core_focus,07_SECURITY_AND_AUTHORITY_PROTOCOL.md,2026-05-08T14:17:49.407608+00:00
PLAN/archive/2026-04-27_expanded_plan_before_core_focus/08_RESEARCH_BACKLOG_AND_UNKNOWN_ZONES.md,planning_docs,.md,4397,208,PLAN/archive/2026-04-27_expanded_plan_before_core_focus,08_RESEARCH_BACKLOG_AND_UNKNOWN_ZONES.md,2026-05-08T14:17:49.408607+00:00
PLAN/archive/2026-04-27_expanded_plan_before_core_focus/09_PLAN_GATE.md,planning_docs,.md,2789,82,PLAN/archive/2026-04-27_expanded_plan_before_core_focus,09_PLAN_GATE.md,2026-04-27T07:14:20.468031+00:00
PLAN/archive/2026-04-27_expanded_plan_before_core_focus/10_AGENT_CORE_RUNTIME_ARCHITECTURE.md,planning_docs,.md,13885,690,PLAN/archive/2026-04-27_expanded_plan_before_core_focus,10_AGENT_CORE_RUNTIME_ARCHITECTURE.md,2026-05-08T14:17:49.410607+00:00
PLAN/archive/CORE_00_LOGIC_AUDIT.md,planning_docs,.md,5401,247,PLAN/archive,CORE_00_LOGIC_AUDIT.md,2026-05-08T14:17:49.411610+00:00
PLAN/archive/CORE_01_AGENT_ORGANISM_ARCHITECTURE.md,planning_docs,.md,5945,252,PLAN/archive,CORE_01_AGENT_ORGANISM_ARCHITECTURE.md,2026-05-08T14:17:49.412605+00:00
PLAN/archive/CORE_02_RUNTIME_STATE_MACHINE.md,planning_docs,.md,5284,297,PLAN/archive,CORE_02_RUNTIME_STATE_MACHINE.md,2026-05-08T14:17:49.413605+00:00
PLAN/archive/CORE_03_IMPLEMENTATION_ROADMAP.md,planning_docs,.md,4108,206,PLAN/archive,CORE_03_IMPLEMENTATION_ROADMAP.md,2026-05-08T14:17:49.414606+00:00
PLAN/archive/CORE_04_REVIEW_BOARD.md,planning_docs,.md,3934,206,PLAN/archive,CORE_04_REVIEW_BOARD.md,2026-05-08T14:17:49.415605+00:00
README.md,other,.md,22588,634,.,README.md,2026-06-23T07:17:44.604396+00:00
RedditPulse/.github/workflows/scraper.yml,reddit_pulse,.yml,1543,49,RedditPulse/.github/workflows,scraper.yml,2026-04-26T11:25:52.080458+00:00
RedditPulse/.gitignore,reddit_pulse,,306,,RedditPulse,.gitignore,2026-04-26T11:25:52.081457+00:00
RedditPulse/CODE_REVIEW.md,reddit_pulse,.md,43751,692,RedditPulse,CODE_REVIEW.md,2026-04-26T11:25:52.083456+00:00
RedditPulse/DATA_QUALITY_MAP.md,reddit_pulse,.md,14443,517,RedditPulse,DATA_QUALITY_MAP.md,2026-04-26T11:25:52.085454+00:00
RedditPulse/DOCUMENTATION.md,reddit_pulse,.md,49357,1042,RedditPulse,DOCUMENTATION.md,2026-04-26T11:25:52.086616+00:00
RedditPulse/DOCUMENTATION_SUMMARY.md,reddit_pulse,.md,4581,114,RedditPulse,DOCUMENTATION_SUMMARY.md,2026-04-26T11:25:52.087616+00:00
RedditPulse/PAGE_AUDIT.md,reddit_pulse,.md,22000,337,RedditPulse,PAGE_AUDIT.md,2026-04-26T11:25:52.090616+00:00
RedditPulse/PRODUCT_BLUEPRINT.md,reddit_pulse,.md,11092,199,RedditPulse,PRODUCT_BLUEPRINT.md,2026-04-26T11:25:52.092614+00:00
RedditPulse/PRODUCT_OPERATING_MODEL.md,reddit_pulse,.md,1653,60,RedditPulse,PRODUCT_OPERATING_MODEL.md,2026-04-26T11:25:52.093613+00:00
RedditPulse/README.md,reddit_pulse,.md,11361,334,RedditPulse,README.md,2026-04-26T11:25:52.094614+00:00
RedditPulse/SOURCE_SCRAPE_SMOKE_REPORT.md,reddit_pulse,.md,5076,132,RedditPulse,SOURCE_SCRAPE_SMOKE_REPORT.md,2026-04-26T11:25:52.095931+00:00
RedditPulse/SYSTEM_CARTOGRAPHY.md,reddit_pulse,.md,13563,162,RedditPulse,SYSTEM_CARTOGRAPHY.md,2026-04-26T11:25:52.095931+00:00
RedditPulse/USER_FLOW.md,reddit_pulse,.md,7627,172,RedditPulse,USER_FLOW.md,2026-04-26T11:25:52.097444+00:00
RedditPulse/VALIDATION_BENCHMARK_REPORT.md,reddit_pulse,.md,21159,319,RedditPulse,VALIDATION_BENCHMARK_REPORT.md,2026-04-26T11:25:52.098789+00:00
RedditPulse/WORKSPACE_MAP.md,reddit_pulse,.md,1506,41,RedditPulse,WORKSPACE_MAP.md,2026-04-26T11:25:52.099737+00:00
RedditPulse/app/.gitignore,reddit_pulse,,521,,RedditPulse/app,.gitignore,2026-04-26T11:25:52.100948+00:00
RedditPulse/app/README.md,reddit_pulse,.md,1486,36,RedditPulse/app,README.md,2026-04-26T11:25:52.101948+00:00
RedditPulse/app/eslint.config.mjs,reddit_pulse,.mjs,483,,RedditPulse/app,eslint.config.mjs,2026-04-26T11:25:52.102947+00:00
RedditPulse/app/next.config.ts,reddit_pulse,.ts,1762,56,RedditPulse/app,next.config.ts,2026-04-26T11:25:52.103966+00:00
RedditPulse/app/package-lock.json,reddit_pulse,.json,152494,4359,RedditPulse/app,package-lock.json,2026-04-26T11:25:52.106946+00:00
RedditPulse/app/package.json,reddit_pulse,.json,1217,43,RedditPulse/app,package.json,2026-04-26T11:25:52.107946+00:00
RedditPulse/app/postcss.config.mjs,reddit_pulse,.mjs,101,,RedditPulse/app,postcss.config.mjs,2026-04-26T11:25:52.108945+00:00
RedditPulse/app/public/brand/cueidea-logo-256.png,reddit_pulse,.png,14755,,RedditPulse/app/public/brand,cueidea-logo-256.png,2026-04-26T11:25:52.110605+00:00
RedditPulse/app/public/brand/cueidea-logo-512.png,reddit_pulse,.png,51458,,RedditPulse/app/public/brand,cueidea-logo-512.png,2026-04-26T11:25:52.113605+00:00
RedditPulse/app/public/brand/cueidea-logo-64.png,reddit_pulse,.png,2240,,RedditPulse/app/public/brand,cueidea-logo-64.png,2026-04-26T11:25:52.114604+00:00
RedditPulse/app/public/favicon-16.png,reddit_pulse,.png,455,,RedditPulse/app/public,favicon-16.png,2026-04-26T11:25:52.115605+00:00
RedditPulse/app/public/favicon-32.png,reddit_pulse,.png,957,,RedditPulse/app/public,favicon-32.png,2026-04-26T11:25:52.117311+00:00
RedditPulse/app/public/favicon.ico,reddit_pulse,.ico,3779,,RedditPulse/app/public,favicon.ico,2026-04-26T11:25:52.117311+00:00
RedditPulse/app/public/file.svg,reddit_pulse,.svg,391,,RedditPulse/app/public,file.svg,2026-04-26T11:25:52.118310+00:00
RedditPulse/app/public/globe.svg,reddit_pulse,.svg,1035,,RedditPulse/app/public,globe.svg,2026-04-26T11:25:52.119101+00:00
RedditPulse/app/public/next.svg,reddit_pulse,.svg,1375,,RedditPulse/app/public,next.svg,2026-04-26T11:25:52.120098+00:00
RedditPulse/app/public/vercel.svg,reddit_pulse,.svg,128,,RedditPulse/app/public,vercel.svg,2026-04-26T11:25:52.120098+00:00
RedditPulse/app/public/videos/cueidea_glass_dome_glow.mp4,reddit_pulse,.mp4,3916972,,RedditPulse/app/public/videos,cueidea_glass_dome_glow.mp4,2026-04-26T11:25:52.142886+00:00
RedditPulse/app/public/window.svg,reddit_pulse,.svg,385,,RedditPulse/app/public,window.svg,2026-04-26T11:25:52.145001+00:00
RedditPulse/app/scripts/verify-validation-queue.ts,reddit_pulse,.ts,8986,262,RedditPulse/app/scripts,verify-validation-queue.ts,2026-04-26T11:25:52.147574+00:00
RedditPulse/app/src/app/admin/AdminActions.tsx,reddit_pulse,.tsx,9904,236,RedditPulse/app/src/app/admin,AdminActions.tsx,2026-04-26T11:25:52.151510+00:00
RedditPulse/app/src/app/admin/AdminShell.tsx,reddit_pulse,.tsx,5604,102,RedditPulse/app/src/app/admin,AdminShell.tsx,2026-04-26T11:25:52.151817+00:00
RedditPulse/app/src/app/admin/ai/page.tsx,reddit_pulse,.tsx,2708,46,RedditPulse/app/src/app/admin/ai,page.tsx,2026-04-26T11:25:52.153117+00:00
RedditPulse/app/src/app/admin/analytics/page.tsx,reddit_pulse,.tsx,6319,88,RedditPulse/app/src/app/admin/analytics,page.tsx,2026-04-26T11:25:52.155603+00:00
RedditPulse/app/src/app/admin/components.tsx,reddit_pulse,.tsx,3952,126,RedditPulse/app/src/app/admin,components.tsx,2026-04-26T11:25:52.156608+00:00
RedditPulse/app/src/app/admin/jobs/page.tsx,reddit_pulse,.tsx,17731,248,RedditPulse/app/src/app/admin/jobs,page.tsx,2026-04-26T11:25:52.157606+00:00
RedditPulse/app/src/app/admin/layout.tsx,reddit_pulse,.tsx,552,19,RedditPulse/app/src/app/admin,layout.tsx,2026-04-26T11:25:52.159030+00:00
RedditPulse/app/src/app/admin/logs/page.tsx,reddit_pulse,.tsx,7231,112,RedditPulse/app/src/app/admin/logs,page.tsx,2026-04-26T11:25:52.160539+00:00
RedditPulse/app/src/app/admin/market/page.tsx,reddit_pulse,.tsx,9187,131,RedditPulse/app/src/app/admin/market,page.tsx,2026-04-26T11:25:52.161219+00:00
RedditPulse/app/src/app/admin/nav.ts,reddit_pulse,.ts,792,24,RedditPulse/app/src/app/admin,nav.ts,2026-04-26T11:25:52.165215+00:00
RedditPulse/app/src/app/admin/page.tsx,reddit_pulse,.tsx,11140,142,RedditPulse/app/src/app/admin,page.tsx,2026-04-26T11:25:52.166214+00:00
RedditPulse/app/src/app/admin/settings/page.tsx,reddit_pulse,.tsx,1621,29,RedditPulse/app/src/app/admin/settings,page.tsx,2026-04-26T11:25:52.168213+00:00
RedditPulse/app/src/app/admin/users/page.tsx,reddit_pulse,.tsx,4318,69,RedditPulse/app/src/app/admin/users,page.tsx,2026-04-26T11:25:52.168987+00:00
RedditPulse/app/src/app/admin/validations/[id]/page.tsx,reddit_pulse,.tsx,5000,85,RedditPulse/app/src/app/admin/validations/[id],page.tsx,2026-04-26T11:25:52.170990+00:00
RedditPulse/app/src/app/admin/validations/page.tsx,reddit_pulse,.tsx,6503,98,RedditPulse/app/src/app/admin/validations,page.tsx,2026-04-26T11:25:52.171989+00:00
RedditPulse/app/src/app/api/admin/ai/route.ts,reddit_pulse,.ts,278,9,RedditPulse/app/src/app/api/admin/ai,route.ts,2026-04-26T11:25:52.173988+00:00
RedditPulse/app/src/app/api/admin/analytics/route.ts,reddit_pulse,.ts,437,10,RedditPulse/app/src/app/api/admin/analytics,route.ts,2026-04-26T11:25:52.174988+00:00
RedditPulse/app/src/app/api/admin/jobs/pause-validations/route.ts,reddit_pulse,.ts,657,16,RedditPulse/app/src/app/api/admin/jobs/pause-validations,route.ts,2026-04-26T11:25:52.176989+00:00
RedditPulse/app/src/app/api/admin/jobs/pause/route.ts,reddit_pulse,.ts,651,16,RedditPulse/app/src/app/api/admin/jobs/pause,route.ts,2026-04-26T11:25:52.177987+00:00
RedditPulse/app/src/app/api/admin/jobs/route.ts,reddit_pulse,.ts,284,9,RedditPulse/app/src/app/api/admin/jobs,route.ts,2026-04-26T11:25:52.178987+00:00
RedditPulse/app/src/app/api/admin/jobs/run-scraper/route.ts,reddit_pulse,.ts,541,14,RedditPulse/app/src/app/api/admin/jobs/run-scraper,route.ts,2026-04-26T11:25:52.180986+00:00
RedditPulse/app/src/app/api/admin/logs/route.ts,reddit_pulse,.ts,284,9,RedditPulse/app/src/app/api/admin/logs,route.ts,2026-04-26T11:25:52.183122+00:00
RedditPulse/app/src/app/api/admin/market/route.ts,reddit_pulse,.ts,290,9,RedditPulse/app/src/app/api/admin/market,route.ts,2026-04-26T11:25:52.184634+00:00
RedditPulse/app/src/app/api/admin/overview/route.ts,reddit_pulse,.ts,287,9,RedditPulse/app/src/app/api/admin/overview,route.ts,2026-04-26T11:25:52.186924+00:00
RedditPulse/app/src/app/api/admin/settings/route.ts,reddit_pulse,.ts,1153,22,RedditPulse/app/src/app/api/admin/settings,route.ts,2026-04-26T11:25:52.188387+00:00
RedditPulse/app/src/app/api/admin/users/[id]/plan/route.ts,reddit_pulse,.ts,738,20,RedditPulse/app/src/app/api/admin/users/[id]/plan,route.ts,2026-04-26T11:25:52.191383+00:00
RedditPulse/app/src/app/api/admin/users/[id]/role/route.ts,reddit_pulse,.ts,896,23,RedditPulse/app/src/app/api/admin/users/[id]/role,route.ts,2026-04-26T11:25:52.192383+00:00
RedditPulse/app/src/app/api/admin/users/route.ts,reddit_pulse,.ts,287,9,RedditPulse/app/src/app/api/admin/users,route.ts,2026-04-26T11:25:52.193383+00:00
RedditPulse/app/src/app/api/admin/validations/[id]/retry/route.ts,reddit_pulse,.ts,623,18,RedditPulse/app/src/app/api/admin/validations/[id]/retry,route.ts,2026-04-26T11:25:52.196380+00:00
RedditPulse/app/src/app/api/admin/validations/[id]/route.ts,reddit_pulse,.ts,565,17,RedditPulse/app/src/app/api/admin/validations/[id],route.ts,2026-04-26T11:25:52.197381+00:00
RedditPulse/app/src/app/api/admin/validations/route.ts,reddit_pulse,.ts,729,19,RedditPulse/app/src/app/api/admin/validations,route.ts,2026-04-26T11:25:52.198381+00:00
RedditPulse/app/src/app/api/alerts/[id]/route.ts,reddit_pulse,.ts,1130,32,RedditPulse/app/src/app/api/alerts/[id],route.ts,2026-04-26T11:25:52.201672+00:00
RedditPulse/app/src/app/api/alerts/[id]/seen/route.ts,reddit_pulse,.ts,1131,32,RedditPulse/app/src/app/api/alerts/[id]/seen,route.ts,2026-04-26T11:25:52.202670+00:00
RedditPulse/app/src/app/api/alerts/route.ts,reddit_pulse,.ts,4248,114,RedditPulse/app/src/app/api/alerts,route.ts,2026-04-26T11:25:52.203670+00:00
RedditPulse/app/src/app/api/auth/signup/route.ts,reddit_pulse,.ts,6670,178,RedditPulse/app/src/app/api/auth/signup,route.ts,2026-04-26T11:25:52.204669+00:00
RedditPulse/app/src/app/api/compare-ideas/route.ts,reddit_pulse,.ts,2978,77,RedditPulse/app/src/app/api/compare-ideas,route.ts,2026-04-26T11:25:52.206670+00:00
RedditPulse/app/src/app/api/competitor-complaints/route.ts,reddit_pulse,.ts,2800,59,RedditPulse/app/src/app/api/competitor-complaints,route.ts,2026-04-26T11:25:52.208221+00:00
RedditPulse/app/src/app/api/competitor-radar/route.ts,reddit_pulse,.ts,4934,144,RedditPulse/app/src/app/api/competitor-radar,route.ts,2026-04-26T11:25:52.209217+00:00
RedditPulse/app/src/app/api/digest/route.ts,reddit_pulse,.ts,12246,278,RedditPulse/app/src/app/api/digest,route.ts,2026-04-26T11:25:52.211215+00:00
RedditPulse/app/src/app/api/discover/route.ts,reddit_pulse,.ts,6881,174,RedditPulse/app/src/app/api/discover,route.ts,2026-04-26T11:25:52.212214+00:00
RedditPulse/app/src/app/api/enrich/route.ts,reddit_pulse,.ts,8368,252,RedditPulse/app/src/app/api/enrich,route.ts,2026-04-26T11:25:52.215213+00:00
RedditPulse/app/src/app/api/graveyard/route.ts,reddit_pulse,.ts,1277,42,RedditPulse/app/src/app/api/graveyard,route.ts,2026-04-26T11:25:52.216213+00:00
RedditPulse/app/src/app/api/ideas/[slug]/route.ts,reddit_pulse,.ts,1845,60,RedditPulse/app/src/app/api/ideas/[slug],route.ts,2026-04-26T11:25:52.218211+00:00
RedditPulse/app/src/app/api/ideas/route.ts,reddit_pulse,.ts,3984,105,RedditPulse/app/src/app/api/ideas,route.ts,2026-04-26T11:25:52.219210+00:00
RedditPulse/app/src/app/api/intelligence/route.ts,reddit_pulse,.ts,6866,138,RedditPulse/app/src/app/api/intelligence,route.ts,2026-04-26T11:25:52.220600+00:00
RedditPulse/app/src/app/api/market/intelligence/route.ts,reddit_pulse,.ts,6402,155,RedditPulse/app/src/app/api/market/intelligence,route.ts,2026-04-26T11:25:52.222603+00:00
RedditPulse/app/src/app/api/market/route.ts,reddit_pulse,.ts,3663,77,RedditPulse/app/src/app/api/market,route.ts,2026-04-26T11:25:52.223603+00:00
RedditPulse/app/src/app/api/monitors/route.ts,reddit_pulse,.ts,3031,78,RedditPulse/app/src/app/api/monitors,route.ts,2026-04-26T11:25:52.225601+00:00
RedditPulse/app/src/app/api/opportunities/[id]/watch/route.ts,reddit_pulse,.ts,5329,144,RedditPulse/app/src/app/api/opportunities/[id]/watch,route.ts,2026-04-26T11:25:52.227600+00:00
RedditPulse/app/src/app/api/opportunities/route.ts,reddit_pulse,.ts,8432,218,RedditPulse/app/src/app/api/opportunities,route.ts,2026-04-26T11:25:52.228245+00:00
RedditPulse/app/src/app/api/opportunity-lab/route.ts,reddit_pulse,.ts,3044,78,RedditPulse/app/src/app/api/opportunity-lab,route.ts,2026-04-26T11:25:52.229243+00:00
RedditPulse/app/src/app/api/public/ideas/[slug]/route.ts,reddit_pulse,.ts,1574,52,RedditPulse/app/src/app/api/public/ideas/[slug],route.ts,2026-04-26T11:25:52.233280+00:00
RedditPulse/app/src/app/api/public/ideas/route.ts,reddit_pulse,.ts,3659,96,RedditPulse/app/src/app/api/public/ideas,route.ts,2026-04-26T11:25:52.234117+00:00
RedditPulse/app/src/app/api/scan/[id]/report/route.ts,reddit_pulse,.ts,3789,102,RedditPulse/app/src/app/api/scan/[id]/report,route.ts,2026-04-26T11:25:52.236103+00:00
RedditPulse/app/src/app/api/scan/[id]/route.ts,reddit_pulse,.ts,1994,54,RedditPulse/app/src/app/api/scan/[id],route.ts,2026-04-26T11:25:52.237102+00:00
RedditPulse/app/src/app/api/scan/route.ts,reddit_pulse,.ts,6263,169,RedditPulse/app/src/app/api/scan,route.ts,2026-04-26T11:25:52.238101+00:00
RedditPulse/app/src/app/api/settings/ai/health/route.ts,reddit_pulse,.ts,928,22,RedditPulse/app/src/app/api/settings/ai/health,route.ts,2026-04-26T11:25:52.241100+00:00
RedditPulse/app/src/app/api/settings/ai/route.ts,reddit_pulse,.ts,6733,176,RedditPulse/app/src/app/api/settings/ai,route.ts,2026-04-26T11:25:52.241100+00:00
RedditPulse/app/src/app/api/settings/ai/verify/route.ts,reddit_pulse,.ts,1667,40,RedditPulse/app/src/app/api/settings/ai/verify,route.ts,2026-04-26T11:25:52.242099+00:00
RedditPulse/app/src/app/api/settings/detect/route.ts,reddit_pulse,.ts,4217,92,RedditPulse/app/src/app/api/settings/detect,route.ts,2026-04-26T11:25:52.244100+00:00
RedditPulse/app/src/app/api/settings/lab/reddit/_helpers.ts,reddit_pulse,.ts,798,21,RedditPulse/app/src/app/api/settings/lab/reddit,_helpers.ts,2026-04-26T11:25:52.245950+00:00
RedditPulse/app/src/app/api/settings/lab/reddit/connection/route.ts,reddit_pulse,.ts,2830,78,RedditPulse/app/src/app/api/settings/lab/reddit/connection,route.ts,2026-04-26T11:25:52.247949+00:00
RedditPulse/app/src/app/api/settings/lab/reddit/market-preview/route.ts,reddit_pulse,.ts,763,19,RedditPulse/app/src/app/api/settings/lab/reddit/market-preview,route.ts,2026-04-26T11:25:52.249997+00:00
RedditPulse/app/src/app/api/settings/lab/reddit/oauth/callback/route.ts,reddit_pulse,.ts,3151,76,RedditPulse/app/src/app/api/settings/lab/reddit/oauth/callback,route.ts,2026-04-26T11:25:52.252943+00:00
RedditPulse/app/src/app/api/settings/lab/reddit/oauth/start/route.ts,reddit_pulse,.ts,981,26,RedditPulse/app/src/app/api/settings/lab/reddit/oauth/start,route.ts,2026-04-26T11:25:52.253942+00:00
RedditPulse/app/src/app/api/settings/lab/reddit/source-packs/[id]/route.ts,reddit_pulse,.ts,2108,53,RedditPulse/app/src/app/api/settings/lab/reddit/source-packs/[id],route.ts,2026-04-26T11:25:52.254942+00:00
RedditPulse/app/src/app/api/settings/lab/reddit/source-packs/route.ts,reddit_pulse,.ts,1843,43,RedditPulse/app/src/app/api/settings/lab/reddit/source-packs,route.ts,2026-04-26T11:25:52.255942+00:00
RedditPulse/app/src/app/api/settings/lab/reddit/sync/route.ts,reddit_pulse,.ts,1021,24,RedditPulse/app/src/app/api/settings/lab/reddit/sync,route.ts,2026-04-26T11:25:52.257940+00:00
RedditPulse/app/src/app/api/settings/models/route.ts,reddit_pulse,.ts,8028,208,RedditPulse/app/src/app/api/settings/models,route.ts,2026-04-26T11:25:52.258939+00:00
RedditPulse/app/src/app/api/track/route.ts,reddit_pulse,.ts,1947,41,RedditPulse/app/src/app/api/track,route.ts,2026-04-26T11:25:52.259939+00:00
RedditPulse/app/src/app/api/trend-signals/route.ts,reddit_pulse,.ts,7216,200,RedditPulse/app/src/app/api/trend-signals,route.ts,2026-04-26T11:25:52.260940+00:00
RedditPulse/app/src/app/api/validate/[jobId]/route.ts,reddit_pulse,.ts,3728,111,RedditPulse/app/src/app/api/validate/[jobId],route.ts,2026-04-26T11:25:52.263757+00:00
RedditPulse/app/src/app/api/validate/[jobId]/status/route.ts,reddit_pulse,.ts,7057,177,RedditPulse/app/src/app/api/validate/[jobId]/status,route.ts,2026-04-26T11:25:52.265759+00:00
RedditPulse/app/src/app/api/validate/route.ts,reddit_pulse,.ts,12514,304,RedditPulse/app/src/app/api/validate,route.ts,2026-04-26T11:25:52.267962+00:00
RedditPulse/app/src/app/api/watchlist/route.ts,reddit_pulse,.ts,19161,488,RedditPulse/app/src/app/api/watchlist,route.ts,2026-04-26T11:25:52.269415+00:00
RedditPulse/app/src/app/api/why-now/route.ts,reddit_pulse,.ts,5015,111,RedditPulse/app/src/app/api/why-now,route.ts,2026-04-26T11:25:52.270416+00:00
RedditPulse/app/src/app/auth/callback/route.ts,reddit_pulse,.ts,4073,113,RedditPulse/app/src/app/auth/callback,route.ts,2026-04-26T11:25:52.272415+00:00
RedditPulse/app/src/app/auth/complete/auth-complete-client.tsx,reddit_pulse,.tsx,3192,84,RedditPulse/app/src/app/auth/complete,auth-complete-client.tsx,2026-04-26T11:25:52.273412+00:00
RedditPulse/app/src/app/auth/complete/page.tsx,reddit_pulse,.tsx,977,35,RedditPulse/app/src/app/auth/complete,page.tsx,2026-04-26T11:25:52.274412+00:00
RedditPulse/app/src/app/auth/logout/route.ts,reddit_pulse,.ts,242,8,RedditPulse/app/src/app/auth/logout,route.ts,2026-04-26T11:25:52.275411+00:00
RedditPulse/app/src/app/components/DebatePanel.tsx,reddit_pulse,.tsx,40071,893,RedditPulse/app/src/app/components,DebatePanel.tsx,2026-04-26T11:25:52.276921+00:00
RedditPulse/app/src/app/components/ParticleField.tsx,reddit_pulse,.tsx,2245,55,RedditPulse/app/src/app/components,ParticleField.tsx,2026-04-26T11:25:52.276921+00:00
RedditPulse/app/src/app/components/ThreeBackground.tsx,reddit_pulse,.tsx,3879,120,RedditPulse/app/src/app/components,ThreeBackground.tsx,2026-04-26T11:25:52.277918+00:00
RedditPulse/app/src/app/components/ThreeBackgroundWrapper.tsx,reddit_pulse,.tsx,273,11,RedditPulse/app/src/app/components,ThreeBackgroundWrapper.tsx,2026-04-26T11:25:52.278918+00:00
RedditPulse/app/src/app/components/app-sidebar.tsx,reddit_pulse,.tsx,11551,251,RedditPulse/app/src/app/components,app-sidebar.tsx,2026-04-26T11:25:52.279919+00:00
RedditPulse/app/src/app/components/auth-session-bridge.tsx,reddit_pulse,.tsx,2643,81,RedditPulse/app/src/app/components,auth-session-bridge.tsx,2026-04-26T11:25:52.280918+00:00
RedditPulse/app/src/app/components/brand-logo.tsx,reddit_pulse,.tsx,3330,97,RedditPulse/app/src/app/components,brand-logo.tsx,2026-04-26T11:25:52.281917+00:00
RedditPulse/app/src/app/components/how-it-works-content.tsx,reddit_pulse,.tsx,6222,112,RedditPulse/app/src/app/components,how-it-works-content.tsx,2026-04-26T11:25:52.282917+00:00
RedditPulse/app/src/app/components/landing-page-client.tsx,reddit_pulse,.tsx,39121,736,RedditPulse/app/src/app/components,landing-page-client.tsx,2026-04-26T11:25:52.284907+00:00
RedditPulse/app/src/app/components/motion.tsx,reddit_pulse,.tsx,11258,243,RedditPulse/app/src/app/components,motion.tsx,2026-04-26T11:25:52.285913+00:00
RedditPulse/app/src/app/components/premium-gate.tsx,reddit_pulse,.tsx,3921,106,RedditPulse/app/src/app/components,premium-gate.tsx,2026-04-26T11:25:52.287107+00:00
RedditPulse/app/src/app/components/pricing-content.tsx,reddit_pulse,.tsx,17462,395,RedditPulse/app/src/app/components,pricing-content.tsx,2026-04-26T11:25:52.288654+00:00
RedditPulse/app/src/app/dashboard/DashboardClient.tsx,reddit_pulse,.tsx,75763,1176,RedditPulse/app/src/app/dashboard,DashboardClient.tsx,2026-04-26T11:25:52.291652+00:00
RedditPulse/app/src/app/dashboard/DashboardHome.tsx,reddit_pulse,.tsx,20885,328,RedditPulse/app/src/app/dashboard,DashboardHome.tsx,2026-04-26T11:25:52.292651+00:00
RedditPulse/app/src/app/dashboard/DashboardLayout.tsx,reddit_pulse,.tsx,4796,116,RedditPulse/app/src/app/dashboard,DashboardLayout.tsx,2026-04-26T11:25:52.293652+00:00
RedditPulse/app/src/app/dashboard/ScoreBreakdownTooltip.tsx,reddit_pulse,.tsx,11305,243,RedditPulse/app/src/app/dashboard,ScoreBreakdownTooltip.tsx,2026-04-26T11:25:52.294651+00:00
RedditPulse/app/src/app/dashboard/StockMarket.tsx,reddit_pulse,.tsx,177955,3334,RedditPulse/app/src/app/dashboard,StockMarket.tsx,2026-04-26T11:25:52.296649+00:00
RedditPulse/app/src/app/dashboard/alerts/page.tsx,reddit_pulse,.tsx,18934,325,RedditPulse/app/src/app/dashboard/alerts,page.tsx,2026-04-26T11:25:52.297649+00:00
RedditPulse/app/src/app/dashboard/competitors/page.tsx,reddit_pulse,.tsx,36771,638,RedditPulse/app/src/app/dashboard/competitors,page.tsx,2026-04-26T11:25:52.299093+00:00
RedditPulse/app/src/app/dashboard/components/Dock.tsx,reddit_pulse,.tsx,17007,336,RedditPulse/app/src/app/dashboard/components,Dock.tsx,2026-04-26T11:25:52.300022+00:00
RedditPulse/app/src/app/dashboard/components/TopBar.tsx,reddit_pulse,.tsx,23242,399,RedditPulse/app/src/app/dashboard/components,TopBar.tsx,2026-04-26T11:25:52.302020+00:00
RedditPulse/app/src/app/dashboard/components/ValidationDepthChooser.tsx,reddit_pulse,.tsx,8528,218,RedditPulse/app/src/app/dashboard/components,ValidationDepthChooser.tsx,2026-04-26T11:25:52.302020+00:00
RedditPulse/app/src/app/dashboard/digest/page.tsx,reddit_pulse,.tsx,21345,373,RedditPulse/app/src/app/dashboard/digest,page.tsx,2026-04-26T11:25:52.304018+00:00
RedditPulse/app/src/app/dashboard/explore/page.tsx,reddit_pulse,.tsx,28823,578,RedditPulse/app/src/app/dashboard/explore,page.tsx,2026-04-26T11:25:52.305018+00:00
RedditPulse/app/src/app/dashboard/how-it-works/page.tsx,reddit_pulse,.tsx,181,5,RedditPulse/app/src/app/dashboard/how-it-works,page.tsx,2026-04-26T11:25:52.307018+00:00
RedditPulse/app/src/app/dashboard/idea/[slug]/IdeaDetail.tsx,reddit_pulse,.tsx,29186,578,RedditPulse/app/src/app/dashboard/idea/[slug],IdeaDetail.tsx,2026-04-26T11:25:52.309017+00:00
RedditPulse/app/src/app/dashboard/idea/[slug]/page.tsx,reddit_pulse,.tsx,162,7,RedditPulse/app/src/app/dashboard/idea/[slug],page.tsx,2026-04-26T11:25:52.309017+00:00
RedditPulse/app/src/app/dashboard/layout.tsx,reddit_pulse,.tsx,1037,31,RedditPulse/app/src/app/dashboard,layout.tsx,2026-04-26T11:25:52.310492+00:00
RedditPulse/app/src/app/dashboard/opportunities/page.tsx,reddit_pulse,.tsx,34118,577,RedditPulse/app/src/app/dashboard/opportunities,page.tsx,2026-04-26T11:25:52.312431+00:00
RedditPulse/app/src/app/dashboard/page.tsx,reddit_pulse,.tsx,2506,71,RedditPulse/app/src/app/dashboard,page.tsx,2026-04-26T11:25:52.312431+00:00
RedditPulse/app/src/app/dashboard/pricing/page.tsx,reddit_pulse,.tsx,157,6,RedditPulse/app/src/app/dashboard/pricing,page.tsx,2026-04-26T11:25:52.313429+00:00
RedditPulse/app/src/app/dashboard/reports/[id]/page.tsx,reddit_pulse,.tsx,144145,2130,RedditPulse/app/src/app/dashboard/reports/[id],page.tsx,2026-04-26T11:25:52.316429+00:00
RedditPulse/app/src/app/dashboard/reports/compare/page.tsx,reddit_pulse,.tsx,38463,595,RedditPulse/app/src/app/dashboard/reports/compare,page.tsx,2026-04-26T11:25:52.318427+00:00
RedditPulse/app/src/app/dashboard/reports/page.tsx,reddit_pulse,.tsx,14664,242,RedditPulse/app/src/app/dashboard/reports,page.tsx,2026-04-26T11:25:52.319426+00:00
RedditPulse/app/src/app/dashboard/saved/page.tsx,reddit_pulse,.tsx,34415,599,RedditPulse/app/src/app/dashboard/saved,page.tsx,2026-04-26T11:25:52.320427+00:00
RedditPulse/app/src/app/dashboard/scans/page.tsx,reddit_pulse,.tsx,11941,210,RedditPulse/app/src/app/dashboard/scans,page.tsx,2026-04-26T11:25:52.322425+00:00
RedditPulse/app/src/app/dashboard/settings/engine-status/page.tsx,reddit_pulse,.tsx,6425,162,RedditPulse/app/src/app/dashboard/settings/engine-status,page.tsx,2026-04-26T11:25:52.324228+00:00
RedditPulse/app/src/app/dashboard/settings/opportunity-lab/page.tsx,reddit_pulse,.tsx,13231,270,RedditPulse/app/src/app/dashboard/settings/opportunity-lab,page.tsx,2026-04-26T11:25:52.325512+00:00
RedditPulse/app/src/app/dashboard/settings/page.tsx,reddit_pulse,.tsx,39791,693,RedditPulse/app/src/app/dashboard/settings,page.tsx,2026-04-26T11:25:52.326615+00:00
RedditPulse/app/src/app/dashboard/settings/reddit-lab/page.tsx,reddit_pulse,.tsx,19502,317,RedditPulse/app/src/app/dashboard/settings/reddit-lab,page.tsx,2026-04-26T11:25:52.328276+00:00
RedditPulse/app/src/app/dashboard/sources/page.tsx,reddit_pulse,.tsx,10320,186,RedditPulse/app/src/app/dashboard/sources,page.tsx,2026-04-26T11:25:52.329784+00:00
RedditPulse/app/src/app/dashboard/trends/page.tsx,reddit_pulse,.tsx,27086,556,RedditPulse/app/src/app/dashboard/trends,page.tsx,2026-04-26T11:25:52.330967+00:00
RedditPulse/app/src/app/dashboard/validate/ValidationProgressPane.tsx,reddit_pulse,.tsx,13869,269,RedditPulse/app/src/app/dashboard/validate,ValidationProgressPane.tsx,2026-04-26T11:25:52.331966+00:00
RedditPulse/app/src/app/dashboard/validate/page.tsx,reddit_pulse,.tsx,87633,1610,RedditPulse/app/src/app/dashboard/validate,page.tsx,2026-04-26T11:25:52.333965+00:00
RedditPulse/app/src/app/dashboard/viewer-context.tsx,reddit_pulse,.tsx,699,33,RedditPulse/app/src/app/dashboard,viewer-context.tsx,2026-04-26T11:25:52.333965+00:00
RedditPulse/app/src/app/dashboard/wtp/page.tsx,reddit_pulse,.tsx,9688,168,RedditPulse/app/src/app/dashboard/wtp,page.tsx,2026-04-26T11:25:52.335565+00:00
RedditPulse/app/src/app/favicon.ico,reddit_pulse,.ico,3779,,RedditPulse/app/src/app,favicon.ico,2026-04-26T11:25:52.336079+00:00
RedditPulse/app/src/app/globals.css,reddit_pulse,.css,24360,865,RedditPulse/app/src/app,globals.css,2026-04-26T11:25:52.337072+00:00
RedditPulse/app/src/app/graveyard/[slug]/page.tsx,reddit_pulse,.tsx,6693,170,RedditPulse/app/src/app/graveyard/[slug],page.tsx,2026-04-26T11:25:52.339072+00:00
RedditPulse/app/src/app/graveyard/page.tsx,reddit_pulse,.tsx,6217,147,RedditPulse/app/src/app/graveyard,page.tsx,2026-04-26T11:25:52.340070+00:00
RedditPulse/app/src/app/how-it-works/page.tsx,reddit_pulse,.tsx,2248,47,RedditPulse/app/src/app/how-it-works,page.tsx,2026-04-26T11:25:52.341070+00:00
RedditPulse/app/src/app/layout.tsx,reddit_pulse,.tsx,2803,80,RedditPulse/app/src/app,layout.tsx,2026-04-26T11:25:52.341070+00:00
RedditPulse/app/src/app/loading.tsx,reddit_pulse,.tsx,1315,37,RedditPulse/app/src/app,loading.tsx,2026-04-26T11:25:52.342070+00:00
RedditPulse/app/src/app/login/page.tsx,reddit_pulse,.tsx,13817,339,RedditPulse/app/src/app/login,page.tsx,2026-04-26T11:25:52.343070+00:00
RedditPulse/app/src/app/manifest.ts,reddit_pulse,.ts,644,27,RedditPulse/app/src/app,manifest.ts,2026-04-26T11:25:52.344068+00:00
RedditPulse/app/src/app/page.tsx,reddit_pulse,.tsx,12659,310,RedditPulse/app/src/app,page.tsx,2026-04-26T11:25:52.345181+00:00
RedditPulse/app/src/app/pricing/page.tsx,reddit_pulse,.tsx,3030,63,RedditPulse/app/src/app/pricing,page.tsx,2026-04-26T11:25:52.346228+00:00
RedditPulse/app/src/app/radar/page.tsx,reddit_pulse,.tsx,17690,290,RedditPulse/app/src/app/radar,page.tsx,2026-04-26T11:25:52.347383+00:00
RedditPulse/app/src/app/reset-password/page.tsx,reddit_pulse,.tsx,5848,146,RedditPulse/app/src/app/reset-password,page.tsx,2026-04-26T11:25:52.348964+00:00
RedditPulse/app/src/app/robots.ts,reddit_pulse,.ts,393,18,RedditPulse/app/src/app,robots.ts,2026-04-26T11:25:52.349967+00:00
RedditPulse/app/src/app/sitemap.ts,reddit_pulse,.ts,1180,52,RedditPulse/app/src/app,sitemap.ts,2026-04-26T11:25:52.350959+00:00
RedditPulse/app/src/app/startup-ideas/page.tsx,reddit_pulse,.tsx,17928,290,RedditPulse/app/src/app/startup-ideas,page.tsx,2026-04-26T11:25:52.352008+00:00
RedditPulse/app/src/lib/admin-access.ts,reddit_pulse,.ts,1371,46,RedditPulse/app/src/lib,admin-access.ts,2026-04-26T11:25:52.352958+00:00
RedditPulse/app/src/lib/admin-auth.ts,reddit_pulse,.ts,2866,86,RedditPulse/app/src/lib,admin-auth.ts,2026-04-26T11:25:52.353958+00:00
RedditPulse/app/src/lib/admin-data.ts,reddit_pulse,.ts,42662,931,RedditPulse/app/src/lib,admin-data.ts,2026-04-26T11:25:52.354958+00:00
RedditPulse/app/src/lib/admin-events.ts,reddit_pulse,.ts,1157,37,RedditPulse/app/src/lib,admin-events.ts,2026-04-26T11:25:52.355956+00:00
RedditPulse/app/src/lib/ai-config-health.test.ts,reddit_pulse,.ts,1789,48,RedditPulse/app/src/lib,ai-config-health.test.ts,2026-04-26T11:25:52.356957+00:00
RedditPulse/app/src/lib/ai-config-health.ts,reddit_pulse,.ts,3431,108,RedditPulse/app/src/lib,ai-config-health.ts,2026-04-26T11:25:52.356957+00:00
RedditPulse/app/src/lib/ai-config-server.ts,reddit_pulse,.ts,3338,87,RedditPulse/app/src/lib,ai-config-server.ts,2026-04-26T11:25:52.357956+00:00
RedditPulse/app/src/lib/ai-key-verification.test.ts,reddit_pulse,.ts,858,20,RedditPulse/app/src/lib,ai-key-verification.test.ts,2026-04-26T11:25:52.360005+00:00
RedditPulse/app/src/lib/ai-key-verification.ts,reddit_pulse,.ts,15231,331,RedditPulse/app/src/lib,ai-key-verification.ts,2026-04-26T11:25:52.361001+00:00
RedditPulse/app/src/lib/ai-model-registry.test.ts,reddit_pulse,.ts,1343,29,RedditPulse/app/src/lib,ai-model-registry.test.ts,2026-04-26T11:25:52.361001+00:00
RedditPulse/app/src/lib/ai-model-registry.ts,reddit_pulse,.ts,3452,102,RedditPulse/app/src/lib,ai-model-registry.ts,2026-04-26T11:25:52.362001+00:00
RedditPulse/app/src/lib/analytics-client.tsx,reddit_pulse,.tsx,4658,131,RedditPulse/app/src/lib,analytics-client.tsx,2026-04-26T11:25:52.363001+00:00
RedditPulse/app/src/lib/analytics.ts,reddit_pulse,.ts,7883,188,RedditPulse/app/src/lib,analytics.ts,2026-04-26T11:25:52.364000+00:00
RedditPulse/app/src/lib/anti-idea.ts,reddit_pulse,.ts,16748,374,RedditPulse/app/src/lib,anti-idea.ts,2026-04-26T11:25:52.365392+00:00
RedditPulse/app/src/lib/auth-redirect.ts,reddit_pulse,.ts,714,23,RedditPulse/app/src/lib,auth-redirect.ts,2026-04-26T11:25:52.366386+00:00
RedditPulse/app/src/lib/beta-access.ts,reddit_pulse,.ts,2146,71,RedditPulse/app/src/lib,beta-access.ts,2026-04-26T11:25:52.378378+00:00
RedditPulse/app/src/lib/brand.ts,reddit_pulse,.ts,333,5,RedditPulse/app/src/lib,brand.ts,2026-04-26T11:25:52.388675+00:00
RedditPulse/app/src/lib/check-premium.ts,reddit_pulse,.ts,3071,89,RedditPulse/app/src/lib,check-premium.ts,2026-04-26T11:25:52.390390+00:00
RedditPulse/app/src/lib/claim-contract.ts,reddit_pulse,.ts,3882,110,RedditPulse/app/src/lib,claim-contract.ts,2026-04-26T11:25:52.391461+00:00
RedditPulse/app/src/lib/compare-ideas.ts,reddit_pulse,.ts,19508,411,RedditPulse/app/src/lib,compare-ideas.ts,2026-04-26T11:25:52.392463+00:00
RedditPulse/app/src/lib/competitor-weakness.ts,reddit_pulse,.ts,16222,363,RedditPulse/app/src/lib,competitor-weakness.ts,2026-04-26T11:25:52.393463+00:00
RedditPulse/app/src/lib/decision-pack.ts,reddit_pulse,.ts,29846,630,RedditPulse/app/src/lib,decision-pack.ts,2026-04-26T11:25:52.394463+00:00
RedditPulse/app/src/lib/durable-rate-limit.ts,reddit_pulse,.ts,1648,51,RedditPulse/app/src/lib,durable-rate-limit.ts,2026-04-26T11:25:52.396138+00:00
RedditPulse/app/src/lib/ensure-profile.ts,reddit_pulse,.ts,1025,43,RedditPulse/app/src/lib,ensure-profile.ts,2026-04-26T11:25:52.397138+00:00
RedditPulse/app/src/lib/evidence.ts,reddit_pulse,.ts,22075,536,RedditPulse/app/src/lib,evidence.ts,2026-04-26T11:25:52.398138+00:00
RedditPulse/app/src/lib/feature-flags.ts,reddit_pulse,.ts,908,19,RedditPulse/app/src/lib,feature-flags.ts,2026-04-26T11:25:52.398746+00:00
RedditPulse/app/src/lib/first-customer.ts,reddit_pulse,.ts,20164,454,RedditPulse/app/src/lib,first-customer.ts,2026-04-26T11:25:52.399311+00:00
RedditPulse/app/src/lib/founder-market-fit.ts,reddit_pulse,.ts,13090,290,RedditPulse/app/src/lib,founder-market-fit.ts,2026-04-26T11:25:52.400254+00:00
RedditPulse/app/src/lib/idea-api.ts,reddit_pulse,.ts,5463,158,RedditPulse/app/src/lib,idea-api.ts,2026-04-26T11:25:52.401252+00:00
RedditPulse/app/src/lib/live-market-memory.ts,reddit_pulse,.ts,17109,392,RedditPulse/app/src/lib,live-market-memory.ts,2026-04-26T11:25:52.402252+00:00
RedditPulse/app/src/lib/market-attack-simulator.ts,reddit_pulse,.ts,18128,391,RedditPulse/app/src/lib,market-attack-simulator.ts,2026-04-26T11:25:52.402252+00:00
RedditPulse/app/src/lib/market-editorial.ts,reddit_pulse,.ts,5098,140,RedditPulse/app/src/lib,market-editorial.ts,2026-04-26T11:25:52.403252+00:00
RedditPulse/app/src/lib/market-feed.ts,reddit_pulse,.ts,23328,616,RedditPulse/app/src/lib,market-feed.ts,2026-04-26T11:25:52.404250+00:00
RedditPulse/app/src/lib/market-intelligence.ts,reddit_pulse,.ts,24004,577,RedditPulse/app/src/lib,market-intelligence.ts,2026-04-26T11:25:52.405797+00:00
RedditPulse/app/src/lib/market-opportunity-presentation.ts,reddit_pulse,.ts,9350,258,RedditPulse/app/src/lib,market-opportunity-presentation.ts,2026-04-26T11:25:52.405797+00:00
RedditPulse/app/src/lib/market-snapshot.test.ts,reddit_pulse,.ts,4431,109,RedditPulse/app/src/lib,market-snapshot.test.ts,2026-04-26T11:25:52.406794+00:00
RedditPulse/app/src/lib/market-snapshot.ts,reddit_pulse,.ts,5002,135,RedditPulse/app/src/lib,market-snapshot.ts,2026-04-26T11:25:52.408460+00:00
RedditPulse/app/src/lib/market-topic-quality.ts,reddit_pulse,.ts,1961,87,RedditPulse/app/src/lib,market-topic-quality.ts,2026-04-26T11:25:52.409031+00:00
RedditPulse/app/src/lib/market-visibility.ts,reddit_pulse,.ts,5256,142,RedditPulse/app/src/lib,market-visibility.ts,2026-04-26T11:25:52.409542+00:00
RedditPulse/app/src/lib/monitor-feed.ts,reddit_pulse,.ts,21177,498,RedditPulse/app/src/lib,monitor-feed.ts,2026-04-26T11:25:52.410539+00:00
RedditPulse/app/src/lib/monitors.ts,reddit_pulse,.ts,32066,676,RedditPulse/app/src/lib,monitors.ts,2026-04-26T11:25:52.412537+00:00
RedditPulse/app/src/lib/opportunity-actionability.ts,reddit_pulse,.ts,10720,231,RedditPulse/app/src/lib,opportunity-actionability.ts,2026-04-26T11:25:52.412537+00:00
RedditPulse/app/src/lib/opportunity-lab.ts,reddit_pulse,.ts,6097,169,RedditPulse/app/src/lib,opportunity-lab.ts,2026-04-26T11:25:52.413592+00:00
RedditPulse/app/src/lib/opportunity-signal.ts,reddit_pulse,.ts,9091,225,RedditPulse/app/src/lib,opportunity-signal.ts,2026-04-26T11:25:52.414536+00:00
RedditPulse/app/src/lib/opportunity-strategy.ts,reddit_pulse,.ts,28838,629,RedditPulse/app/src/lib,opportunity-strategy.ts,2026-04-26T11:25:52.415537+00:00
RedditPulse/app/src/lib/opportunity-to-revenue.ts,reddit_pulse,.ts,22988,536,RedditPulse/app/src/lib,opportunity-to-revenue.ts,2026-04-26T11:25:52.416715+00:00
RedditPulse/app/src/lib/pricing-plans.ts,reddit_pulse,.ts,206,12,RedditPulse/app/src/lib,pricing-plans.ts,2026-04-26T11:25:52.417715+00:00
RedditPulse/app/src/lib/process-limiter.ts,reddit_pulse,.ts,1167,42,RedditPulse/app/src/lib,process-limiter.ts,2026-04-26T11:25:52.418714+00:00
RedditPulse/app/src/lib/public-idea-eligibility.ts,reddit_pulse,.ts,11001,297,RedditPulse/app/src/lib,public-idea-eligibility.ts,2026-04-26T11:25:52.418714+00:00
RedditPulse/app/src/lib/public-site-data.ts,reddit_pulse,.ts,15620,393,RedditPulse/app/src/lib,public-site-data.ts,2026-04-26T11:25:52.419713+00:00
RedditPulse/app/src/lib/queue.ts,reddit_pulse,.ts,28753,775,RedditPulse/app/src/lib,queue.ts,2026-04-26T11:25:52.420713+00:00
RedditPulse/app/src/lib/reddit-lab-server.ts,reddit_pulse,.ts,38275,978,RedditPulse/app/src/lib,reddit-lab-server.ts,2026-04-26T11:25:52.422897+00:00
RedditPulse/app/src/lib/reddit-lab.ts,reddit_pulse,.ts,4021,133,RedditPulse/app/src/lib,reddit-lab.ts,2026-04-26T11:25:52.423902+00:00
RedditPulse/app/src/lib/runtime-settings.ts,reddit_pulse,.ts,2771,81,RedditPulse/app/src/lib,runtime-settings.ts,2026-04-26T11:25:52.423902+00:00
RedditPulse/app/src/lib/scraper-run-health.ts,reddit_pulse,.ts,5602,139,RedditPulse/app/src/lib,scraper-run-health.ts,2026-04-26T11:25:52.424967+00:00
RedditPulse/app/src/lib/scraper-runtime-monitor.ts,reddit_pulse,.ts,11512,345,RedditPulse/app/src/lib,scraper-runtime-monitor.ts,2026-04-26T11:25:52.426663+00:00
RedditPulse/app/src/lib/service-first-saas-pathfinder.ts,reddit_pulse,.ts,21194,487,RedditPulse/app/src/lib,service-first-saas-pathfinder.ts,2026-04-26T11:25:52.426663+00:00
RedditPulse/app/src/lib/supabase-admin.ts,reddit_pulse,.ts,574,17,RedditPulse/app/src/lib,supabase-admin.ts,2026-04-26T11:25:52.427660+00:00
RedditPulse/app/src/lib/supabase-browser.ts,reddit_pulse,.ts,388,13,RedditPulse/app/src/lib,supabase-browser.ts,2026-04-26T11:25:52.428198+00:00
RedditPulse/app/src/lib/supabase-server.ts,reddit_pulse,.ts,1015,31,RedditPulse/app/src/lib,supabase-server.ts,2026-04-26T11:25:52.429240+00:00
RedditPulse/app/src/lib/trust.ts,reddit_pulse,.ts,11399,296,RedditPulse/app/src/lib,trust.ts,2026-04-26T11:25:52.430597+00:00
RedditPulse/app/src/lib/use-user-plan.ts,reddit_pulse,.ts,2280,74,RedditPulse/app/src/lib,use-user-plan.ts,2026-04-26T11:25:52.431596+00:00
RedditPulse/app/src/lib/user-facing-copy.ts,reddit_pulse,.ts,5590,153,RedditPulse/app/src/lib,user-facing-copy.ts,2026-04-26T11:25:52.431596+00:00
RedditPulse/app/src/lib/validation-coverage.ts,reddit_pulse,.ts,8274,202,RedditPulse/app/src/lib,validation-coverage.ts,2026-04-26T11:25:52.435878+00:00
RedditPulse/app/src/lib/validation-depth.ts,reddit_pulse,.ts,1937,56,RedditPulse/app/src/lib,validation-depth.ts,2026-04-26T11:25:52.436870+00:00
RedditPulse/app/src/lib/validation-entry.ts,reddit_pulse,.ts,1202,34,RedditPulse/app/src/lib,validation-entry.ts,2026-04-26T11:25:52.437869+00:00
RedditPulse/app/src/lib/validation-insights.ts,reddit_pulse,.ts,5875,147,RedditPulse/app/src/lib,validation-insights.ts,2026-04-26T11:25:52.437869+00:00
RedditPulse/app/src/lib/watchlist-data.ts,reddit_pulse,.ts,8174,245,RedditPulse/app/src/lib,watchlist-data.ts,2026-04-26T11:25:52.439092+00:00
RedditPulse/app/src/lib/watchlist-monitor-bridge.ts,reddit_pulse,.ts,2273,77,RedditPulse/app/src/lib,watchlist-monitor-bridge.ts,2026-04-26T11:25:52.440097+00:00
RedditPulse/app/src/lib/why-now.ts,reddit_pulse,.ts,14195,291,RedditPulse/app/src/lib,why-now.ts,2026-04-26T11:25:52.440097+00:00
RedditPulse/app/src/middleware.ts,reddit_pulse,.ts,2433,66,RedditPulse/app/src,middleware.ts,2026-04-26T11:25:52.441095+00:00
RedditPulse/app/src/styles/design-tokens.css,reddit_pulse,.css,7926,285,RedditPulse/app/src/styles,design-tokens.css,2026-04-26T11:25:52.443094+00:00
RedditPulse/app/tsconfig.json,reddit_pulse,.json,704,34,RedditPulse/app,tsconfig.json,2026-04-26T11:25:52.443094+00:00
RedditPulse/app/worker.ts,reddit_pulse,.ts,1253,44,RedditPulse/app,worker.ts,2026-04-26T11:25:52.444093+00:00
RedditPulse/config/ai-model-registry.json,reddit_pulse,.json,27546,777,RedditPulse/config,ai-model-registry.json,2026-04-26T11:25:52.445093+00:00
RedditPulse/docs/anti_idea_engine_v1.md,reddit_pulse,.md,3090,119,RedditPulse/docs,anti_idea_engine_v1.md,2026-04-26T11:25:52.446927+00:00
RedditPulse/docs/codex_audit_phase0.md,reddit_pulse,.md,16763,583,RedditPulse/docs,codex_audit_phase0.md,2026-04-26T11:25:52.448834+00:00
RedditPulse/docs/compare_ideas_v1.md,reddit_pulse,.md,2934,118,RedditPulse/docs,compare_ideas_v1.md,2026-04-26T11:25:52.449791+00:00
RedditPulse/docs/competitor_weakness_radar_v1.md,reddit_pulse,.md,3043,122,RedditPulse/docs,competitor_weakness_radar_v1.md,2026-04-26T11:25:52.450781+00:00
RedditPulse/docs/cueidea-landing-brief.md,reddit_pulse,.md,8826,333,RedditPulse/docs,cueidea-landing-brief.md,2026-04-26T11:25:52.450781+00:00
RedditPulse/docs/cueidea_system_handbook_2026-04-08.md,reddit_pulse,.md,16503,667,RedditPulse/docs,cueidea_system_handbook_2026-04-08.md,2026-04-26T11:25:52.451715+00:00
RedditPulse/docs/dashboard_surface_audit_2026-04-08.md,reddit_pulse,.md,9167,278,RedditPulse/docs,dashboard_surface_audit_2026-04-08.md,2026-04-26T11:25:52.453858+00:00
RedditPulse/docs/decision_pack_v1.md,reddit_pulse,.md,3777,174,RedditPulse/docs,decision_pack_v1.md,2026-04-26T11:25:52.454857+00:00
RedditPulse/docs/evidence_contract.md,reddit_pulse,.md,4891,217,RedditPulse/docs,evidence_contract.md,2026-04-26T11:25:52.455857+00:00
RedditPulse/docs/exhaustive_data_ux_audit_2026-04-05.md,reddit_pulse,.md,14175,436,RedditPulse/docs,exhaustive_data_ux_audit_2026-04-05.md,2026-04-26T11:25:52.456855+00:00
RedditPulse/docs/exhaustive_logic_audit_2026-04-08.md,reddit_pulse,.md,13466,454,RedditPulse/docs,exhaustive_logic_audit_2026-04-08.md,2026-04-26T11:25:52.458320+00:00
RedditPulse/docs/first_customer_engine_v1.md,reddit_pulse,.md,3373,122,RedditPulse/docs,first_customer_engine_v1.md,2026-04-26T11:25:52.458320+00:00
RedditPulse/docs/fix_report_2026-04-15_12-32.md,reddit_pulse,.md,5902,152,RedditPulse/docs,fix_report_2026-04-15_12-32.md,2026-04-26T11:25:52.459377+00:00
RedditPulse/docs/fix_report_2026-04-15_16-03.md,reddit_pulse,.md,3878,93,RedditPulse/docs,fix_report_2026-04-15_16-03.md,2026-04-26T11:25:52.459933+00:00
RedditPulse/docs/founder_market_fit_matcher_v1.md,reddit_pulse,.md,2573,107,RedditPulse/docs,founder_market_fit_matcher_v1.md,2026-04-26T11:25:52.460885+00:00
RedditPulse/docs/live_market_memory_v2.md,reddit_pulse,.md,3045,117,RedditPulse/docs,live_market_memory_v2.md,2026-04-26T11:25:52.460885+00:00
RedditPulse/docs/market-desktop-dock.png,reddit_pulse,.png,1346567,,RedditPulse/docs,market-desktop-dock.png,2026-04-26T11:25:52.473630+00:00
RedditPulse/docs/market-explore-mobile-dock.png,reddit_pulse,.png,158548,,RedditPulse/docs,market-explore-mobile-dock.png,2026-04-26T11:25:52.476422+00:00
RedditPulse/docs/market-live-full.png,reddit_pulse,.png,1186276,,RedditPulse/docs,market-live-full.png,2026-04-26T11:25:52.486417+00:00
RedditPulse/docs/market-live-rows.png,reddit_pulse,.png,1425471,,RedditPulse/docs,market-live-rows.png,2026-04-26T11:25:52.496411+00:00
RedditPulse/docs/market-live-top.png,reddit_pulse,.png,1202287,,RedditPulse/docs,market-live-top.png,2026-04-26T11:25:52.506761+00:00
RedditPulse/docs/market-mobile-top.png,reddit_pulse,.png,2008154,,RedditPulse/docs,market-mobile-top.png,2026-04-26T11:25:52.522768+00:00
RedditPulse/docs/market_attack_engine_blueprint.md,reddit_pulse,.md,10744,487,RedditPulse/docs,market_attack_engine_blueprint.md,2026-04-26T11:25:52.523765+00:00
RedditPulse/docs/market_attack_execution_plan.md,reddit_pulse,.md,14190,509,RedditPulse/docs,market_attack_execution_plan.md,2026-04-26T11:25:52.524764+00:00
RedditPulse/docs/market_attack_simulator_v1.md,reddit_pulse,.md,2895,103,RedditPulse/docs,market_attack_simulator_v1.md,2026-04-26T11:25:52.524764+00:00
RedditPulse/docs/market_logic_audit_2026-04-06.md,reddit_pulse,.md,5459,152,RedditPulse/docs,market_logic_audit_2026-04-06.md,2026-04-26T11:25:52.525977+00:00
RedditPulse/docs/market_user_surface_audit_2026-04-08.md,reddit_pulse,.md,11199,545,RedditPulse/docs,market_user_surface_audit_2026-04-08.md,2026-04-26T11:25:52.526762+00:00
RedditPulse/docs/monitoring_architecture.md,reddit_pulse,.md,4211,210,RedditPulse/docs,monitoring_architecture.md,2026-04-26T11:25:52.527762+00:00
RedditPulse/docs/opportunity_strategy_monitors_v1.md,reddit_pulse,.md,3928,126,RedditPulse/docs,opportunity_strategy_monitors_v1.md,2026-04-26T11:25:52.527762+00:00
RedditPulse/docs/opportunity_to_revenue_engine_v1.md,reddit_pulse,.md,3157,120,RedditPulse/docs,opportunity_to_revenue_engine_v1.md,2026-04-26T11:25:52.528762+00:00
RedditPulse/docs/service_first_saas_pathfinder_v1.md,reddit_pulse,.md,3370,119,RedditPulse/docs,service_first_saas_pathfinder_v1.md,2026-04-26T11:25:52.529762+00:00
RedditPulse/docs/trust_model.md,reddit_pulse,.md,2472,91,RedditPulse/docs,trust_model.md,2026-04-26T11:25:52.530762+00:00
RedditPulse/docs/validate_core_audit_2026-04-08.md,reddit_pulse,.md,9217,293,RedditPulse/docs,validate_core_audit_2026-04-08.md,2026-04-26T11:25:52.531761+00:00
RedditPulse/docs/validation_queue_verification.md,reddit_pulse,.md,8418,264,RedditPulse/docs,validation_queue_verification.md,2026-04-26T11:25:52.533800+00:00
RedditPulse/docs/vps_scraper_code_review_2026-03-31.md,reddit_pulse,.md,9286,259,RedditPulse/docs,vps_scraper_code_review_2026-03-31.md,2026-04-26T11:25:52.535384+00:00
RedditPulse/docs/vps_scraper_worker.md,reddit_pulse,.md,4768,134,RedditPulse/docs,vps_scraper_worker.md,2026-04-26T11:25:52.536190+00:00
RedditPulse/docs/why_now_engine_v1.md,reddit_pulse,.md,2753,95,RedditPulse/docs,why_now_engine_v1.md,2026-04-26T11:25:52.537189+00:00
RedditPulse/engine/ai_analyzer.py,reddit_pulse,.py,7504,168,RedditPulse/engine,ai_analyzer.py,2026-04-26T11:25:52.538188+00:00
RedditPulse/engine/ai_gateway.py,reddit_pulse,.py,11047,295,RedditPulse/engine,ai_gateway.py,2026-04-26T11:25:52.540141+00:00
RedditPulse/engine/analyzer.py,reddit_pulse,.py,14259,381,RedditPulse/engine,analyzer.py,2026-04-26T11:25:52.540632+00:00
RedditPulse/engine/appstore_scraper.py,reddit_pulse,.py,3049,82,RedditPulse/engine,appstore_scraper.py,2026-04-26T11:25:52.542020+00:00
RedditPulse/engine/competition.py,reddit_pulse,.py,28757,673,RedditPulse/engine,competition.py,2026-04-26T11:25:52.543020+00:00
RedditPulse/engine/competitor_deathwatch.py,reddit_pulse,.py,6793,190,RedditPulse/engine,competitor_deathwatch.py,2026-04-26T11:25:52.544713+00:00
RedditPulse/engine/config.py,reddit_pulse,.py,10769,257,RedditPulse/engine,config.py,2026-04-26T11:25:52.545029+00:00
RedditPulse/engine/credibility.py,reddit_pulse,.py,17303,456,RedditPulse/engine,credibility.py,2026-04-26T11:25:52.546029+00:00
RedditPulse/engine/data/SOC-to-Subreddit-Mapping.csv,reddit_pulse,.csv,53362,775,RedditPulse/engine/data,SOC-to-Subreddit-Mapping.csv,2026-04-26T11:25:52.548568+00:00
RedditPulse/engine/env_loader.py,reddit_pulse,.py,1268,47,RedditPulse/engine,env_loader.py,2026-04-26T11:25:52.549076+00:00
RedditPulse/engine/evidence_taxonomy.py,reddit_pulse,.py,11742,315,RedditPulse/engine,evidence_taxonomy.py,2026-04-26T11:25:52.550075+00:00
RedditPulse/engine/g2_scraper.py,reddit_pulse,.py,13210,307,RedditPulse/engine,g2_scraper.py,2026-04-26T11:25:52.551199+00:00
RedditPulse/engine/github_issues_scraper.py,reddit_pulse,.py,13778,381,RedditPulse/engine,github_issues_scraper.py,2026-04-26T11:25:52.552211+00:00
RedditPulse/engine/graveyard.py,reddit_pulse,.py,11138,300,RedditPulse/engine,graveyard.py,2026-04-26T11:25:52.552513+00:00
RedditPulse/engine/hn_scraper.py,reddit_pulse,.py,6651,198,RedditPulse/engine,hn_scraper.py,2026-04-26T11:25:52.553512+00:00
RedditPulse/engine/icp.py,reddit_pulse,.py,9554,253,RedditPulse/engine,icp.py,2026-04-26T11:25:52.553512+00:00
RedditPulse/engine/ih_scraper.py,reddit_pulse,.py,17392,473,RedditPulse/engine,ih_scraper.py,2026-04-26T11:25:52.554512+00:00
RedditPulse/engine/keyword_scraper.py,reddit_pulse,.py,32168,781,RedditPulse/engine,keyword_scraper.py,2026-04-26T11:25:52.556014+00:00
RedditPulse/engine/market_editorial/__init__.py,reddit_pulse,.py,96,3,RedditPulse/engine/market_editorial,__init__.py,2026-04-26T11:25:52.557014+00:00
RedditPulse/engine/market_editorial/client.py,reddit_pulse,.py,2730,81,RedditPulse/engine/market_editorial,client.py,2026-04-26T11:25:52.558014+00:00
RedditPulse/engine/market_editorial/orchestrator.py,reddit_pulse,.py,28692,779,RedditPulse/engine/market_editorial,orchestrator.py,2026-04-26T11:25:52.559197+00:00
RedditPulse/engine/market_editorial/roles.py,reddit_pulse,.py,3486,67,RedditPulse/engine/market_editorial,roles.py,2026-04-26T11:25:52.559709+00:00
RedditPulse/engine/market_editorial/schemas.py,reddit_pulse,.py,4946,139,RedditPulse/engine/market_editorial,schemas.py,2026-04-26T11:25:52.560704+00:00
RedditPulse/engine/market_optional_sources.py,reddit_pulse,.py,17244,478,RedditPulse/engine,market_optional_sources.py,2026-04-26T11:25:52.561705+00:00
RedditPulse/engine/model_registry.py,reddit_pulse,.py,2118,62,RedditPulse/engine,model_registry.py,2026-04-26T11:25:52.562474+00:00
RedditPulse/engine/morning_brief.py,reddit_pulse,.py,8068,236,RedditPulse/engine,morning_brief.py,2026-04-26T11:25:52.563469+00:00
RedditPulse/engine/multi_brain.py,reddit_pulse,.py,103110,2300,RedditPulse/engine,multi_brain.py,2026-04-26T11:25:52.565341+00:00
RedditPulse/engine/occupation_router.py,reddit_pulse,.py,4822,140,RedditPulse/engine,occupation_router.py,2026-04-26T11:25:52.566335+00:00
RedditPulse/engine/pain_stream.py,reddit_pulse,.py,9474,274,RedditPulse/engine,pain_stream.py,2026-04-26T11:25:52.567334+00:00
RedditPulse/engine/ph_scraper.py,reddit_pulse,.py,24869,677,RedditPulse/engine,ph_scraper.py,2026-04-26T11:25:52.567334+00:00
RedditPulse/engine/proxy_harvester.py,reddit_pulse,.py,17331,429,RedditPulse/engine,proxy_harvester.py,2026-04-26T11:25:52.568333+00:00
RedditPulse/engine/proxy_rotator.py,reddit_pulse,.py,10417,321,RedditPulse/engine,proxy_rotator.py,2026-04-26T11:25:52.570141+00:00
RedditPulse/engine/pullpush_scraper.py,reddit_pulse,.py,10152,303,RedditPulse/engine,pullpush_scraper.py,2026-04-26T11:25:52.571140+00:00
RedditPulse/engine/reddit_async.py,reddit_pulse,.py,24783,616,RedditPulse/engine,reddit_async.py,2026-04-26T11:25:52.572104+00:00
RedditPulse/engine/reddit_auth.py,reddit_pulse,.py,8024,244,RedditPulse/engine,reddit_auth.py,2026-04-26T11:25:52.573073+00:00
RedditPulse/engine/reddit_scrapecreators.py,reddit_pulse,.py,16936,507,RedditPulse/engine,reddit_scrapecreators.py,2026-04-26T11:25:52.574073+00:00
RedditPulse/engine/report_synthesizer.py,reddit_pulse,.py,6932,176,RedditPulse/engine,report_synthesizer.py,2026-04-26T11:25:52.575282+00:00
RedditPulse/engine/scorer.py,reddit_pulse,.py,16348,399,RedditPulse/engine,scorer.py,2026-04-26T11:25:52.576282+00:00
RedditPulse/engine/sitemap_listener.py,reddit_pulse,.py,8140,247,RedditPulse/engine,sitemap_listener.py,2026-04-26T11:25:52.576282+00:00
RedditPulse/engine/stackoverflow_scraper.py,reddit_pulse,.py,12557,308,RedditPulse/engine,stackoverflow_scraper.py,2026-04-26T11:25:52.577281+00:00
RedditPulse/engine/trends.py,reddit_pulse,.py,11653,330,RedditPulse/engine,trends.py,2026-04-26T11:25:52.578280+00:00
RedditPulse/engine/trends_aggregator.py,reddit_pulse,.py,8954,268,RedditPulse/engine,trends_aggregator.py,2026-04-26T11:25:52.579279+00:00
RedditPulse/engine/validation_depth.py,reddit_pulse,.py,6603,167,RedditPulse/engine,validation_depth.py,2026-04-26T11:25:52.579279+00:00
RedditPulse/enrich_idea.py,reddit_pulse,.py,12907,341,RedditPulse,enrich_idea.py,2026-04-26T11:25:52.580280+00:00
RedditPulse/generate_report.py,reddit_pulse,.py,1322,42,RedditPulse,generate_report.py,2026-04-26T11:25:52.581279+00:00
RedditPulse/live_market.json,reddit_pulse,.json,582988,2,RedditPulse,live_market.json,2026-04-26T11:25:52.584907+00:00
RedditPulse/migrations/005_strategic_features.sql,reddit_pulse,.sql,4661,,RedditPulse/migrations,005_strategic_features.sql,2026-04-26T11:25:52.587483+00:00
RedditPulse/migrations/006_morning_brief_cache.sql,reddit_pulse,.sql,881,,RedditPulse/migrations,006_morning_brief_cache.sql,2026-04-26T11:25:52.587483+00:00
RedditPulse/migrations/007_idea_validations_extra_columns.sql,reddit_pulse,.sql,445,,RedditPulse/migrations,007_idea_validations_extra_columns.sql,2026-04-26T11:25:52.588484+00:00
RedditPulse/migrations/008_ideas_theme_fields.sql,reddit_pulse,.sql,275,,RedditPulse/migrations,008_ideas_theme_fields.sql,2026-04-26T11:25:52.590125+00:00
RedditPulse/migrations/009_monitor_core.sql,reddit_pulse,.sql,2412,,RedditPulse/migrations,009_monitor_core.sql,2026-04-26T11:25:52.591126+00:00
RedditPulse/migrations/010_live_market_memory.sql,reddit_pulse,.sql,1199,,RedditPulse/migrations,010_live_market_memory.sql,2026-04-26T11:25:52.591126+00:00
RedditPulse/migrations/011_drop_legacy_plaintext_keys.sql,reddit_pulse,.sql,2122,,RedditPulse/migrations,011_drop_legacy_plaintext_keys.sql,2026-04-26T11:25:52.592126+00:00
RedditPulse/migrations/012_ai_config_encryption_rpcs.sql,reddit_pulse,.sql,4526,,RedditPulse/migrations,012_ai_config_encryption_rpcs.sql,2026-04-26T11:25:52.593126+00:00
RedditPulse/migrations/013_ai_config_multi_model_support.sql,reddit_pulse,.sql,3560,,RedditPulse/migrations,013_ai_config_multi_model_support.sql,2026-04-26T11:25:52.594782+00:00
RedditPulse/migrations/014_validation_depth.sql,reddit_pulse,.sql,288,,RedditPulse/migrations,014_validation_depth.sql,2026-04-26T11:25:52.594782+00:00
RedditPulse/migrations/015_idea_trend_baselines.sql,reddit_pulse,.sql,608,,RedditPulse/migrations,015_idea_trend_baselines.sql,2026-04-26T11:25:52.595779+00:00
RedditPulse/migrations/016_schema_cleanup_lockdown_and_repair.sql,reddit_pulse,.sql,6089,,RedditPulse/migrations,016_schema_cleanup_lockdown_and_repair.sql,2026-04-26T11:25:52.596778+00:00
RedditPulse/migrations/017_normalize_public_grants.sql,reddit_pulse,.sql,4885,,RedditPulse/migrations,017_normalize_public_grants.sql,2026-04-26T11:25:52.596778+00:00
RedditPulse/migrations/018_add_posts_source.sql,reddit_pulse,.sql,944,,RedditPulse/migrations,018_add_posts_source.sql,2026-04-26T11:25:52.598341+00:00
RedditPulse/migrations/019_validation_progress_log.sql,reddit_pulse,.sql,435,,RedditPulse/migrations,019_validation_progress_log.sql,2026-04-26T11:25:52.598901+00:00
RedditPulse/migrations/020_ideas_score_breakdown.sql,reddit_pulse,.sql,75,,RedditPulse/migrations,020_ideas_score_breakdown.sql,2026-04-26T11:25:52.599847+00:00
RedditPulse/migrations/021_reddit_connection_lab.sql,reddit_pulse,.sql,9854,,RedditPulse/migrations,021_reddit_connection_lab.sql,2026-04-26T11:25:52.600846+00:00
RedditPulse/migrations/022_opportunities_board.sql,reddit_pulse,.sql,2485,,RedditPulse/migrations,022_opportunities_board.sql,2026-04-26T11:25:52.600846+00:00
RedditPulse/migrations/023_admin_analytics_foundation.sql,reddit_pulse,.sql,4337,,RedditPulse/migrations,023_admin_analytics_foundation.sql,2026-04-26T11:25:52.601846+00:00
RedditPulse/migrations/024_market_editorial.sql,reddit_pulse,.sql,292,,RedditPulse/migrations,024_market_editorial.sql,2026-04-26T11:25:52.602846+00:00
RedditPulse/migrations/025_expand_scraper_runs_source.sql,reddit_pulse,.sql,325,,RedditPulse/migrations,025_expand_scraper_runs_source.sql,2026-04-26T11:25:52.603844+00:00
RedditPulse/migrations/026_rate_limit_windows.sql,reddit_pulse,.sql,3043,,RedditPulse/migrations,026_rate_limit_windows.sql,2026-04-26T11:25:52.603844+00:00
RedditPulse/migrations/027_monitor_bridge_backfill.sql,reddit_pulse,.sql,7252,,RedditPulse/migrations,027_monitor_bridge_backfill.sql,2026-04-26T11:25:52.604844+00:00
RedditPulse/migrations/028_fix_rate_limit_window_ambiguity.sql,reddit_pulse,.sql,2478,,RedditPulse/migrations,028_fix_rate_limit_window_ambiguity.sql,2026-04-26T11:25:52.605844+00:00
RedditPulse/requirements-scraper.txt,reddit_pulse,.txt,124,7,RedditPulse,requirements-scraper.txt,2026-04-26T11:25:52.606843+00:00
RedditPulse/run_scan.py,reddit_pulse,.py,22801,548,RedditPulse,run_scan.py,2026-04-26T11:25:52.607843+00:00
RedditPulse/run_validation_test.py,reddit_pulse,.py,2761,78,RedditPulse,run_validation_test.py,2026-04-26T11:59:26.786103+00:00
RedditPulse/schema_queue.sql,reddit_pulse,.sql,1525,,RedditPulse,schema_queue.sql,2026-04-26T11:25:52.608841+00:00
RedditPulse/scraper_job.py,reddit_pulse,.py,144993,3494,RedditPulse,scraper_job.py,2026-04-26T11:25:52.611841+00:00
RedditPulse/scripts/benchmark_validations.py,reddit_pulse,.py,32066,804,RedditPulse/scripts,benchmark_validations.py,2026-04-26T11:25:52.613454+00:00
RedditPulse/scripts/run_market_editorial_backfill.py,reddit_pulse,.py,2862,88,RedditPulse/scripts,run_market_editorial_backfill.py,2026-04-26T11:25:52.613454+00:00
RedditPulse/scripts/source_smoke_test.py,reddit_pulse,.py,7399,208,RedditPulse/scripts,source_smoke_test.py,2026-04-26T11:25:52.615394+00:00
RedditPulse/scripts/vps/install_market_scraper.sh,reddit_pulse,.sh,3238,,RedditPulse/scripts/vps,install_market_scraper.sh,2026-04-26T11:25:52.616392+00:00
RedditPulse/scripts/vps/prepare_web_runtime.sh,reddit_pulse,.sh,1055,,RedditPulse/scripts/vps,prepare_web_runtime.sh,2026-04-26T11:25:52.617392+00:00
RedditPulse/scripts/vps/redditpulse-scraper.service,reddit_pulse,.service,384,,RedditPulse/scripts/vps,redditpulse-scraper.service,2026-04-26T11:25:52.620390+00:00
RedditPulse/scripts/vps/redditpulse-scraper.timer,reddit_pulse,.timer,216,,RedditPulse/scripts/vps,redditpulse-scraper.timer,2026-04-26T11:25:52.620390+00:00
RedditPulse/scripts/vps/run_market_scraper.sh,reddit_pulse,.sh,1263,,RedditPulse/scripts/vps,run_market_scraper.sh,2026-04-26T11:25:52.623390+00:00
RedditPulse/scripts/vps/scraper.env.example,reddit_pulse,.example,1793,,RedditPulse/scripts/vps,scraper.env.example,2026-04-26T11:25:52.625388+00:00
RedditPulse/scripts/vps/verify_runtime.sh,reddit_pulse,.sh,2585,,RedditPulse/scripts/vps,verify_runtime.sh,2026-04-26T11:25:52.627388+00:00
RedditPulse/test_config.json,reddit_pulse,.json,372,1,RedditPulse,test_config.json,2026-04-26T11:25:52.639381+00:00
RedditPulse/test_vps_reddit.py,reddit_pulse,.py,3409,96,RedditPulse,test_vps_reddit.py,2026-04-26T11:25:52.641380+00:00
RedditPulse/tests/conftest.py,reddit_pulse,.py,6772,183,RedditPulse/tests,conftest.py,2026-04-26T11:25:52.643379+00:00
RedditPulse/tests/test_ai_gateway.py,reddit_pulse,.py,744,22,RedditPulse/tests,test_ai_gateway.py,2026-04-26T11:25:52.643379+00:00
RedditPulse/tests/test_market_editorial.py,reddit_pulse,.py,13258,314,RedditPulse/tests,test_market_editorial.py,2026-04-26T11:25:52.644378+00:00
RedditPulse/tests/test_pipeline.py,reddit_pulse,.py,56716,1330,RedditPulse/tests,test_pipeline.py,2026-04-26T11:25:52.646377+00:00
RedditPulse/validate_idea.py,reddit_pulse,.py,274355,5985,RedditPulse,validate_idea.py,2026-04-26T11:25:52.652638+00:00
RedditPulse/verify_deploy.py,reddit_pulse,.py,1220,34,RedditPulse,verify_deploy.py,2026-04-26T11:25:52.652924+00:00
agent-lab/AGENT_LAB_PLAN.md,agent_lab,.md,28448,621,agent-lab,AGENT_LAB_PLAN.md,2026-06-06T19:09:52.047050+00:00
agent-lab/README.md,agent_lab,.md,7948,148,agent-lab,README.md,2026-06-06T19:10:04.877513+00:00
agent-lab/adapters/README.md,agent_lab,.md,540,16,agent-lab/adapters,README.md,2026-04-26T11:25:52.658922+00:00
agent-lab/adapters/hermes_skill_adapter/README.md,agent_lab,.md,266,12,agent-lab/adapters/hermes_skill_adapter,README.md,2026-04-26T11:25:52.660921+00:00
agent-lab/adapters/jarvis_sidecar_adapter/README.md,agent_lab,.md,323,16,agent-lab/adapters/jarvis_sidecar_adapter,README.md,2026-04-26T11:25:52.662920+00:00
agent-lab/adapters/local_model_router/README.md,agent_lab,.md,321,13,agent-lab/adapters/local_model_router,README.md,2026-04-26T11:25:52.663918+00:00
agent-lab/adapters/openclaw_adapter/README.md,agent_lab,.md,289,15,agent-lab/adapters/openclaw_adapter,README.md,2026-04-26T11:25:52.664918+00:00
agent-lab/audits/AGENT_COMPARISON_MATRIX.md,agent_lab,.md,8269,64,agent-lab/audits,AGENT_COMPARISON_MATRIX.md,2026-06-06T19:09:52.043301+00:00
agent-lab/audits/AGENT_FORENSICS_PROTOCOL.md,agent_lab,.md,6381,272,agent-lab/audits,AGENT_FORENSICS_PROTOCOL.md,2026-04-26T13:15:59.884719+00:00
agent-lab/audits/CAPABILITY_MATRIX.md,agent_lab,.md,6408,30,agent-lab/audits,CAPABILITY_MATRIX.md,2026-04-26T11:25:52.666917+00:00
agent-lab/audits/FAILURE_MODES.md,agent_lab,.md,14364,307,agent-lab/audits,FAILURE_MODES.md,2026-04-26T11:25:52.667916+00:00
agent-lab/audits/REUSE_STRATEGY.md,agent_lab,.md,1840,64,agent-lab/audits,REUSE_STRATEGY.md,2026-04-26T11:25:52.671916+00:00
agent-lab/audits/SENTINEL_AGENT_LOOP_SPEC.md,agent_lab,.md,3138,101,agent-lab/audits,SENTINEL_AGENT_LOOP_SPEC.md,2026-04-26T15:13:53.217472+00:00
agent-lab/audits/SENTINEL_AUTONOMY_ENGINE_SPEC.md,agent_lab,.md,5856,257,agent-lab/audits,SENTINEL_AUTONOMY_ENGINE_SPEC.md,2026-04-26T20:29:20.323647+00:00
agent-lab/audits/SENTINEL_BROWSER_SPEC.md,agent_lab,.md,2041,74,agent-lab/audits,SENTINEL_BROWSER_SPEC.md,2026-04-26T15:15:40.197272+00:00
agent-lab/audits/SENTINEL_CHANNEL_SPEC.md,agent_lab,.md,1665,64,agent-lab/audits,SENTINEL_CHANNEL_SPEC.md,2026-04-26T15:15:40.227514+00:00
agent-lab/audits/SENTINEL_COST_ROUTER_SPEC.md,agent_lab,.md,3085,109,agent-lab/audits,SENTINEL_COST_ROUTER_SPEC.md,2026-04-26T15:15:40.135776+00:00
agent-lab/audits/SENTINEL_EVAL_ROADMAP.md,agent_lab,.md,2765,113,agent-lab/audits,SENTINEL_EVAL_ROADMAP.md,2026-04-26T15:15:40.251046+00:00
agent-lab/audits/SENTINEL_MEMORY_SPEC.md,agent_lab,.md,3091,119,agent-lab/audits,SENTINEL_MEMORY_SPEC.md,2026-04-26T15:15:40.065696+00:00
agent-lab/audits/SENTINEL_MISSION_AUTHORITY_SPEC.md,agent_lab,.md,7050,304,agent-lab/audits,SENTINEL_MISSION_AUTHORITY_SPEC.md,2026-04-26T20:29:20.322647+00:00
agent-lab/audits/SENTINEL_MISSION_UI_FLOW.md,agent_lab,.md,4586,288,agent-lab/audits,SENTINEL_MISSION_UI_FLOW.md,2026-04-26T20:29:20.327161+00:00
agent-lab/audits/SENTINEL_POWER_MODE_SPEC.md,agent_lab,.md,8097,334,agent-lab/audits,SENTINEL_POWER_MODE_SPEC.md,2026-04-26T20:30:59.943283+00:00
agent-lab/audits/SENTINEL_REWRITE_PRINCIPLES.md,agent_lab,.md,3820,85,agent-lab/audits,SENTINEL_REWRITE_PRINCIPLES.md,2026-04-26T13:15:59.892570+00:00
agent-lab/audits/SENTINEL_RUNTIME_CAPABILITY_ROADMAP.md,agent_lab,.md,5555,95,agent-lab/audits,SENTINEL_RUNTIME_CAPABILITY_ROADMAP.md,2026-04-26T20:31:16.506375+00:00
agent-lab/audits/SENTINEL_SIDECAR_SPEC.md,agent_lab,.md,2916,120,agent-lab/audits,SENTINEL_SIDECAR_SPEC.md,2026-04-26T15:15:40.165759+00:00
agent-lab/audits/SENTINEL_SKILL_SPEC.md,agent_lab,.md,2656,109,agent-lab/audits,SENTINEL_SKILL_SPEC.md,2026-04-26T15:15:40.099319+00:00
agent-lab/audits/SENTINEL_SUPER_AGENT_BLUEPRINT.md,agent_lab,.md,6002,198,agent-lab/audits,SENTINEL_SUPER_AGENT_BLUEPRINT.md,2026-04-26T20:31:30.417044+00:00
agent-lab/audits/SUPERPOWER_EXTRACTION_TABLE.md,agent_lab,.md,6738,18,agent-lab/audits,SUPERPOWER_EXTRACTION_TABLE.md,2026-04-26T13:15:59.889574+00:00
agent-lab/audits/SUPER_AGENT_GENOME.md,agent_lab,.md,5479,47,agent-lab/audits,SUPER_AGENT_GENOME.md,2026-04-26T13:15:59.886577+00:00
agent-lab/audits/TRENDING_AGENT_ADMISSION_MATRIX_2026_06_06.md,agent_lab,.md,5011,63,agent-lab/audits,TRENDING_AGENT_ADMISSION_MATRIX_2026_06_06.md,2026-06-06T19:09:26.078249+00:00
agent-lab/audits/VENDOR_FAILURE_INDEX.md,agent_lab,.md,6852,23,agent-lab/audits,VENDOR_FAILURE_INDEX.md,2026-04-26T13:15:59.891570+00:00
agent-lab/audits/agentmemory_static_memory_audit.md,agent_lab,.md,20138,532,agent-lab/audits,agentmemory_static_memory_audit.md,2026-05-19T11:12:26.785190+00:00
agent-lab/audits/audits.zip,agent_lab,.zip,53659,,agent-lab/audits,audits.zip,2026-04-26T13:35:43.125216+00:00
agent-lab/audits/final/2026-06-06_agent_lab_vendor_refresh_delta_report.md,agent_lab,.md,8631,258,agent-lab/audits/final,2026-06-06_agent_lab_vendor_refresh_delta_report.md,2026-06-06T19:09:26.078249+00:00
agent-lab/audits/final/2026-06-06_sentinel_competitive_power_delta_and_roadmap.md,agent_lab,.md,10892,255,agent-lab/audits/final,2026-06-06_sentinel_competitive_power_delta_and_roadmap.md,2026-06-06T19:09:52.045305+00:00
agent-lab/audits/final/g10_sentinel_architecture.md,agent_lab,.md,11507,505,agent-lab/audits/final,g10_sentinel_architecture.md,2026-04-26T15:13:53.131461+00:00
agent-lab/audits/final/g11_debate_verdict_aggressive_control.md,agent_lab,.md,13065,434,agent-lab/audits/final,g11_debate_verdict_aggressive_control.md,2026-04-26T19:00:35.624210+00:00
agent-lab/audits/final/g12_mission_authority_kernel_verdict.md,agent_lab,.md,10539,362,agent-lab/audits/final,g12_mission_authority_kernel_verdict.md,2026-04-26T20:29:20.321648+00:00
agent-lab/audits/final/g9_cross_agent_synthesis.md,agent_lab,.md,27757,606,agent-lab/audits/final,g9_cross_agent_synthesis.md,2026-04-26T15:08:17.308222+00:00
agent-lab/audits/final/hermes_final_forensic_report.md,agent_lab,.md,56980,1170,agent-lab/audits/final,hermes_final_forensic_report.md,2026-04-26T14:18:35.437404+00:00
agent-lab/audits/final/jarvis_final_forensic_report.md,agent_lab,.md,65721,866,agent-lab/audits/final,jarvis_final_forensic_report.md,2026-04-26T14:59:52.865933+00:00
agent-lab/audits/final/openclaw_final_forensic_report.md,agent_lab,.md,52463,837,agent-lab/audits/final,openclaw_final_forensic_report.md,2026-04-26T13:57:35.435915+00:00
agent-lab/audits/final/openjarvis_final_forensic_report.md,agent_lab,.md,58477,1338,agent-lab/audits/final,openjarvis_final_forensic_report.md,2026-04-26T14:40:23.319121+00:00
agent-lab/audits/hermes_algorithm_map.md,agent_lab,.md,5358,231,agent-lab/audits,hermes_algorithm_map.md,2026-04-26T13:25:03.485905+00:00
agent-lab/audits/hermes_failure_modes.md,agent_lab,.md,2408,23,agent-lab/audits,hermes_failure_modes.md,2026-04-26T13:25:03.498895+00:00
agent-lab/audits/hermes_learning_map.md,agent_lab,.md,779,23,agent-lab/audits,hermes_learning_map.md,2026-04-26T11:25:52.672915+00:00
agent-lab/audits/hermes_memory_map.md,agent_lab,.md,3652,126,agent-lab/audits,hermes_memory_map.md,2026-04-26T13:25:03.496897+00:00
agent-lab/audits/hermes_prompt_map.md,agent_lab,.md,3771,50,agent-lab/audits,hermes_prompt_map.md,2026-04-26T13:25:03.491901+00:00
agent-lab/audits/hermes_skill_map.md,agent_lab,.md,3555,108,agent-lab/audits,hermes_skill_map.md,2026-04-26T13:25:03.498895+00:00
agent-lab/audits/hermes_static_audit.md,agent_lab,.md,5315,66,agent-lab/audits,hermes_static_audit.md,2026-04-26T13:25:03.467916+00:00
agent-lab/audits/jarvis_desktop_awareness_map.md,agent_lab,.md,2947,94,agent-lab/audits,jarvis_desktop_awareness_map.md,2026-04-26T13:25:03.520882+00:00
agent-lab/audits/jarvis_desktop_capability_map.md,agent_lab,.md,2986,70,agent-lab/audits,jarvis_desktop_capability_map.md,2026-05-09T18:16:05.527766+00:00
agent-lab/audits/jarvis_desktop_map.md,agent_lab,.md,802,23,agent-lab/audits,jarvis_desktop_map.md,2026-04-26T11:25:52.673914+00:00
agent-lab/audits/jarvis_desktop_static_audit.md,agent_lab,.md,4264,199,agent-lab/audits,jarvis_desktop_static_audit.md,2026-05-09T18:16:05.497953+00:00
agent-lab/audits/jarvis_failure_modes.md,agent_lab,.md,2546,25,agent-lab/audits,jarvis_failure_modes.md,2026-04-26T13:25:03.524886+00:00
agent-lab/audits/jarvis_permission_map.md,agent_lab,.md,2683,125,agent-lab/audits,jarvis_permission_map.md,2026-04-26T13:25:03.522879+00:00
agent-lab/audits/jarvis_sidecar_map.md,agent_lab,.md,3892,142,agent-lab/audits,jarvis_sidecar_map.md,2026-04-26T13:25:03.519882+00:00
agent-lab/audits/jarvis_static_audit.md,agent_lab,.md,3630,57,agent-lab/audits,jarvis_static_audit.md,2026-04-26T13:25:03.518882+00:00
agent-lab/audits/openclaw_capability_map.md,agent_lab,.md,2707,45,agent-lab/audits,openclaw_capability_map.md,2026-04-26T11:25:52.674914+00:00
agent-lab/audits/openclaw_dependency_audit.md,agent_lab,.md,7975,251,agent-lab/audits,openclaw_dependency_audit.md,2026-04-26T11:25:52.675913+00:00
agent-lab/audits/openclaw_scanner_report.json,agent_lab,.json,100064,3874,agent-lab/audits,openclaw_scanner_report.json,2026-04-26T11:40:09.360054+00:00
agent-lab/audits/openclaw_scanner_report.md,agent_lab,.md,8821,132,agent-lab/audits,openclaw_scanner_report.md,2026-04-26T11:40:09.363054+00:00
agent-lab/audits/openclaw_static_audit.md,agent_lab,.md,19422,405,agent-lab/audits,openclaw_static_audit.md,2026-04-26T11:25:52.679910+00:00
agent-lab/audits/openjarvis_algorithm_map.md,agent_lab,.md,4010,174,agent-lab/audits,openjarvis_algorithm_map.md,2026-04-26T13:25:03.504891+00:00
agent-lab/audits/openjarvis_cost_router_map.md,agent_lab,.md,2852,60,agent-lab/audits,openjarvis_cost_router_map.md,2026-04-26T13:25:03.506893+00:00
agent-lab/audits/openjarvis_failure_modes.md,agent_lab,.md,2095,22,agent-lab/audits,openjarvis_failure_modes.md,2026-04-26T13:25:03.509888+00:00
agent-lab/audits/openjarvis_skill_import_map.md,agent_lab,.md,2376,80,agent-lab/audits,openjarvis_skill_import_map.md,2026-04-26T13:25:03.508889+00:00
agent-lab/audits/openjarvis_static_audit.md,agent_lab,.md,3688,62,agent-lab/audits,openjarvis_static_audit.md,2026-04-26T13:25:03.503891+00:00
agent-lab/audits/tradingagents_capability_map.md,agent_lab,.md,2343,39,agent-lab/audits,tradingagents_capability_map.md,2026-05-09T12:34:22.152360+00:00
agent-lab/audits/tradingagents_static_audit.md,agent_lab,.md,3064,117,agent-lab/audits,tradingagents_static_audit.md,2026-05-09T12:34:22.133713+00:00
agent-lab/audits/vendor_clone_checks.md,agent_lab,.md,9888,162,agent-lab/audits,vendor_clone_checks.md,2026-06-06T19:10:04.878519+00:00
agent-lab/benchmarks/BENCHMARK_PLAN.md,agent_lab,.md,3047,89,agent-lab/benchmarks,BENCHMARK_PLAN.md,2026-04-26T11:44:14.463895+00:00
agent-lab/benchmarks/browser_peer_campaign/p4g_neutral_runner.py,agent_lab,.py,10643,261,agent-lab/benchmarks/browser_peer_campaign,p4g_neutral_runner.py,2026-04-29T23:49:01.186210+00:00
agent-lab/benchmarks/browser_peer_campaign/p4g_r_container_runner.py,agent_lab,.py,10107,274,agent-lab/benchmarks/browser_peer_campaign,p4g_r_container_runner.py,2026-04-30T00:06:38.602775+00:00
agent-lab/benchmarks/browser_peer_campaign/reports/p4g_comparison_summary.json,agent_lab,.json,842,16,agent-lab/benchmarks/browser_peer_campaign/reports,p4g_comparison_summary.json,2026-04-29T23:49:49.194366+00:00
agent-lab/benchmarks/browser_peer_campaign/reports/p4g_neutral_campaign_report.md,agent_lab,.md,1003,28,agent-lab/benchmarks/browser_peer_campaign/reports,p4g_neutral_campaign_report.md,2026-04-29T23:49:49.195365+00:00
agent-lab/benchmarks/browser_peer_campaign/reports/p4g_openclaw_real_results.jsonl,agent_lab,.jsonl,15882,13,agent-lab/benchmarks/browser_peer_campaign/reports,p4g_openclaw_real_results.jsonl,2026-04-29T23:49:49.193366+00:00
agent-lab/benchmarks/browser_peer_campaign/reports/p4g_r_container_report.md,agent_lab,.md,971,28,agent-lab/benchmarks/browser_peer_campaign/reports,p4g_r_container_report.md,2026-05-01T13:04:35.476688+00:00
agent-lab/benchmarks/browser_peer_campaign/reports/p4g_r_container_summary.json,agent_lab,.json,914,17,agent-lab/benchmarks/browser_peer_campaign/reports,p4g_r_container_summary.json,2026-05-01T13:04:35.475688+00:00
agent-lab/benchmarks/browser_peer_campaign/reports/p4g_r_openclaw_container_results.jsonl,agent_lab,.jsonl,20120,13,agent-lab/benchmarks/browser_peer_campaign/reports,p4g_r_openclaw_container_results.jsonl,2026-05-01T13:04:35.474148+00:00
agent-lab/benchmarks/browser_peer_campaign/reports/p4g_sentinel_results.jsonl,agent_lab,.jsonl,11716,13,agent-lab/benchmarks/browser_peer_campaign/reports,p4g_sentinel_results.jsonl,2026-04-29T23:49:49.190372+00:00
agent-lab/benchmarks/browser_peer_campaign/test_p4g_neutral_runner.py,agent_lab,.py,1361,38,agent-lab/benchmarks/browser_peer_campaign,test_p4g_neutral_runner.py,2026-04-29T23:49:13.792885+00:00
agent-lab/benchmarks/browser_peer_campaign/test_p4g_r_container_runner.py,agent_lab,.py,1504,43,agent-lab/benchmarks/browser_peer_campaign,test_p4g_r_container_runner.py,2026-04-30T00:06:49.502027+00:00
agent-lab/benchmarks/browser_tasks/README.md,agent_lab,.md,2907,108,agent-lab/benchmarks/browser_tasks,README.md,2026-05-01T13:18:48.651086+00:00
agent-lab/benchmarks/browser_tasks/browser_fluency_live_runner.py,agent_lab,.py,64460,1416,agent-lab/benchmarks/browser_tasks,browser_fluency_live_runner.py,2026-05-01T13:12:38.985226+00:00
agent-lab/benchmarks/browser_tasks/browser_fluency_missions.json,agent_lab,.json,15130,151,agent-lab/benchmarks/browser_tasks,browser_fluency_missions.json,2026-04-30T00:22:15.387186+00:00
agent-lab/benchmarks/browser_tasks/browser_fluency_runner.py,agent_lab,.py,21456,624,agent-lab/benchmarks/browser_tasks,browser_fluency_runner.py,2026-04-30T00:58:57.199437+00:00
agent-lab/benchmarks/browser_tasks/browser_operator_cross_class_runner.py,agent_lab,.py,62390,1432,agent-lab/benchmarks/browser_tasks,browser_operator_cross_class_runner.py,2026-04-30T15:20:02.205490+00:00
agent-lab/benchmarks/browser_tasks/browser_operator_hardening_runner.py,agent_lab,.py,40118,929,agent-lab/benchmarks/browser_tasks,browser_operator_hardening_runner.py,2026-04-30T15:19:41.879997+00:00
agent-lab/benchmarks/browser_tasks/browser_operator_live_long_horizon_runner.py,agent_lab,.py,29584,621,agent-lab/benchmarks/browser_tasks,browser_operator_live_long_horizon_runner.py,2026-05-01T12:29:03.570631+00:00
agent-lab/benchmarks/browser_tasks/browser_operator_long_horizon_runner.py,agent_lab,.py,50401,1148,agent-lab/benchmarks/browser_tasks,browser_operator_long_horizon_runner.py,2026-04-30T15:15:11.311887+00:00
agent-lab/benchmarks/browser_tasks/browser_operator_open_web_like_hardening_runner.py,agent_lab,.py,31333,670,agent-lab/benchmarks/browser_tasks,browser_operator_open_web_like_hardening_runner.py,2026-05-01T13:20:50.921321+00:00
agent-lab/benchmarks/browser_tasks/browser_operator_trial_runner.py,agent_lab,.py,36422,880,agent-lab/benchmarks/browser_tasks,browser_operator_trial_runner.py,2026-04-30T15:19:32.229040+00:00
agent-lab/benchmarks/browser_tasks/browser_visual_engine_runner.py,agent_lab,.py,29581,749,agent-lab/benchmarks/browser_tasks,browser_visual_engine_runner.py,2026-04-30T11:49:50.841352+00:00
agent-lab/benchmarks/browser_tasks/reports/browser_fluency_depth_results.jsonl,agent_lab,.jsonl,65303,72,agent-lab/benchmarks/browser_tasks/reports,browser_fluency_depth_results.jsonl,2026-04-30T00:59:39.325794+00:00
agent-lab/benchmarks/browser_tasks/reports/browser_fluency_depth_scorecard.json,agent_lab,.json,5281,183,agent-lab/benchmarks/browser_tasks/reports,browser_fluency_depth_scorecard.json,2026-04-30T00:59:39.327800+00:00
agent-lab/benchmarks/browser_tasks/reports/browser_fluency_depth_scorecard.md,agent_lab,.md,1161,46,agent-lab/benchmarks/browser_tasks/reports,browser_fluency_depth_scorecard.md,2026-04-30T00:59:39.328800+00:00
agent-lab/benchmarks/browser_tasks/reports/browser_fluency_first_results.jsonl,agent_lab,.jsonl,63791,72,agent-lab/benchmarks/browser_tasks/reports,browser_fluency_first_results.jsonl,2026-04-30T00:32:47.996453+00:00
agent-lab/benchmarks/browser_tasks/reports/browser_fluency_first_scorecard.json,agent_lab,.json,5300,183,agent-lab/benchmarks/browser_tasks/reports,browser_fluency_first_scorecard.json,2026-04-30T00:32:47.996453+00:00
agent-lab/benchmarks/browser_tasks/reports/browser_fluency_first_scorecard.md,agent_lab,.md,1181,46,agent-lab/benchmarks/browser_tasks/reports,browser_fluency_first_scorecard.md,2026-04-30T00:32:48.006480+00:00
agent-lab/benchmarks/browser_tasks/reports/browser_fluency_full_results.jsonl,agent_lab,.jsonl,65235,72,agent-lab/benchmarks/browser_tasks/reports,browser_fluency_full_results.jsonl,2026-04-30T00:49:35.738294+00:00
agent-lab/benchmarks/browser_tasks/reports/browser_fluency_full_scorecard.json,agent_lab,.json,5317,183,agent-lab/benchmarks/browser_tasks/reports,browser_fluency_full_scorecard.json,2026-04-30T00:49:35.740808+00:00
agent-lab/benchmarks/browser_tasks/reports/browser_fluency_full_scorecard.md,agent_lab,.md,1180,46,agent-lab/benchmarks/browser_tasks/reports,browser_fluency_full_scorecard.md,2026-04-30T00:49:35.741822+00:00
agent-lab/benchmarks/browser_tasks/reports/browser_fluency_live_full_results.jsonl,agent_lab,.jsonl,1897228,2160,agent-lab/benchmarks/browser_tasks/reports,browser_fluency_live_full_results.jsonl,2026-04-30T11:12:06.995670+00:00
agent-lab/benchmarks/browser_tasks/reports/browser_fluency_live_full_scorecard.json,agent_lab,.json,38962,1356,agent-lab/benchmarks/browser_tasks/reports,browser_fluency_live_full_scorecard.json,2026-04-30T11:12:06.995670+00:00
agent-lab/benchmarks/browser_tasks/reports/browser_fluency_live_full_scorecard.md,agent_lab,.md,6132,111,agent-lab/benchmarks/browser_tasks/reports,browser_fluency_live_full_scorecard.md,2026-04-30T11:12:06.998701+00:00
agent-lab/benchmarks/browser_tasks/reports/browser_fluency_live_results.jsonl,agent_lab,.jsonl,323690,360,agent-lab/benchmarks/browser_tasks/reports,browser_fluency_live_results.jsonl,2026-04-30T01:15:16.471271+00:00
agent-lab/benchmarks/browser_tasks/reports/browser_fluency_live_scorecard.json,agent_lab,.json,9362,336,agent-lab/benchmarks/browser_tasks/reports,browser_fluency_live_scorecard.json,2026-04-30T01:15:16.471271+00:00
agent-lab/benchmarks/browser_tasks/reports/browser_fluency_live_scorecard.md,agent_lab,.md,1993,51,agent-lab/benchmarks/browser_tasks/reports,browser_fluency_live_scorecard.md,2026-04-30T01:15:16.471271+00:00
agent-lab/benchmarks/browser_tasks/reports/browser_operator_hardening_results.jsonl,agent_lab,.jsonl,181913,240,agent-lab/benchmarks/browser_tasks/reports,browser_operator_hardening_results.jsonl,2026-04-30T13:50:16.038308+00:00
agent-lab/benchmarks/browser_tasks/reports/browser_operator_hardening_scorecard.json,agent_lab,.json,4659,151,agent-lab/benchmarks/browser_tasks/reports,browser_operator_hardening_scorecard.json,2026-04-30T13:50:16.040306+00:00
agent-lab/benchmarks/browser_tasks/reports/browser_operator_hardening_scorecard.md,agent_lab,.md,1519,37,agent-lab/benchmarks/browser_tasks/reports,browser_operator_hardening_scorecard.md,2026-04-30T13:50:16.041306+00:00
agent-lab/benchmarks/browser_tasks/reports/browser_operator_live_long_horizon_results.jsonl,agent_lab,.jsonl,317671,300,agent-lab/benchmarks/browser_tasks/reports,browser_operator_live_long_horizon_results.jsonl,2026-05-01T12:25:56.532444+00:00
agent-lab/benchmarks/browser_tasks/reports/browser_operator_live_long_horizon_scorecard.json,agent_lab,.json,9907,303,agent-lab/benchmarks/browser_tasks/reports,browser_operator_live_long_horizon_scorecard.json,2026-05-01T12:25:56.536819+00:00
agent-lab/benchmarks/browser_tasks/reports/browser_operator_live_long_horizon_scorecard.md,agent_lab,.md,2023,46,agent-lab/benchmarks/browser_tasks/reports,browser_operator_live_long_horizon_scorecard.md,2026-05-01T12:25:56.536819+00:00
agent-lab/benchmarks/browser_tasks/reports/browser_operator_long_horizon_results.jsonl,agent_lab,.jsonl,259932,300,agent-lab/benchmarks/browser_tasks/reports,browser_operator_long_horizon_results.jsonl,2026-04-30T15:16:51.286455+00:00
agent-lab/benchmarks/browser_tasks/reports/browser_operator_long_horizon_scorecard.json,agent_lab,.json,7342,236,agent-lab/benchmarks/browser_tasks/reports,browser_operator_long_horizon_scorecard.json,2026-04-30T15:16:51.287452+00:00
agent-lab/benchmarks/browser_tasks/reports/browser_operator_long_horizon_scorecard.md,agent_lab,.md,1824,42,agent-lab/benchmarks/browser_tasks/reports,browser_operator_long_horizon_scorecard.md,2026-04-30T15:16:51.289451+00:00
agent-lab/benchmarks/browser_tasks/reports/browser_operator_open_web_like_results.jsonl,agent_lab,.jsonl,333921,300,agent-lab/benchmarks/browser_tasks/reports,browser_operator_open_web_like_results.jsonl,2026-05-01T13:22:12.762964+00:00
agent-lab/benchmarks/browser_tasks/reports/browser_operator_open_web_like_scorecard.json,agent_lab,.json,10093,305,agent-lab/benchmarks/browser_tasks/reports,browser_operator_open_web_like_scorecard.json,2026-05-01T13:22:12.765024+00:00
agent-lab/benchmarks/browser_tasks/reports/browser_operator_open_web_like_scorecard.md,agent_lab,.md,2080,44,agent-lab/benchmarks/browser_tasks/reports,browser_operator_open_web_like_scorecard.md,2026-05-01T13:22:12.765024+00:00
agent-lab/benchmarks/browser_tasks/reports/browser_operator_trial_results.jsonl,agent_lab,.jsonl,131958,180,agent-lab/benchmarks/browser_tasks/reports,browser_operator_trial_results.jsonl,2026-04-30T13:26:51.044317+00:00
agent-lab/benchmarks/browser_tasks/reports/browser_operator_trial_scorecard.json,agent_lab,.json,3411,113,agent-lab/benchmarks/browser_tasks/reports,browser_operator_trial_scorecard.json,2026-04-30T13:26:51.046318+00:00
agent-lab/benchmarks/browser_tasks/reports/browser_operator_trial_scorecard.md,agent_lab,.md,1207,34,agent-lab/benchmarks/browser_tasks/reports,browser_operator_trial_scorecard.md,2026-04-30T13:26:51.047318+00:00
agent-lab/benchmarks/browser_tasks/reports/browser_v3_action_routing_results.jsonl,agent_lab,.jsonl,228883,300,agent-lab/benchmarks/browser_tasks/reports,browser_v3_action_routing_results.jsonl,2026-04-30T14:15:23.007722+00:00
agent-lab/benchmarks/browser_tasks/reports/browser_v3_action_routing_scorecard.json,agent_lab,.json,5186,171,agent-lab/benchmarks/browser_tasks/reports,browser_v3_action_routing_scorecard.json,2026-04-30T14:15:23.009721+00:00
agent-lab/benchmarks/browser_tasks/reports/browser_v3_action_routing_scorecard.md,agent_lab,.md,1673,39,agent-lab/benchmarks/browser_tasks/reports,browser_v3_action_routing_scorecard.md,2026-04-30T14:15:23.011719+00:00
agent-lab/benchmarks/browser_tasks/reports/browser_visual_engine_results.jsonl,agent_lab,.jsonl,205916,180,agent-lab/benchmarks/browser_tasks/reports,browser_visual_engine_results.jsonl,2026-04-30T11:53:51.178248+00:00
agent-lab/benchmarks/browser_tasks/reports/browser_visual_engine_scorecard.json,agent_lab,.json,2846,102,agent-lab/benchmarks/browser_tasks/reports,browser_visual_engine_scorecard.json,2026-04-30T11:53:51.180233+00:00
agent-lab/benchmarks/browser_tasks/reports/browser_visual_engine_scorecard.md,agent_lab,.md,1001,34,agent-lab/benchmarks/browser_tasks/reports,browser_visual_engine_scorecard.md,2026-04-30T11:53:51.182231+00:00
agent-lab/benchmarks/browser_tasks/reports/p4h_aa_smoke/browser_v3_action_routing_results.jsonl,agent_lab,.jsonl,7623,10,agent-lab/benchmarks/browser_tasks/reports/p4h_aa_smoke,browser_v3_action_routing_results.jsonl,2026-04-30T14:14:02.411290+00:00
agent-lab/benchmarks/browser_tasks/reports/p4h_aa_smoke/browser_v3_action_routing_scorecard.json,agent_lab,.json,5162,171,agent-lab/benchmarks/browser_tasks/reports/p4h_aa_smoke,browser_v3_action_routing_scorecard.json,2026-04-30T14:14:02.413306+00:00
agent-lab/benchmarks/browser_tasks/reports/p4h_aa_smoke/browser_v3_action_routing_scorecard.md,agent_lab,.md,1661,39,agent-lab/benchmarks/browser_tasks/reports/p4h_aa_smoke,browser_v3_action_routing_scorecard.md,2026-04-30T14:14:02.413306+00:00
agent-lab/benchmarks/browser_tasks/test_browser_fluency_depth_scorecard.py,agent_lab,.py,2662,86,agent-lab/benchmarks/browser_tasks,test_browser_fluency_depth_scorecard.py,2026-04-30T00:59:16.212750+00:00
agent-lab/benchmarks/browser_tasks/test_browser_fluency_full_live_runner.py,agent_lab,.py,2831,77,agent-lab/benchmarks/browser_tasks,test_browser_fluency_full_live_runner.py,2026-04-30T11:11:13.248480+00:00
agent-lab/benchmarks/browser_tasks/test_browser_fluency_hardened_scorecard.py,agent_lab,.py,2285,64,agent-lab/benchmarks/browser_tasks,test_browser_fluency_hardened_scorecard.py,2026-04-30T00:48:50.082910+00:00
agent-lab/benchmarks/browser_tasks/test_browser_fluency_live_runner.py,agent_lab,.py,2570,77,agent-lab/benchmarks/browser_tasks,test_browser_fluency_live_runner.py,2026-04-30T01:14:24.406707+00:00
agent-lab/benchmarks/browser_tasks/test_browser_fluency_mission_catalog.py,agent_lab,.py,1654,46,agent-lab/benchmarks/browser_tasks,test_browser_fluency_mission_catalog.py,2026-04-30T00:22:15.388185+00:00
agent-lab/benchmarks/browser_tasks/test_browser_fluency_runner.py,agent_lab,.py,2734,71,agent-lab/benchmarks/browser_tasks,test_browser_fluency_runner.py,2026-04-30T00:32:23.428025+00:00
agent-lab/benchmarks/browser_tasks/test_browser_operator_cross_class_runner.py,agent_lab,.py,2976,78,agent-lab/benchmarks/browser_tasks,test_browser_operator_cross_class_runner.py,2026-04-30T15:21:03.958405+00:00
agent-lab/benchmarks/browser_tasks/test_browser_operator_hardening_runner.py,agent_lab,.py,3696,91,agent-lab/benchmarks/browser_tasks,test_browser_operator_hardening_runner.py,2026-04-30T15:20:48.287378+00:00
agent-lab/benchmarks/browser_tasks/test_browser_operator_live_long_horizon_runner.py,agent_lab,.py,4564,108,agent-lab/benchmarks/browser_tasks,test_browser_operator_live_long_horizon_runner.py,2026-05-01T12:21:37.301720+00:00
agent-lab/benchmarks/browser_tasks/test_browser_operator_long_horizon_runner.py,agent_lab,.py,4148,102,agent-lab/benchmarks/browser_tasks,test_browser_operator_long_horizon_runner.py,2026-04-30T15:16:10.672108+00:00
agent-lab/benchmarks/browser_tasks/test_browser_operator_open_web_like_hardening_runner.py,agent_lab,.py,4157,99,agent-lab/benchmarks/browser_tasks,test_browser_operator_open_web_like_hardening_runner.py,2026-05-01T13:16:10.430445+00:00
agent-lab/benchmarks/browser_tasks/test_browser_operator_trial_runner.py,agent_lab,.py,3559,92,agent-lab/benchmarks/browser_tasks,test_browser_operator_trial_runner.py,2026-04-30T15:20:33.871397+00:00
agent-lab/benchmarks/browser_tasks/test_browser_visual_engine_runner.py,agent_lab,.py,2165,59,agent-lab/benchmarks/browser_tasks,test_browser_visual_engine_runner.py,2026-04-30T11:50:23.875200+00:00
agent-lab/benchmarks/email_tasks/README.md,agent_lab,.md,329,22,agent-lab/benchmarks/email_tasks,README.md,2026-04-26T11:25:52.696901+00:00
agent-lab/benchmarks/file_tasks/README.md,agent_lab,.md,237,14,agent-lab/benchmarks/file_tasks,README.md,2026-04-26T11:25:52.698901+00:00
agent-lab/benchmarks/gtm_tasks/README.md,agent_lab,.md,409,14,agent-lab/benchmarks/gtm_tasks,README.md,2026-04-26T11:25:52.701185+00:00
agent-lab/benchmarks/memory_tasks/README.md,agent_lab,.md,242,10,agent-lab/benchmarks/memory_tasks,README.md,2026-04-26T11:25:52.702186+00:00
agent-lab/benchmarks/openclaw_fake_runtime/benchmark_runner.py,agent_lab,.py,9766,277,agent-lab/benchmarks/openclaw_fake_runtime,benchmark_runner.py,2026-04-26T11:42:55.025133+00:00
agent-lab/benchmarks/openclaw_fake_runtime/expected_results.json,agent_lab,.json,1927,56,agent-lab/benchmarks/openclaw_fake_runtime,expected_results.json,2026-04-26T11:43:22.170912+00:00
agent-lab/benchmarks/openclaw_fake_runtime/fake_channel_messages.jsonl,agent_lab,.jsonl,1050,5,agent-lab/benchmarks/openclaw_fake_runtime,fake_channel_messages.jsonl,2026-04-26T11:42:55.012453+00:00
agent-lab/benchmarks/openclaw_fake_runtime/fake_plugin_manifests/send_message_plugin.json,agent_lab,.json,306,8,agent-lab/benchmarks/openclaw_fake_runtime/fake_plugin_manifests,send_message_plugin.json,2026-04-26T11:42:55.014631+00:00
agent-lab/benchmarks/openclaw_fake_runtime/fake_skills/memory-policy/SKILL.md,agent_lab,.md,258,11,agent-lab/benchmarks/openclaw_fake_runtime/fake_skills/memory-policy,SKILL.md,2026-04-26T11:42:55.023139+00:00
agent-lab/benchmarks/openclaw_fake_runtime/fake_skills/onepassword/SKILL.md,agent_lab,.md,171,11,agent-lab/benchmarks/openclaw_fake_runtime/fake_skills/onepassword,SKILL.md,2026-04-26T11:42:55.018137+00:00
agent-lab/benchmarks/openclaw_fake_runtime/fake_skills/package-install/SKILL.md,agent_lab,.md,182,11,agent-lab/benchmarks/openclaw_fake_runtime/fake_skills/package-install,SKILL.md,2026-04-26T11:42:55.017139+00:00
agent-lab/benchmarks/openclaw_fake_runtime/reports/openclaw_fake_benchmark_report.md,agent_lab,.md,1878,40,agent-lab/benchmarks/openclaw_fake_runtime/reports,openclaw_fake_benchmark_report.md,2026-04-26T12:37:52.512809+00:00
agent-lab/benchmarks/sandbox_workspace/README.md,agent_lab,.md,240,5,agent-lab/benchmarks/sandbox_workspace,README.md,2026-04-26T11:25:52.704184+00:00
agent-lab/benchmarks/security_tasks/README.md,agent_lab,.md,317,13,agent-lab/benchmarks/security_tasks,README.md,2026-04-26T11:25:52.705185+00:00
agent-lab/module-harvest/browser/openclaw/BROWSER_SUPREMACY_ROADMAP.md,agent_lab,.md,2542,45,agent-lab/module-harvest/browser/openclaw,BROWSER_SUPREMACY_ROADMAP.md,2026-04-29T11:52:50.177359+00:00
agent-lab/module-harvest/browser/openclaw/OPENCLAW_BROWSER_DEPENDENCIES.md,agent_lab,.md,4035,76,agent-lab/module-harvest/browser/openclaw,OPENCLAW_BROWSER_DEPENDENCIES.md,2026-04-28T21:18:20.111724+00:00
agent-lab/module-harvest/browser/openclaw/OPENCLAW_BROWSER_ENTRYPOINTS.md,agent_lab,.md,6498,299,agent-lab/module-harvest/browser/openclaw,OPENCLAW_BROWSER_ENTRYPOINTS.md,2026-04-28T21:18:37.020751+00:00
agent-lab/module-harvest/browser/openclaw/OPENCLAW_BROWSER_EXTRACTION_MATRIX_DRAFT.md,agent_lab,.md,5842,61,agent-lab/module-harvest/browser/openclaw,OPENCLAW_BROWSER_EXTRACTION_MATRIX_DRAFT.md,2026-04-28T21:18:43.482906+00:00
agent-lab/module-harvest/browser/openclaw/OPENCLAW_BROWSER_FORENSIC_VERDICT.md,agent_lab,.md,2578,91,agent-lab/module-harvest/browser/openclaw,OPENCLAW_BROWSER_FORENSIC_VERDICT.md,2026-05-08T14:17:49.461186+00:00
agent-lab/module-harvest/browser/openclaw/OPENCLAW_BROWSER_HARVEST_PROTOCOL.md,agent_lab,.md,2475,88,agent-lab/module-harvest/browser/openclaw,OPENCLAW_BROWSER_HARVEST_PROTOCOL.md,2026-05-08T14:17:49.462189+00:00
agent-lab/module-harvest/browser/openclaw/OPENCLAW_BROWSER_INITIAL_SOURCE_MAP.md,agent_lab,.md,5017,209,agent-lab/module-harvest/browser/openclaw,OPENCLAW_BROWSER_INITIAL_SOURCE_MAP.md,2026-04-28T21:18:48.274225+00:00
agent-lab/module-harvest/browser/openclaw/OPENCLAW_BROWSER_POWER_FILES_MAP.md,agent_lab,.md,3980,52,agent-lab/module-harvest/browser/openclaw,OPENCLAW_BROWSER_POWER_FILES_MAP.md,2026-05-08T14:17:49.464189+00:00
agent-lab/module-harvest/browser/openclaw/OPENCLAW_BROWSER_SECURITY_MAP.md,agent_lab,.md,4941,242,agent-lab/module-harvest/browser/openclaw,OPENCLAW_BROWSER_SECURITY_MAP.md,2026-04-28T21:18:53.993277+00:00
agent-lab/module-harvest/browser/openclaw/OPENCLAW_BROWSER_TEST_MAP.md,agent_lab,.md,4697,152,agent-lab/module-harvest/browser/openclaw,OPENCLAW_BROWSER_TEST_MAP.md,2026-05-08T14:17:49.465190+00:00
agent-lab/module-harvest/browser/openclaw/P3C_OPENCLAW_PORT_MAP.md,agent_lab,.md,6304,84,agent-lab/module-harvest/browser/openclaw,P3C_OPENCLAW_PORT_MAP.md,2026-04-28T21:19:01.393150+00:00
agent-lab/module-harvest/browser/openclaw/P3D_EXTRACTION_PORT_PLAN.md,agent_lab,.md,1711,55,agent-lab/module-harvest/browser/openclaw,P3D_EXTRACTION_PORT_PLAN.md,2026-05-08T14:17:49.467188+00:00
agent-lab/module-harvest/browser/openclaw/P3D_OPENCLAW_EXTRACTION_PORT_MAP.md,agent_lab,.md,3026,47,agent-lab/module-harvest/browser/openclaw,P3D_OPENCLAW_EXTRACTION_PORT_MAP.md,2026-05-08T14:17:49.467865+00:00
agent-lab/module-harvest/browser/openclaw/P3E_OPENCLAW_SNAPSHOT_PORT_MAP.md,agent_lab,.md,3620,52,agent-lab/module-harvest/browser/openclaw,P3E_OPENCLAW_SNAPSHOT_PORT_MAP.md,2026-04-28T20:57:54.429874+00:00
agent-lab/module-harvest/browser/openclaw/P3E_SNAPSHOT_PORT_PLAN.md,agent_lab,.md,1263,46,agent-lab/module-harvest/browser/openclaw,P3E_SNAPSHOT_PORT_PLAN.md,2026-04-28T20:57:54.430874+00:00
agent-lab/module-harvest/browser/openclaw/P3F_OBSERVABILITY_PORT_PLAN.md,agent_lab,.md,2056,65,agent-lab/module-harvest/browser/openclaw,P3F_OBSERVABILITY_PORT_PLAN.md,2026-04-28T21:20:34.463866+00:00
agent-lab/module-harvest/browser/openclaw/P3F_OPENCLAW_OBSERVABILITY_PORT_MAP.md,agent_lab,.md,5146,73,agent-lab/module-harvest/browser/openclaw,P3F_OPENCLAW_OBSERVABILITY_PORT_MAP.md,2026-04-28T21:24:32.789592+00:00
agent-lab/module-harvest/browser/openclaw/P3G_OPENCLAW_INTERACTION_DRY_RUN_PORT_MAP.md,agent_lab,.md,3979,78,agent-lab/module-harvest/browser/openclaw,P3G_OPENCLAW_INTERACTION_DRY_RUN_PORT_MAP.md,2026-04-28T21:46:14.917979+00:00
agent-lab/module-harvest/browser/openclaw/P3H_OPENCLAW_LIMITED_INTERACTION_PORT_MAP.md,agent_lab,.md,3527,54,agent-lab/module-harvest/browser/openclaw,P3H_OPENCLAW_LIMITED_INTERACTION_PORT_MAP.md,2026-04-29T07:51:48.318970+00:00
agent-lab/module-harvest/browser/openclaw/P3I_OPENCLAW_PUBLIC_LIFECYCLE_PORT_MAP.md,agent_lab,.md,3322,64,agent-lab/module-harvest/browser/openclaw,P3I_OPENCLAW_PUBLIC_LIFECYCLE_PORT_MAP.md,2026-04-29T08:13:09.999319+00:00
agent-lab/module-harvest/browser/openclaw/P3J_OPENCLAW_ARTIFACT_QUALITY_PORT_MAP.md,agent_lab,.md,3656,68,agent-lab/module-harvest/browser/openclaw,P3J_OPENCLAW_ARTIFACT_QUALITY_PORT_MAP.md,2026-04-29T08:43:54.714084+00:00
agent-lab/module-harvest/browser/openclaw/P3K_OPENCLAW_RELIABILITY_PORT_MAP.md,agent_lab,.md,3410,78,agent-lab/module-harvest/browser/openclaw,P3K_OPENCLAW_RELIABILITY_PORT_MAP.md,2026-04-29T09:09:31.917016+00:00
agent-lab/module-harvest/browser/openclaw/P3N_BROWSER_FINAL_SUPREMACY_REVIEW.md,agent_lab,.md,11203,164,agent-lab/module-harvest/browser/openclaw,P3N_BROWSER_FINAL_SUPREMACY_REVIEW.md,2026-04-29T09:15:26.986051+00:00
agent-lab/module-harvest/browser/openclaw/README.md,agent_lab,.md,2838,58,agent-lab/module-harvest/browser/openclaw,README.md,2026-04-28T20:54:58.806093+00:00
agent-lab/module-harvest/browser/openclaw/SENTINEL_BROWSER_CAPABILITY_CONTRACT_DRAFT.md,agent_lab,.md,2969,130,agent-lab/module-harvest/browser/openclaw,SENTINEL_BROWSER_CAPABILITY_CONTRACT_DRAFT.md,2026-05-08T14:17:49.472873+00:00
agent-lab/module-harvest/browser/openclaw/SENTINEL_BROWSER_FAKE_EVAL_PLAN.md,agent_lab,.md,4438,80,agent-lab/module-harvest/browser/openclaw,SENTINEL_BROWSER_FAKE_EVAL_PLAN.md,2026-05-08T14:17:49.473825+00:00
agent-lab/module-harvest/browser/openclaw/SENTINEL_BROWSER_V1_OPENCLAW_GAP_ANALYSIS.md,agent_lab,.md,15724,334,agent-lab/module-harvest/browser/openclaw,SENTINEL_BROWSER_V1_OPENCLAW_GAP_ANALYSIS.md,2026-04-28T21:19:11.662680+00:00
agent-lab/module-harvest/browser/openclaw/power-files/src/agents/tools/browser-tool.schema.ts,agent_lab,.ts,3620,112,agent-lab/module-harvest/browser/openclaw/power-files/src/agents/tools,browser-tool.schema.ts,2026-04-26T11:39:44.574422+00:00
agent-lab/module-harvest/browser/openclaw/power-files/src/agents/tools/web-fetch-utils.ts,agent_lab,.ts,4225,122,agent-lab/module-harvest/browser/openclaw/power-files/src/agents/tools,web-fetch-utils.ts,2026-04-26T11:39:44.622445+00:00
agent-lab/module-harvest/browser/openclaw/power-files/src/agents/tools/web-tools.fetch.test.ts,agent_lab,.ts,13032,432,agent-lab/module-harvest/browser/openclaw/power-files/src/agents/tools,web-tools.fetch.test.ts,2026-04-26T11:39:44.641957+00:00
agent-lab/module-harvest/browser/openclaw/power-files/src/agents/tools/web-tools.readability.test.ts,agent_lab,.ts,1352,48,agent-lab/module-harvest/browser/openclaw/power-files/src/agents/tools,web-tools.readability.test.ts,2026-04-26T11:39:44.644953+00:00
agent-lab/module-harvest/browser/openclaw/power-files/src/browser/pw-role-snapshot.test.ts,agent_lab,.ts,3620,90,agent-lab/module-harvest/browser/openclaw/power-files/src/browser,pw-role-snapshot.test.ts,2026-04-26T11:39:45.133454+00:00
agent-lab/module-harvest/browser/openclaw/power-files/src/browser/pw-role-snapshot.ts,agent_lab,.ts,10195,427,agent-lab/module-harvest/browser/openclaw/power-files/src/browser,pw-role-snapshot.ts,2026-04-26T11:39:45.134454+00:00
agent-lab/module-harvest/browser/openclaw/power-files/src/browser/pw-session.ts,agent_lab,.ts,17747,629,agent-lab/module-harvest/browser/openclaw/power-files/src/browser,pw-session.ts,2026-04-26T11:39:45.138451+00:00
agent-lab/module-harvest/browser/openclaw/power-files/src/browser/pw-tools-core.interactions.ts,agent_lab,.ts,16639,546,agent-lab/module-harvest/browser/openclaw/power-files/src/browser,pw-tools-core.interactions.ts,2026-04-26T11:39:45.149991+00:00
agent-lab/module-harvest/browser/openclaw/power-files/src/browser/pw-tools-core.responses.ts,agent_lab,.ts,3262,123,agent-lab/module-harvest/browser/openclaw/power-files/src/browser,pw-tools-core.responses.ts,2026-04-26T11:39:45.151669+00:00
agent-lab/module-harvest/browser/openclaw/power-files/src/browser/pw-tools-core.snapshot.ts,agent_lab,.ts,6053,205,agent-lab/module-harvest/browser/openclaw/power-files/src/browser,pw-tools-core.snapshot.ts,2026-04-26T11:39:45.154665+00:00
agent-lab/module-harvest/browser/openclaw/power-files/src/browser/pw-tools-core.trace.ts,agent_lab,.ts,1159,37,agent-lab/module-harvest/browser/openclaw/power-files/src/browser,pw-tools-core.trace.ts,2026-04-26T11:39:45.157661+00:00
agent-lab/module-harvest/browser/openclaw/power-files/src/browser/routes/agent.act.ts,agent_lab,.ts,17975,541,agent-lab/module-harvest/browser/openclaw/power-files/src/browser/routes,agent.act.ts,2026-04-26T11:39:45.164657+00:00
agent-lab/module-harvest/browser/openclaw/power-files/src/browser/routes/agent.debug.ts,agent_lab,.ts,4953,151,agent-lab/module-harvest/browser/openclaw/power-files/src/browser/routes,agent.debug.ts,2026-04-26T11:39:45.165657+00:00
agent-lab/module-harvest/browser/openclaw/power-files/src/browser/screenshot.test.ts,agent_lab,.ts,1499,47,agent-lab/module-harvest/browser/openclaw/power-files/src/browser,screenshot.test.ts,2026-04-26T11:39:45.177650+00:00
agent-lab/module-harvest/browser/openclaw/power-files/src/browser/screenshot.ts,agent_lab,.ts,1943,57,agent-lab/module-harvest/browser/openclaw/power-files/src/browser,screenshot.ts,2026-04-26T11:39:45.179649+00:00
agent-lab/module-harvest/browser/openclaw/power-files/src/browser/server.agent-contract-form-layout-act-commands.test.ts,agent_lab,.ts,14530,480,agent-lab/module-harvest/browser/openclaw/power-files/src/browser,server.agent-contract-form-layout-act-commands.test.ts,2026-04-26T11:39:45.186644+00:00
agent-lab/module-harvest/browser/openclaw/power-files/src/gateway/protocol/schema/snapshot.ts,agent_lab,.ts,1817,57,agent-lab/module-harvest/browser/openclaw/power-files/src/gateway/protocol/schema,snapshot.ts,2026-04-26T11:39:46.724738+00:00
agent-lab/module-harvest/browser/openclaw/power-files/src/security/external-content.ts,agent_lab,.ts,8225,280,agent-lab/module-harvest/browser/openclaw/power-files/src/security,external-content.ts,2026-04-26T11:39:47.421300+00:00
agent-lab/research-archive/sentinel-control-docs/CODEX_TASKS.md,agent_lab,.md,8607,192,agent-lab/research-archive/sentinel-control-docs,CODEX_TASKS.md,2026-04-26T11:25:52.814984+00:00
agent-lab/research-archive/sentinel-control-docs/CORE_AUDIT_2026-04-26.md,agent_lab,.md,24186,495,agent-lab/research-archive/sentinel-control-docs,CORE_AUDIT_2026-04-26.md,2026-04-28T14:26:06.605130+00:00
agent-lab/research-archive/sentinel-control-docs/FULL_PROGRESS_REPORT.md,agent_lab,.md,16916,630,agent-lab/research-archive/sentinel-control-docs,FULL_PROGRESS_REPORT.md,2026-04-28T14:26:06.604616+00:00
agent-lab/research-archive/sentinel-control-docs/README.md,agent_lab,.md,281,7,agent-lab/research-archive/sentinel-control-docs,README.md,2026-05-08T14:17:49.481924+00:00
agent-lab/sentinel_integration_notes/SENTINEL_RUNTIME_BLUEPRINT.md,agent_lab,.md,2052,82,agent-lab/sentinel_integration_notes,SENTINEL_RUNTIME_BLUEPRINT.md,2026-04-26T11:25:52.707183+00:00
agent-lab/sentinel_integration_notes/agentmemory_to_sentinel.md,agent_lab,.md,5971,213,agent-lab/sentinel_integration_notes,agentmemory_to_sentinel.md,2026-05-19T11:12:26.786192+00:00
agent-lab/sentinel_integration_notes/hermes_to_sentinel.md,agent_lab,.md,2208,60,agent-lab/sentinel_integration_notes,hermes_to_sentinel.md,2026-04-26T13:25:03.501893+00:00
agent-lab/sentinel_integration_notes/jarvis_desktop_to_sentinel.md,agent_lab,.md,1798,79,agent-lab/sentinel_integration_notes,jarvis_desktop_to_sentinel.md,2026-05-09T18:16:05.553035+00:00
agent-lab/sentinel_integration_notes/jarvis_to_sentinel.md,agent_lab,.md,2299,85,agent-lab/sentinel_integration_notes,jarvis_to_sentinel.md,2026-04-26T13:25:03.527877+00:00
agent-lab/sentinel_integration_notes/openclaw_to_sentinel.md,agent_lab,.md,9517,273,agent-lab/sentinel_integration_notes,openclaw_to_sentinel.md,2026-04-26T11:25:52.708183+00:00
agent-lab/sentinel_integration_notes/openjarvis_to_sentinel.md,agent_lab,.md,2196,78,agent-lab/sentinel_integration_notes,openjarvis_to_sentinel.md,2026-04-26T13:25:03.511885+00:00
agent-lab/sentinel_integration_notes/tradingagents_to_sentinel.md,agent_lab,.md,1495,66,agent-lab/sentinel_integration_notes,tradingagents_to_sentinel.md,2026-05-09T12:34:22.163327+00:00
agent-lab/source-snapshots/README.md,agent_lab,.md,234,6,agent-lab/source-snapshots,README.md,2026-05-08T14:17:49.484523+00:00
agent-lab/source-snapshots/openclaw_git_tree.txt,agent_lab,.txt,4409121,1,agent-lab/source-snapshots,openclaw_git_tree.txt,2026-04-28T10:44:17.546681+00:00
agent-lab/tools/openclaw_static_scanner/README.md,agent_lab,.md,1007,31,agent-lab/tools/openclaw_static_scanner,README.md,2026-04-26T11:25:52.710190+00:00
agent-lab/tools/openclaw_static_scanner/__init__.py,agent_lab,.py,54,2,agent-lab/tools/openclaw_static_scanner,__init__.py,2026-04-26T11:25:52.710705+00:00
agent-lab/tools/openclaw_static_scanner/scanner.py,agent_lab,.py,24333,634,agent-lab/tools/openclaw_static_scanner,scanner.py,2026-04-26T11:25:52.711700+00:00
agent-lab/tools/openclaw_static_scanner/tests/fixtures/channel_plugin/extensions/channel/index.ts,agent_lab,.ts,232,7,agent-lab/tools/openclaw_static_scanner/tests/fixtures/channel_plugin/extensions/channel,index.ts,2026-04-26T11:25:52.716698+00:00
agent-lab/tools/openclaw_static_scanner/tests/fixtures/channel_plugin/extensions/channel/openclaw.plugin.json,agent_lab,.json,54,4,agent-lab/tools/openclaw_static_scanner/tests/fixtures/channel_plugin/extensions/channel,openclaw.plugin.json,2026-04-26T11:25:52.717697+00:00
agent-lab/tools/openclaw_static_scanner/tests/fixtures/env_secret_plugin/extensions/secret/index.ts,agent_lab,.ts,96,4,agent-lab/tools/openclaw_static_scanner/tests/fixtures/env_secret_plugin/extensions/secret,index.ts,2026-04-26T11:25:52.719695+00:00
agent-lab/tools/openclaw_static_scanner/tests/fixtures/env_secret_plugin/extensions/secret/openclaw.plugin.json,agent_lab,.json,24,3,agent-lab/tools/openclaw_static_scanner/tests/fixtures/env_secret_plugin/extensions/secret,openclaw.plugin.json,2026-04-26T11:25:52.720696+00:00
agent-lab/tools/openclaw_static_scanner/tests/fixtures/safe_plugin/extensions/safe/index.ts,agent_lab,.ts,82,3,agent-lab/tools/openclaw_static_scanner/tests/fixtures/safe_plugin/extensions/safe,index.ts,2026-04-26T11:25:52.723693+00:00
agent-lab/tools/openclaw_static_scanner/tests/fixtures/safe_plugin/extensions/safe/openclaw.plugin.json,agent_lab,.json,94,7,agent-lab/tools/openclaw_static_scanner/tests/fixtures/safe_plugin/extensions/safe,openclaw.plugin.json,2026-04-26T11:25:52.724694+00:00
agent-lab/tools/openclaw_static_scanner/tests/fixtures/shell_plugin/extensions/shell/index.ts,agent_lab,.ts,126,5,agent-lab/tools/openclaw_static_scanner/tests/fixtures/shell_plugin/extensions/shell,index.ts,2026-04-26T11:25:52.728690+00:00
agent-lab/tools/openclaw_static_scanner/tests/fixtures/shell_plugin/extensions/shell/openclaw.plugin.json,agent_lab,.json,23,3,agent-lab/tools/openclaw_static_scanner/tests/fixtures/shell_plugin/extensions/shell,openclaw.plugin.json,2026-04-26T11:25:52.728690+00:00
agent-lab/tools/openclaw_static_scanner/tests/fixtures/skill_injection/skills/prompt-injection/SKILL.md,agent_lab,.md,156,7,agent-lab/tools/openclaw_static_scanner/tests/fixtures/skill_injection/skills/prompt-injection,SKILL.md,2026-04-26T11:25:52.731690+00:00
agent-lab/tools/openclaw_static_scanner/tests/fixtures/skill_install/skills/package-install/SKILL.md,agent_lab,.md,151,7,agent-lab/tools/openclaw_static_scanner/tests/fixtures/skill_install/skills/package-install,SKILL.md,2026-04-26T11:25:52.734688+00:00
agent-lab/tools/openclaw_static_scanner/tests/fixtures/skill_secret/skills/onepassword/SKILL.md,agent_lab,.md,186,13,agent-lab/tools/openclaw_static_scanner/tests/fixtures/skill_secret/skills/onepassword,SKILL.md,2026-04-26T11:25:52.736687+00:00
agent-lab/tools/openclaw_static_scanner/tests/test_scanner.py,agent_lab,.py,6559,144,agent-lab/tools/openclaw_static_scanner/tests,test_scanner.py,2026-04-26T11:25:52.737686+00:00
agent-lab/vendors/README.md,agent_lab_vendors,.md,1845,35,agent-lab/vendors,README.md,2026-05-19T11:02:14.867959+00:00
agent-lab/vendors/agentmemory/README.md,agent_lab_vendors,.md,1381,43,agent-lab/vendors/agentmemory,README.md,2026-05-19T11:12:26.788189+00:00
agent-lab/vendors/hermes-agent/README.md,agent_lab_vendors,.md,378,15,agent-lab/vendors/hermes-agent,README.md,2026-04-26T11:25:52.740685+00:00
agent-lab/vendors/jarvis/README.md,agent_lab_vendors,.md,365,16,agent-lab/vendors/jarvis,README.md,2026-04-26T11:25:52.741685+00:00
agent-lab/vendors/openclaw/README.md,agent_lab_vendors,.md,664,33,agent-lab/vendors/openclaw,README.md,2026-04-26T11:25:52.743682+00:00
agent-lab/vendors/openjarvis/README.md,agent_lab_vendors,.md,363,14,agent-lab/vendors/openjarvis,README.md,2026-04-26T11:25:52.745681+00:00
agent-lab/vendors/tradingagents/README.md,agent_lab_vendors,.md,1137,51,agent-lab/vendors/tradingagents,README.md,2026-05-09T12:34:22.102268+00:00
gitignore,other,,1742,,.,.gitignore,2026-05-08T14:13:39.994509+00:00
sentinel-control/.gitignore,sentinel_control_other,,209,,sentinel-control,.gitignore,2026-04-26T11:25:52.747191+00:00
sentinel-control/README.md,sentinel_control_other,.md,2020,40,sentinel-control,README.md,2026-04-29T14:34:07.215632+00:00
sentinel-control/WORKSPACE_MAP.md,sentinel_control_other,.md,3294,88,sentinel-control,WORKSPACE_MAP.md,2026-04-28T14:31:35.753091+00:00
sentinel-control/apps/web/.env.example,sentinel_control_other,.example,261,,sentinel-control/apps/web,.env.example,2026-04-26T11:25:52.754255+00:00
sentinel-control/apps/web/app/api/cueidea/import/route.ts,sentinel_control_other,.ts,1850,45,sentinel-control/apps/web/app/api/cueidea/import,route.ts,2026-04-26T11:25:52.759283+00:00
sentinel-control/apps/web/app/api/missions/[missionId]/status/route.ts,sentinel_control_other,.ts,921,22,sentinel-control/apps/web/app/api/missions/[missionId]/status,route.ts,2026-04-26T21:39:40.459083+00:00
sentinel-control/apps/web/app/api/runs/[runId]/actions/[actionId]/approval/route.ts,sentinel_control_other,.ts,1351,36,sentinel-control/apps/web/app/api/runs/[runId]/actions/[actionId]/approval,route.ts,2026-04-26T11:25:52.763278+00:00
sentinel-control/apps/web/app/api/runs/[runId]/feedback/route.ts,sentinel_control_other,.ts,1778,46,sentinel-control/apps/web/app/api/runs/[runId]/feedback,route.ts,2026-04-26T11:25:52.764853+00:00
sentinel-control/apps/web/app/api/runs/[runId]/generate-pack/route.ts,sentinel_control_other,.ts,947,25,sentinel-control/apps/web/app/api/runs/[runId]/generate-pack,route.ts,2026-04-26T11:25:52.765850+00:00
sentinel-control/apps/web/app/api/runs/[runId]/paid-quote/route.ts,sentinel_control_other,.ts,810,23,sentinel-control/apps/web/app/api/runs/[runId]/paid-quote,route.ts,2026-04-26T11:25:52.767848+00:00
sentinel-control/apps/web/app/api/runs/[runId]/route.ts,sentinel_control_other,.ts,785,23,sentinel-control/apps/web/app/api/runs/[runId],route.ts,2026-04-26T11:25:52.767848+00:00
sentinel-control/apps/web/app/api/runs/[runId]/watchlist/[itemId]/route.ts,sentinel_control_other,.ts,1381,36,sentinel-control/apps/web/app/api/runs/[runId]/watchlist/[itemId],route.ts,2026-04-26T11:25:52.769848+00:00
sentinel-control/apps/web/app/api/runs/route.ts,sentinel_control_other,.ts,1672,45,sentinel-control/apps/web/app/api/runs,route.ts,2026-04-26T11:25:52.770847+00:00
sentinel-control/apps/web/app/dashboard/agents/[runId]/page.tsx,sentinel_control_other,.tsx,6871,149,sentinel-control/apps/web/app/dashboard/agents/[runId],page.tsx,2026-04-26T12:35:20.011364+00:00
sentinel-control/apps/web/app/dashboard/agents/page.tsx,sentinel_control_other,.tsx,277,9,sentinel-control/apps/web/app/dashboard/agents,page.tsx,2026-04-26T11:25:52.773846+00:00
sentinel-control/apps/web/app/dashboard/billing/page.tsx,sentinel_control_other,.tsx,3304,77,sentinel-control/apps/web/app/dashboard/billing,page.tsx,2026-04-26T11:25:52.775844+00:00
sentinel-control/apps/web/app/dashboard/cueidea/page.tsx,sentinel_control_other,.tsx,1492,32,sentinel-control/apps/web/app/dashboard/cueidea,page.tsx,2026-04-26T11:25:52.776845+00:00
sentinel-control/apps/web/app/dashboard/customers/page.tsx,sentinel_control_other,.tsx,2907,89,sentinel-control/apps/web/app/dashboard/customers,page.tsx,2026-04-26T11:25:52.777844+00:00
sentinel-control/apps/web/app/dashboard/evals/page.tsx,sentinel_control_other,.tsx,3434,81,sentinel-control/apps/web/app/dashboard/evals,page.tsx,2026-04-26T11:25:52.780841+00:00
sentinel-control/apps/web/app/dashboard/evidence/page.tsx,sentinel_control_other,.tsx,4076,96,sentinel-control/apps/web/app/dashboard/evidence,page.tsx,2026-04-26T11:25:52.782841+00:00
sentinel-control/apps/web/app/dashboard/execution/page.tsx,sentinel_control_other,.tsx,4282,95,sentinel-control/apps/web/app/dashboard/execution,page.tsx,2026-04-26T11:25:52.784671+00:00
sentinel-control/apps/web/app/dashboard/firewall/page.tsx,sentinel_control_other,.tsx,839,24,sentinel-control/apps/web/app/dashboard/firewall,page.tsx,2026-04-26T11:25:52.784671+00:00
sentinel-control/apps/web/app/dashboard/generated-projects/[id]/page.tsx,sentinel_control_other,.tsx,4308,85,sentinel-control/apps/web/app/dashboard/generated-projects/[id],page.tsx,2026-04-26T11:25:52.787670+00:00
sentinel-control/apps/web/app/dashboard/layout.tsx,sentinel_control_other,.tsx,402,15,sentinel-control/apps/web/app/dashboard,layout.tsx,2026-04-26T11:25:52.787670+00:00
sentinel-control/apps/web/app/dashboard/missions/[missionId]/page.tsx,sentinel_control_other,.tsx,9758,216,sentinel-control/apps/web/app/dashboard/missions/[missionId],page.tsx,2026-04-26T21:41:20.062358+00:00
sentinel-control/apps/web/app/dashboard/missions/page.tsx,sentinel_control_other,.tsx,5646,126,sentinel-control/apps/web/app/dashboard/missions,page.tsx,2026-04-26T21:40:32.549139+00:00
sentinel-control/apps/web/app/dashboard/page.tsx,sentinel_control_other,.tsx,6541,150,sentinel-control/apps/web/app/dashboard,page.tsx,2026-04-26T11:25:52.788669+00:00
sentinel-control/apps/web/app/dashboard/traces/page.tsx,sentinel_control_other,.tsx,6317,153,sentinel-control/apps/web/app/dashboard/traces,page.tsx,2026-04-26T11:25:52.790668+00:00
sentinel-control/apps/web/app/globals.css,sentinel_control_other,.css,26306,1424,sentinel-control/apps/web/app,globals.css,2026-04-26T11:25:52.792669+00:00
sentinel-control/apps/web/app/layout.tsx,sentinel_control_other,.tsx,417,16,sentinel-control/apps/web/app,layout.tsx,2026-04-26T11:25:52.793668+00:00
sentinel-control/apps/web/app/page.tsx,sentinel_control_other,.tsx,117,6,sentinel-control/apps/web/app,page.tsx,2026-04-26T11:25:52.795666+00:00
sentinel-control/apps/web/components/cueidea-import-panel.tsx,sentinel_control_other,.tsx,8903,213,sentinel-control/apps/web/components,cueidea-import-panel.tsx,2026-04-26T11:25:52.797179+00:00
sentinel-control/apps/web/components/feedback-controls.tsx,sentinel_control_other,.tsx,3101,90,sentinel-control/apps/web/components,feedback-controls.tsx,2026-04-26T11:25:52.798177+00:00
sentinel-control/apps/web/components/generate-pack-button.tsx,sentinel_control_other,.tsx,1500,45,sentinel-control/apps/web/components,generate-pack-button.tsx,2026-04-26T11:25:52.799246+00:00
sentinel-control/apps/web/components/interactive.tsx,sentinel_control_other,.tsx,12450,333,sentinel-control/apps/web/components,interactive.tsx,2026-04-26T11:25:52.800295+00:00
sentinel-control/apps/web/components/mission-controls.tsx,sentinel_control_other,.tsx,2441,61,sentinel-control/apps/web/components,mission-controls.tsx,2026-04-26T21:40:00.216500+00:00
sentinel-control/apps/web/components/paid-run-panel.tsx,sentinel_control_other,.tsx,2620,72,sentinel-control/apps/web/components,paid-run-panel.tsx,2026-04-26T11:25:52.800850+00:00
sentinel-control/apps/web/components/run-operator.tsx,sentinel_control_other,.tsx,8903,226,sentinel-control/apps/web/components,run-operator.tsx,2026-04-26T11:25:52.801802+00:00
sentinel-control/apps/web/components/shared.tsx,sentinel_control_other,.tsx,1291,53,sentinel-control/apps/web/components,shared.tsx,2026-04-26T11:25:52.801802+00:00
sentinel-control/apps/web/components/shell.tsx,sentinel_control_other,.tsx,4087,107,sentinel-control/apps/web/components,shell.tsx,2026-04-26T21:41:26.883076+00:00
sentinel-control/apps/web/components/ui.tsx,sentinel_control_other,.tsx,2283,87,sentinel-control/apps/web/components,ui.tsx,2026-04-26T11:25:52.803801+00:00
sentinel-control/apps/web/components/watchlist-panel.tsx,sentinel_control_other,.tsx,3591,90,sentinel-control/apps/web/components,watchlist-panel.tsx,2026-04-26T11:25:52.803801+00:00
sentinel-control/apps/web/lib/auth.ts,sentinel_control_other,.ts,2036,76,sentinel-control/apps/web/lib,auth.ts,2026-04-26T11:25:52.804801+00:00
sentinel-control/apps/web/lib/cueidea-import.ts,sentinel_control_other,.ts,8007,200,sentinel-control/apps/web/lib,cueidea-import.ts,2026-04-26T12:05:43.155041+00:00
sentinel-control/apps/web/lib/demo-data.ts,sentinel_control_other,.ts,11463,315,sentinel-control/apps/web/lib,demo-data.ts,2026-04-26T11:25:52.806800+00:00
sentinel-control/apps/web/lib/eval-results.ts,sentinel_control_other,.ts,2928,76,sentinel-control/apps/web/lib,eval-results.ts,2026-04-26T11:25:52.808953+00:00
sentinel-control/apps/web/lib/mission-store.ts,sentinel_control_other,.ts,10626,288,sentinel-control/apps/web/lib,mission-store.ts,2026-04-26T21:39:25.696939+00:00
sentinel-control/apps/web/lib/run-store.ts,sentinel_control_other,.ts,58618,1536,sentinel-control/apps/web/lib,run-store.ts,2026-04-26T12:35:53.946159+00:00
sentinel-control/apps/web/lib/types.ts,sentinel_control_other,.ts,9297,379,sentinel-control/apps/web/lib,types.ts,2026-04-26T21:38:25.071629+00:00
sentinel-control/apps/web/next-env.d.ts,sentinel_control_other,.ts,257,6,sentinel-control/apps/web,next-env.d.ts,2026-04-26T21:44:59.703509+00:00
sentinel-control/apps/web/next.config.mjs,sentinel_control_other,.mjs,151,,sentinel-control/apps/web,next.config.mjs,2026-04-26T11:25:52.811459+00:00
sentinel-control/apps/web/package-lock.json,sentinel_control_other,.json,33761,986,sentinel-control/apps/web,package-lock.json,2026-04-26T12:22:17.360595+00:00
sentinel-control/apps/web/package.json,sentinel_control_other,.json,479,24,sentinel-control/apps/web,package.json,2026-04-26T11:25:52.812460+00:00
sentinel-control/apps/web/tsconfig.json,sentinel_control_other,.json,761,42,sentinel-control/apps/web,tsconfig.json,2026-04-26T11:25:52.812460+00:00
sentinel-control/docs/AGENTLAB_VS_SENTINEL_LLM_BACKEND_MATRIX.md,sentinel_docs,.md,6421,138,sentinel-control/docs,AGENTLAB_VS_SENTINEL_LLM_BACKEND_MATRIX.md,2026-05-18T12:53:28.175578+00:00
sentinel-control/docs/BRAIN_LLM_MODEL_BACKEND_ALIGNMENT_REVIEW.md,sentinel_docs,.md,6819,246,sentinel-control/docs,BRAIN_LLM_MODEL_BACKEND_ALIGNMENT_REVIEW.md,2026-05-18T12:53:28.178581+00:00
sentinel-control/docs/CURRENT_STATE_LOCK.md,sentinel_docs,.md,275547,6943,sentinel-control/docs,CURRENT_STATE_LOCK.md,2026-06-14T22:31:47.918324+00:00
sentinel-control/docs/LLM_BACKED_DECISION_CYCLE_IMPLEMENTATION_LOG.md,sentinel_docs,.md,21219,336,sentinel-control/docs,LLM_BACKED_DECISION_CYCLE_IMPLEMENTATION_LOG.md,2026-05-18T12:53:20.117080+00:00
sentinel-control/docs/NVIDIA_MINIMAX_PROVIDER_DIAGNOSTIC_AUDIT.md,sentinel_docs,.md,3160,112,sentinel-control/docs,NVIDIA_MINIMAX_PROVIDER_DIAGNOSTIC_AUDIT.md,2026-05-18T12:53:50.661889+00:00
sentinel-control/docs/NVIDIA_MINIMAX_PROVIDER_READINESS_AUDIT.md,sentinel_docs,.md,3104,126,sentinel-control/docs,NVIDIA_MINIMAX_PROVIDER_READINESS_AUDIT.md,2026-05-18T12:53:50.663896+00:00
sentinel-control/docs/OPENROUTER_DEEPSEEK_PROVIDER_READINESS_AUDIT.md,sentinel_docs,.md,12164,408,sentinel-control/docs,OPENROUTER_DEEPSEEK_PROVIDER_READINESS_AUDIT.md,2026-05-18T12:54:47.452620+00:00
sentinel-control/docs/PERFORMANCE_RUNTIME_A_F_HANDOFF.md,sentinel_docs,.md,4769,170,sentinel-control/docs,PERFORMANCE_RUNTIME_A_F_HANDOFF.md,2026-05-16T14:47:19.033659+00:00
sentinel-control/docs/PHASE_F_COMPLETION_REVIEW.md,sentinel_docs,.md,17338,621,sentinel-control/docs,PHASE_F_COMPLETION_REVIEW.md,2026-05-16T22:01:16.698161+00:00
sentinel-control/docs/POST_CLEANUP_HANDOFF.md,sentinel_docs,.md,7750,274,sentinel-control/docs,POST_CLEANUP_HANDOFF.md,2026-05-16T21:57:05.392963+00:00
sentinel-control/docs/POST_PHASE_F_DIRTY_TREE_REPORT.md,sentinel_docs,.md,13144,220,sentinel-control/docs,POST_PHASE_F_DIRTY_TREE_REPORT.md,2026-05-16T14:48:28.754583+00:00
sentinel-control/docs/P_C_KEY_RUNTIME_CLOSURE_IMPLEMENTATION_LOG.md,sentinel_docs,.md,244595,1753,sentinel-control/docs,P_C_KEY_RUNTIME_CLOSURE_IMPLEMENTATION_LOG.md,2026-05-17T13:29:16.596196+00:00
sentinel-control/docs/README.md,sentinel_docs,.md,1609,37,sentinel-control/docs,README.md,2026-04-28T14:30:28.090111+00:00
sentinel-control/docs/REAL_MODEL_BACKEND_PACK_A_GO_NOGO.md,sentinel_docs,.md,5544,209,sentinel-control/docs,REAL_MODEL_BACKEND_PACK_A_GO_NOGO.md,2026-05-18T12:53:28.182580+00:00
sentinel-control/docs/REAL_MODEL_BACKEND_PRE_IMPLEMENTATION_AUDIT.md,sentinel_docs,.md,7461,235,sentinel-control/docs,REAL_MODEL_BACKEND_PRE_IMPLEMENTATION_AUDIT.md,2026-05-18T12:54:47.449619+00:00
sentinel-control/docs/REAL_MODEL_EXECUTION_BACKEND_IMPLEMENTATION_LOG.md,sentinel_docs,.md,10642,332,sentinel-control/docs,REAL_MODEL_EXECUTION_BACKEND_IMPLEMENTATION_LOG.md,2026-05-18T21:32:09.289997+00:00
sentinel-control/docs/REAL_MODEL_PROVIDER_ADAPTERS_LOCK_REVIEW.md,sentinel_docs,.md,5650,201,sentinel-control/docs,REAL_MODEL_PROVIDER_ADAPTERS_LOCK_REVIEW.md,2026-05-18T19:44:19.859379+00:00
sentinel-control/docs/REAL_MODEL_PROVIDER_TEST_PROBLEM_REPORT.md,sentinel_docs,.md,9801,368,sentinel-control/docs,REAL_MODEL_PROVIDER_TEST_PROBLEM_REPORT.md,2026-05-18T12:53:50.669892+00:00
sentinel-control/docs/actuators/POWER_ACTUATOR_FABRIC_WAVE_1_SPEC.md,sentinel_docs,.md,12707,570,sentinel-control/docs/actuators,POWER_ACTUATOR_FABRIC_WAVE_1_SPEC.md,2026-06-05T14:49:07.121590+00:00
sentinel-control/docs/architecture/AGENT_FOUNDRY_DIRECTION.md,sentinel_docs,.md,6714,213,sentinel-control/docs/architecture,AGENT_FOUNDRY_DIRECTION.md,2026-04-28T14:30:28.098693+00:00
sentinel-control/docs/architecture/README.md,sentinel_docs,.md,475,14,sentinel-control/docs/architecture,README.md,2026-05-08T14:17:49.494172+00:00
sentinel-control/docs/architecture/SENTINEL_AGENT_IMPLEMENTATION_ROADMAP.md,sentinel_docs,.md,9422,409,sentinel-control/docs/architecture,SENTINEL_AGENT_IMPLEMENTATION_ROADMAP.md,2026-04-28T14:26:06.606124+00:00
sentinel-control/docs/architecture/SENTINEL_AGENT_MASTER_ARCHITECTURE.md,sentinel_docs,.md,23950,972,sentinel-control/docs/architecture,SENTINEL_AGENT_MASTER_ARCHITECTURE.md,2026-04-26T20:40:06.440372+00:00
sentinel-control/docs/architecture/SENTINEL_A_TO_Z_LOCK/00_README_PROJECT_COMPASS.md,sentinel_docs,.md,1457,59,sentinel-control/docs/architecture/SENTINEL_A_TO_Z_LOCK,00_README_PROJECT_COMPASS.md,2026-05-08T13:46:19.786803+00:00
sentinel-control/docs/architecture/SENTINEL_A_TO_Z_LOCK/01_ORIGIN_AND_NORTH_STAR.md,sentinel_docs,.md,1205,55,sentinel-control/docs/architecture/SENTINEL_A_TO_Z_LOCK,01_ORIGIN_AND_NORTH_STAR.md,2026-05-08T13:46:19.812083+00:00
sentinel-control/docs/architecture/SENTINEL_A_TO_Z_LOCK/02_AGENT_LAB_FORENSIC_EVIDENCE_INDEX.md,sentinel_docs,.md,1650,39,sentinel-control/docs/architecture/SENTINEL_A_TO_Z_LOCK,02_AGENT_LAB_FORENSIC_EVIDENCE_INDEX.md,2026-05-08T13:46:19.829272+00:00
sentinel-control/docs/architecture/SENTINEL_A_TO_Z_LOCK/03_POWER_HARVEST_MAP.md,sentinel_docs,.md,2226,29,sentinel-control/docs/architecture/SENTINEL_A_TO_Z_LOCK,03_POWER_HARVEST_MAP.md,2026-05-08T13:46:19.844682+00:00
sentinel-control/docs/architecture/SENTINEL_A_TO_Z_LOCK/04_COMPARATIVE_ARCHITECTURE_ANALYSIS.md,sentinel_docs,.md,1761,32,sentinel-control/docs/architecture/SENTINEL_A_TO_Z_LOCK,04_COMPARATIVE_ARCHITECTURE_ANALYSIS.md,2026-05-08T13:46:19.862223+00:00
sentinel-control/docs/architecture/SENTINEL_A_TO_Z_LOCK/05_TRADEOFF_DECISION_LEDGER.md,sentinel_docs,.md,1322,41,sentinel-control/docs/architecture/SENTINEL_A_TO_Z_LOCK,05_TRADEOFF_DECISION_LEDGER.md,2026-05-08T13:46:19.879279+00:00
sentinel-control/docs/architecture/SENTINEL_A_TO_Z_LOCK/06_SENTINEL_SYSTEM_ARCHITECTURE_A_TO_Z.md,sentinel_docs,.md,1045,51,sentinel-control/docs/architecture/SENTINEL_A_TO_Z_LOCK,06_SENTINEL_SYSTEM_ARCHITECTURE_A_TO_Z.md,2026-05-08T13:46:19.895636+00:00
sentinel-control/docs/architecture/SENTINEL_A_TO_Z_LOCK/07_DIRECTORY_AND_FILE_BLUEPRINT.md,sentinel_docs,.md,2156,89,sentinel-control/docs/architecture/SENTINEL_A_TO_Z_LOCK,07_DIRECTORY_AND_FILE_BLUEPRINT.md,2026-05-08T13:46:19.915356+00:00
sentinel-control/docs/architecture/SENTINEL_A_TO_Z_LOCK/08_ADVISORY_TO_EXECUTABLE_PROMOTION_LADDER.md,sentinel_docs,.md,2232,104,sentinel-control/docs/architecture/SENTINEL_A_TO_Z_LOCK,08_ADVISORY_TO_EXECUTABLE_PROMOTION_LADDER.md,2026-05-09T00:24:08.510361+00:00
sentinel-control/docs/architecture/SENTINEL_A_TO_Z_LOCK/09_SIMULATION_AND_PREMORTEM_SCENARIOS.md,sentinel_docs,.md,2582,30,sentinel-control/docs/architecture/SENTINEL_A_TO_Z_LOCK,09_SIMULATION_AND_PREMORTEM_SCENARIOS.md,2026-05-08T13:46:19.972613+00:00
sentinel-control/docs/architecture/SENTINEL_A_TO_Z_LOCK/10_PRESERVATION_CONSTRAINTS.md,sentinel_docs,.md,1461,56,sentinel-control/docs/architecture/SENTINEL_A_TO_Z_LOCK,10_PRESERVATION_CONSTRAINTS.md,2026-05-09T00:24:08.510361+00:00
sentinel-control/docs/architecture/SENTINEL_A_TO_Z_LOCK/11_PHASE_ROADMAP_P6_TO_P10.md,sentinel_docs,.md,8244,57,sentinel-control/docs/architecture/SENTINEL_A_TO_Z_LOCK,11_PHASE_ROADMAP_P6_TO_P10.md,2026-05-10T12:42:02.204169+00:00
sentinel-control/docs/architecture/SENTINEL_A_TO_Z_LOCK/12_P6A_EXTERNAL_ORGAN_FOUNDRY_SPEC.md,sentinel_docs,.md,791,52,sentinel-control/docs/architecture/SENTINEL_A_TO_Z_LOCK,12_P6A_EXTERNAL_ORGAN_FOUNDRY_SPEC.md,2026-05-08T13:46:20.070804+00:00
sentinel-control/docs/architecture/SENTINEL_A_TO_Z_LOCK/13_ARCHITECTURE_LOCK_VERDICT.md,sentinel_docs,.md,747,30,sentinel-control/docs/architecture/SENTINEL_A_TO_Z_LOCK,13_ARCHITECTURE_LOCK_VERDICT.md,2026-05-08T13:46:20.093844+00:00
sentinel-control/docs/architecture/SENTINEL_A_TO_Z_LOCK/14_PRODUCT_WORKFLOW_MAP.md,sentinel_docs,.md,1573,65,sentinel-control/docs/architecture/SENTINEL_A_TO_Z_LOCK,14_PRODUCT_WORKFLOW_MAP.md,2026-05-08T13:46:20.111216+00:00
sentinel-control/docs/architecture/SENTINEL_A_TO_Z_LOCK/15_REPO_GOVERNANCE_AND_DIRTY_TREE_POLICY.md,sentinel_docs,.md,893,42,sentinel-control/docs/architecture/SENTINEL_A_TO_Z_LOCK,15_REPO_GOVERNANCE_AND_DIRTY_TREE_POLICY.md,2026-05-08T13:46:20.147613+00:00
sentinel-control/docs/architecture/SENTINEL_A_TO_Z_LOCK/16_FINANCIAL_SERVICES_HARVEST_MAP.md,sentinel_docs,.md,1358,65,sentinel-control/docs/architecture/SENTINEL_A_TO_Z_LOCK,16_FINANCIAL_SERVICES_HARVEST_MAP.md,2026-05-08T13:46:20.174552+00:00
sentinel-control/docs/architecture/SENTINEL_A_TO_Z_LOCK/17_CLOAK_BROWSER_POWER_REVIEW.md,sentinel_docs,.md,2758,115,sentinel-control/docs/architecture/SENTINEL_A_TO_Z_LOCK,17_CLOAK_BROWSER_POWER_REVIEW.md,2026-05-08T13:46:20.199821+00:00
sentinel-control/docs/architecture/SENTINEL_A_TO_Z_LOCK/18_SOURCE_RESEARCH_LEDGER.md,sentinel_docs,.md,1426,28,sentinel-control/docs/architecture/SENTINEL_A_TO_Z_LOCK,18_SOURCE_RESEARCH_LEDGER.md,2026-05-08T13:46:20.249833+00:00
sentinel-control/docs/archive/performance-runtime-cleanup/BASELINE_PLAN.md,sentinel_docs,.md,14344,401,sentinel-control/docs/archive/performance-runtime-cleanup,BASELINE_PLAN.md,2026-05-16T20:22:08.528072+00:00
sentinel-control/docs/archive/performance-runtime-cleanup/BASELINE_STAGE_PASS1_REPORT.md,sentinel_docs,.md,14460,380,sentinel-control/docs/archive/performance-runtime-cleanup,BASELINE_STAGE_PASS1_REPORT.md,2026-05-15T19:36:58.652849+00:00
sentinel-control/docs/archive/performance-runtime-cleanup/BASELINE_STAGE_PASS2_REPORT.md,sentinel_docs,.md,7693,298,sentinel-control/docs/archive/performance-runtime-cleanup,BASELINE_STAGE_PASS2_REPORT.md,2026-05-15T19:59:07.845623+00:00
sentinel-control/docs/archive/performance-runtime-cleanup/BASELINE_STAGING_AUDIT.md,sentinel_docs,.md,29646,429,sentinel-control/docs/archive/performance-runtime-cleanup,BASELINE_STAGING_AUDIT.md,2026-05-16T20:22:08.543669+00:00
sentinel-control/docs/archive/performance-runtime-cleanup/DIRTY_TREE_TRIAGE_PLAN.md,sentinel_docs,.md,25894,619,sentinel-control/docs/archive/performance-runtime-cleanup,DIRTY_TREE_TRIAGE_PLAN.md,2026-05-16T15:06:58.172139+00:00
sentinel-control/docs/archive/performance-runtime-cleanup/FINAL_GATE_CLEANUP_REVIEW.md,sentinel_docs,.md,16874,567,sentinel-control/docs/archive/performance-runtime-cleanup,FINAL_GATE_CLEANUP_REVIEW.md,2026-05-16T19:47:57.192587+00:00
sentinel-control/docs/archive/performance-runtime-cleanup/RESIDUAL_DIRTY_FILES_TRIAGE.md,sentinel_docs,.md,15499,457,sentinel-control/docs/archive/performance-runtime-cleanup,RESIDUAL_DIRTY_FILES_TRIAGE.md,2026-05-16T20:58:33.043642+00:00
sentinel-control/docs/audits/G12B_IMPLEMENTATION_AUDIT.md,sentinel_docs,.md,9237,204,sentinel-control/docs/audits,G12B_IMPLEMENTATION_AUDIT.md,2026-04-26T21:23:46.801119+00:00
sentinel-control/docs/audits/README.md,sentinel_docs,.md,647,18,sentinel-control/docs/audits,README.md,2026-04-28T14:31:35.749093+00:00
sentinel-control/docs/audits/SENTINEL_CORE_V1_CERTIFICATION.md,sentinel_docs,.md,2661,64,sentinel-control/docs/audits,SENTINEL_CORE_V1_CERTIFICATION.md,2026-05-08T14:17:49.496702+00:00
sentinel-control/docs/brain/BRAIN_ARCHITECTURE.md,sentinel_docs,.md,4082,113,sentinel-control/docs/brain,BRAIN_ARCHITECTURE.md,2026-04-28T21:21:23.475281+00:00
sentinel-control/docs/brain/BRAIN_AUTHORITY_POLICY.md,sentinel_docs,.md,3402,144,sentinel-control/docs/brain,BRAIN_AUTHORITY_POLICY.md,2026-04-28T21:23:00.432944+00:00
sentinel-control/docs/brain/BRAIN_EVAL_CERTIFICATION.md,sentinel_docs,.md,2782,101,sentinel-control/docs/brain,BRAIN_EVAL_CERTIFICATION.md,2026-04-28T21:22:08.054260+00:00
sentinel-control/docs/brain/BRAIN_EVENT_CATALOG.md,sentinel_docs,.md,30891,147,sentinel-control/docs/brain,BRAIN_EVENT_CATALOG.md,2026-04-29T11:47:37.089791+00:00
sentinel-control/docs/brain/BRAIN_EVIDENCE_RECEIPTS_FINAL_GATE.md,sentinel_docs,.md,3007,117,sentinel-control/docs/brain,BRAIN_EVIDENCE_RECEIPTS_FINAL_GATE.md,2026-04-28T21:21:28.924428+00:00
sentinel-control/docs/brain/BRAIN_LIMITS_NEXT_INTERFACES.md,sentinel_docs,.md,3883,138,sentinel-control/docs/brain,BRAIN_LIMITS_NEXT_INTERFACES.md,2026-04-28T18:07:20.669579+00:00
sentinel-control/docs/brain/BRAIN_LOCK_FINAL_REVIEW.md,sentinel_docs,.md,5385,97,sentinel-control/docs/brain,BRAIN_LOCK_FINAL_REVIEW.md,2026-04-29T08:15:57.768157+00:00
sentinel-control/docs/brain/BRAIN_PUBLIC_CONTRACT.md,sentinel_docs,.md,11604,176,sentinel-control/docs/brain,BRAIN_PUBLIC_CONTRACT.md,2026-04-29T11:56:06.965971+00:00
sentinel-control/docs/brain/BRAIN_REVIEW_MATRIX.md,sentinel_docs,.md,8735,60,sentinel-control/docs/brain,BRAIN_REVIEW_MATRIX.md,2026-04-29T09:06:07.095176+00:00
sentinel-control/docs/brain/BRAIN_RUNTIME_FLOW.md,sentinel_docs,.md,4763,178,sentinel-control/docs/brain,BRAIN_RUNTIME_FLOW.md,2026-04-28T21:22:22.049183+00:00
sentinel-control/docs/brain/BRAIN_STATE_EVENTS_REPLAY.md,sentinel_docs,.md,3243,141,sentinel-control/docs/brain,BRAIN_STATE_EVENTS_REPLAY.md,2026-04-28T21:22:47.635994+00:00
sentinel-control/docs/brain/P5A_BRAIN_L4_GAP_ANALYSIS.md,sentinel_docs,.md,4507,132,sentinel-control/docs/brain,P5A_BRAIN_L4_GAP_ANALYSIS.md,2026-05-07T10:09:59.317437+00:00
sentinel-control/docs/brain/P5A_BRAIN_L4_ROADMAP.md,sentinel_docs,.md,9432,418,sentinel-control/docs/brain,P5A_BRAIN_L4_ROADMAP.md,2026-05-07T14:23:12.793848+00:00
sentinel-control/docs/brain/P5A_LOCK_VERDICT.md,sentinel_docs,.md,2404,123,sentinel-control/docs/brain,P5A_LOCK_VERDICT.md,2026-05-07T10:16:21.235320+00:00
sentinel-control/docs/brain/P5A_MULTI_AGENT_BRAIN_ARCHITECTURE.md,sentinel_docs,.md,6000,195,sentinel-control/docs/brain,P5A_MULTI_AGENT_BRAIN_ARCHITECTURE.md,2026-05-07T10:10:16.699642+00:00
sentinel-control/docs/brain/P5A_SCIENCE_TO_SENTINEL_BRAIN_MAP.md,sentinel_docs,.md,4553,127,sentinel-control/docs/brain,P5A_SCIENCE_TO_SENTINEL_BRAIN_MAP.md,2026-05-07T10:10:30.176729+00:00
sentinel-control/docs/brain/P5B_LOCK_VERDICT.md,sentinel_docs,.md,1485,87,sentinel-control/docs/brain,P5B_LOCK_VERDICT.md,2026-05-07T10:34:08.898386+00:00
sentinel-control/docs/brain/P5B_MISSION_ENTROPY_SCORECARD.md,sentinel_docs,.md,1284,70,sentinel-control/docs/brain,P5B_MISSION_ENTROPY_SCORECARD.md,2026-05-07T10:34:08.872952+00:00
sentinel-control/docs/brain/P5C5_ENTROPY_BUDGET_MODEL.md,sentinel_docs,.md,2253,127,sentinel-control/docs/brain,P5C5_ENTROPY_BUDGET_MODEL.md,2026-05-07T13:59:57.336299+00:00
sentinel-control/docs/brain/P5C5_FIRST_PRINCIPLES_BRAIN_STACK.md,sentinel_docs,.md,3855,158,sentinel-control/docs/brain,P5C5_FIRST_PRINCIPLES_BRAIN_STACK.md,2026-05-07T13:59:57.321302+00:00
sentinel-control/docs/brain/P5C5_INFORMATION_THERMODYNAMICS_CONTRACT.md,sentinel_docs,.md,2784,118,sentinel-control/docs/brain,P5C5_INFORMATION_THERMODYNAMICS_CONTRACT.md,2026-05-07T13:59:57.323299+00:00
sentinel-control/docs/brain/P5C5_LOCK_VERDICT.md,sentinel_docs,.md,2174,107,sentinel-control/docs/brain,P5C5_LOCK_VERDICT.md,2026-05-07T14:00:17.634728+00:00
sentinel-control/docs/brain/P5C5_MATH_TO_ALGORITHM_TRANSLATION.md,sentinel_docs,.md,3072,96,sentinel-control/docs/brain,P5C5_MATH_TO_ALGORITHM_TRANSLATION.md,2026-05-07T13:59:57.337301+00:00
sentinel-control/docs/brain/P5C_AGENT_COUNT_SCORECARD.md,sentinel_docs,.md,1336,71,sentinel-control/docs/brain,P5C_AGENT_COUNT_SCORECARD.md,2026-05-07T10:47:05.185122+00:00
sentinel-control/docs/brain/P5C_LOCK_VERDICT.md,sentinel_docs,.md,1513,90,sentinel-control/docs/brain,P5C_LOCK_VERDICT.md,2026-05-07T10:47:05.213066+00:00
sentinel-control/docs/brain/P5D5_ADAPTIVE_OPERATING_ENVELOPE.md,sentinel_docs,.md,3340,163,sentinel-control/docs/brain,P5D5_ADAPTIVE_OPERATING_ENVELOPE.md,2026-05-07T14:23:12.788846+00:00
sentinel-control/docs/brain/P5D5_CAPITAL_OPERATOR_DOCTRINE.md,sentinel_docs,.md,4905,188,sentinel-control/docs/brain,P5D5_CAPITAL_OPERATOR_DOCTRINE.md,2026-05-07T14:23:12.788846+00:00
sentinel-control/docs/brain/P5D5_LOCK_VERDICT.md,sentinel_docs,.md,1970,80,sentinel-control/docs/brain,P5D5_LOCK_VERDICT.md,2026-05-07T14:23:12.790849+00:00
sentinel-control/docs/brain/P5D5_SIGNAL_RESPONSIVE_SPEND_POLICY.md,sentinel_docs,.md,3594,140,sentinel-control/docs/brain,P5D5_SIGNAL_RESPONSIVE_SPEND_POLICY.md,2026-05-07T14:23:12.789846+00:00
sentinel-control/docs/brain/P5D_AGENT_SOCIETY_SCORECARD.md,sentinel_docs,.md,2090,95,sentinel-control/docs/brain,P5D_AGENT_SOCIETY_SCORECARD.md,2026-05-07T14:07:21.220526+00:00
sentinel-control/docs/brain/P5D_LOCK_VERDICT.md,sentinel_docs,.md,2109,99,sentinel-control/docs/brain,P5D_LOCK_VERDICT.md,2026-05-07T14:07:21.221495+00:00
sentinel-control/docs/brain/P5E_LOCK_VERDICT.md,sentinel_docs,.md,2326,99,sentinel-control/docs/brain,P5E_LOCK_VERDICT.md,2026-05-07T14:32:03.104677+00:00
sentinel-control/docs/brain/P5E_MISSION_GLOBAL_WORKSPACE_SCORECARD.md,sentinel_docs,.md,2050,85,sentinel-control/docs/brain,P5E_MISSION_GLOBAL_WORKSPACE_SCORECARD.md,2026-05-07T14:32:03.104677+00:00
sentinel-control/docs/brain/P5F_BAYESIAN_BELIEF_STATE_SCORECARD.md,sentinel_docs,.md,1011,58,sentinel-control/docs/brain,P5F_BAYESIAN_BELIEF_STATE_SCORECARD.md,2026-05-07T14:42:12.617538+00:00
sentinel-control/docs/brain/P5F_LOCK_VERDICT.md,sentinel_docs,.md,1374,68,sentinel-control/docs/brain,P5F_LOCK_VERDICT.md,2026-05-07T14:42:12.619543+00:00
sentinel-control/docs/brain/P5G_ADAPTIVE_DEBATE_SPARSE_MOA_SCORECARD.md,sentinel_docs,.md,1083,62,sentinel-control/docs/brain,P5G_ADAPTIVE_DEBATE_SPARSE_MOA_SCORECARD.md,2026-05-07T14:45:28.471216+00:00
sentinel-control/docs/brain/P5G_LOCK_VERDICT.md,sentinel_docs,.md,1512,71,sentinel-control/docs/brain,P5G_LOCK_VERDICT.md,2026-05-07T14:45:28.472219+00:00
sentinel-control/docs/brain/P5H_EPISTEMIC_ACTION_EVALUATOR_SCORECARD.md,sentinel_docs,.md,1052,59,sentinel-control/docs/brain,P5H_EPISTEMIC_ACTION_EVALUATOR_SCORECARD.md,2026-05-07T14:49:06.337321+00:00
sentinel-control/docs/brain/P5H_LOCK_VERDICT.md,sentinel_docs,.md,1179,63,sentinel-control/docs/brain,P5H_LOCK_VERDICT.md,2026-05-07T14:49:06.339327+00:00
sentinel-control/docs/brain/P5I_LOCK_VERDICT.md,sentinel_docs,.md,1583,71,sentinel-control/docs/brain,P5I_LOCK_VERDICT.md,2026-05-07T14:53:46.731513+00:00
sentinel-control/docs/brain/P5I_RESOURCEFULNESS_ENGINE_SCORECARD.md,sentinel_docs,.md,1242,65,sentinel-control/docs/brain,P5I_RESOURCEFULNESS_ENGINE_SCORECARD.md,2026-05-07T14:53:46.728514+00:00
sentinel-control/docs/brain/P5J_LOCK_VERDICT.md,sentinel_docs,.md,1365,69,sentinel-control/docs/brain,P5J_LOCK_VERDICT.md,2026-05-07T14:57:43.563888+00:00
sentinel-control/docs/brain/P5J_SKILL_PROCEDURE_GRAPH_SCORECARD.md,sentinel_docs,.md,1033,58,sentinel-control/docs/brain,P5J_SKILL_PROCEDURE_GRAPH_SCORECARD.md,2026-05-07T14:57:43.562347+00:00
sentinel-control/docs/brain/P5K_BRAINBENCH_SCORECARD.md,sentinel_docs,.md,1768,78,sentinel-control/docs/brain,P5K_BRAINBENCH_SCORECARD.md,2026-05-07T15:04:47.549810+00:00
sentinel-control/docs/brain/P5K_LOCK_VERDICT.md,sentinel_docs,.md,1731,69,sentinel-control/docs/brain,P5K_LOCK_VERDICT.md,2026-05-07T15:04:47.550809+00:00
sentinel-control/docs/brain/P5L_BRAIN_L4_INTEGRATED_REVIEW.md,sentinel_docs,.md,3764,112,sentinel-control/docs/brain,P5L_BRAIN_L4_INTEGRATED_REVIEW.md,2026-05-07T15:20:40.577739+00:00
sentinel-control/docs/brain/P5L_LOCK_VERDICT.md,sentinel_docs,.md,2582,79,sentinel-control/docs/brain,P5L_LOCK_VERDICT.md,2026-05-07T15:20:40.581274+00:00
sentinel-control/docs/brain/P5L_PREMORTEM_HARDENING_SCORECARD.md,sentinel_docs,.md,3263,75,sentinel-control/docs/brain,P5L_PREMORTEM_HARDENING_SCORECARD.md,2026-05-07T15:20:40.581274+00:00
sentinel-control/docs/brain/README.md,sentinel_docs,.md,4049,102,sentinel-control/docs/brain,README.md,2026-04-28T21:22:40.379007+00:00
sentinel-control/docs/browser/BROWSER_ACTION_SCORE_MODEL.md,sentinel_docs,.md,1300,35,sentinel-control/docs/browser,BROWSER_ACTION_SCORE_MODEL.md,2026-04-29T09:53:14.368538+00:00
sentinel-control/docs/browser/BROWSER_ALGORITHM_REVIEW.md,sentinel_docs,.md,3343,48,sentinel-control/docs/browser,BROWSER_ALGORITHM_REVIEW.md,2026-04-29T09:56:30.672880+00:00
sentinel-control/docs/browser/BROWSER_CODE_REVIEW.md,sentinel_docs,.md,3208,56,sentinel-control/docs/browser,BROWSER_CODE_REVIEW.md,2026-04-29T09:56:30.675877+00:00
sentinel-control/docs/browser/BROWSER_CORTEX_EVAL_MISSIONS.md,sentinel_docs,.md,1223,35,sentinel-control/docs/browser,BROWSER_CORTEX_EVAL_MISSIONS.md,2026-04-29T09:53:14.369537+00:00
sentinel-control/docs/browser/BROWSER_CORTEX_INTEGRATION_REPORT.md,sentinel_docs,.md,2085,95,sentinel-control/docs/browser,BROWSER_CORTEX_INTEGRATION_REPORT.md,2026-04-29T11:51:12.405753+00:00
sentinel-control/docs/browser/BROWSER_DECISION_MATRIX.md,sentinel_docs,.md,2030,71,sentinel-control/docs/browser,BROWSER_DECISION_MATRIX.md,2026-04-29T09:53:14.361239+00:00
sentinel-control/docs/browser/BROWSER_EVAL_SCORECARD.md,sentinel_docs,.md,2625,62,sentinel-control/docs/browser,BROWSER_EVAL_SCORECARD.md,2026-04-29T11:50:17.061286+00:00
sentinel-control/docs/browser/BROWSER_EVIDENCE_TO_HYPOTHESIS_MAP.md,sentinel_docs,.md,1625,56,sentinel-control/docs/browser,BROWSER_EVIDENCE_TO_HYPOTHESIS_MAP.md,2026-04-29T09:53:14.363235+00:00
sentinel-control/docs/browser/BROWSER_FAILURE_MODES_V2.md,sentinel_docs,.md,3369,49,sentinel-control/docs/browser,BROWSER_FAILURE_MODES_V2.md,2026-04-29T09:56:30.673879+00:00
sentinel-control/docs/browser/BROWSER_LLM_ARCHITECTURE.md,sentinel_docs,.md,1330,46,sentinel-control/docs/browser,BROWSER_LLM_ARCHITECTURE.md,2026-04-29T11:48:15.011393+00:00
sentinel-control/docs/browser/BROWSER_LLM_CONTEXTPACK_SPEC.md,sentinel_docs,.md,1712,43,sentinel-control/docs/browser,BROWSER_LLM_CONTEXTPACK_SPEC.md,2026-04-29T11:48:30.341088+00:00
sentinel-control/docs/browser/BROWSER_LLM_EVAL_MISSIONS.md,sentinel_docs,.md,2012,42,sentinel-control/docs/browser,BROWSER_LLM_EVAL_MISSIONS.md,2026-04-29T12:24:45.180246+00:00
sentinel-control/docs/browser/BROWSER_LOGIC_REVIEW.md,sentinel_docs,.md,2833,92,sentinel-control/docs/browser,BROWSER_LOGIC_REVIEW.md,2026-04-29T09:30:40.850040+00:00
sentinel-control/docs/browser/BROWSER_MATH_MODEL.md,sentinel_docs,.md,3742,141,sentinel-control/docs/browser,BROWSER_MATH_MODEL.md,2026-04-29T14:34:07.212632+00:00
sentinel-control/docs/browser/BROWSER_NEURAL_OPERATOR_CORTEX_PROGRAM_ROADMAP.md,sentinel_docs,.md,4396,245,sentinel-control/docs/browser,BROWSER_NEURAL_OPERATOR_CORTEX_PROGRAM_ROADMAP.md,2026-06-01T23:21:48.402961+00:00
sentinel-control/docs/browser/BROWSER_NEURAL_OPERATOR_CORTEX_SPEC.md,sentinel_docs,.md,6176,295,sentinel-control/docs/browser,BROWSER_NEURAL_OPERATOR_CORTEX_SPEC.md,2026-06-01T23:21:48.402961+00:00
sentinel-control/docs/browser/BROWSER_REPAIR_POLICY.md,sentinel_docs,.md,1129,41,sentinel-control/docs/browser,BROWSER_REPAIR_POLICY.md,2026-04-29T09:53:14.365539+00:00
sentinel-control/docs/browser/BROWSER_SOURCE_CONFIDENCE_MODEL.md,sentinel_docs,.md,1353,46,sentinel-control/docs/browser,BROWSER_SOURCE_CONFIDENCE_MODEL.md,2026-04-29T09:53:14.364538+00:00
sentinel-control/docs/browser/BROWSER_TOOL_INTENT_COMPILER_SPEC.md,sentinel_docs,.md,1449,57,sentinel-control/docs/browser,BROWSER_TOOL_INTENT_COMPILER_SPEC.md,2026-04-29T11:48:45.231881+00:00
sentinel-control/docs/browser/BROWSER_V1_EXHAUSTIVE_REVIEW.md,sentinel_docs,.md,30350,750,sentinel-control/docs/browser,BROWSER_V1_EXHAUSTIVE_REVIEW.md,2026-04-29T11:52:15.582388+00:00
sentinel-control/docs/browser/BROWSER_V1_ROADMAP.md,sentinel_docs,.md,18375,280,sentinel-control/docs/browser,BROWSER_V1_ROADMAP.md,2026-05-01T13:48:27.163040+00:00
sentinel-control/docs/browser/BROWSER_V2_CERTIFICATION.md,sentinel_docs,.md,8280,206,sentinel-control/docs/browser,BROWSER_V2_CERTIFICATION.md,2026-04-29T14:34:07.214632+00:00
sentinel-control/docs/browser/BROWSER_V2_FORMAL_REVIEW.md,sentinel_docs,.md,3851,70,sentinel-control/docs/browser,BROWSER_V2_FORMAL_REVIEW.md,2026-04-29T11:51:37.552572+00:00
sentinel-control/docs/browser/BROWSER_V2_LOCK_VERDICT.md,sentinel_docs,.md,2032,82,sentinel-control/docs/browser,BROWSER_V2_LOCK_VERDICT.md,2026-04-29T11:50:27.683178+00:00
sentinel-control/docs/browser/P3X_LOCK_VERDICT.md,sentinel_docs,.md,1179,46,sentinel-control/docs/browser,P3X_LOCK_VERDICT.md,2026-04-29T11:51:46.829988+00:00
sentinel-control/docs/browser/P3Y_FINAL_AUDIT.md,sentinel_docs,.md,3377,98,sentinel-control/docs/browser,P3Y_FINAL_AUDIT.md,2026-04-29T12:24:06.823875+00:00
sentinel-control/docs/browser/P3Y_LOCK_VERDICT.md,sentinel_docs,.md,1636,56,sentinel-control/docs/browser,P3Y_LOCK_VERDICT.md,2026-04-29T12:24:15.969925+00:00
sentinel-control/docs/browser/P3Y_RESEARCH_SYNTHESIS.md,sentinel_docs,.md,1885,49,sentinel-control/docs/browser,P3Y_RESEARCH_SYNTHESIS.md,2026-04-29T11:48:01.662919+00:00
sentinel-control/docs/browser/P4A_BROWSER_POOL_PLAN.md,sentinel_docs,.md,873,49,sentinel-control/docs/browser,P4A_BROWSER_POOL_PLAN.md,2026-04-29T12:47:26.652353+00:00
sentinel-control/docs/browser/P4A_BROWSER_V25_ARCHITECTURE.md,sentinel_docs,.md,1755,75,sentinel-control/docs/browser,P4A_BROWSER_V25_ARCHITECTURE.md,2026-04-29T12:50:52.571281+00:00
sentinel-control/docs/browser/P4A_CDP_AX_DOMSNAPSHOT_PLAN.md,sentinel_docs,.md,1190,59,sentinel-control/docs/browser,P4A_CDP_AX_DOMSNAPSHOT_PLAN.md,2026-04-29T12:47:26.650354+00:00
sentinel-control/docs/browser/P4A_CORTEX_LLM_CONSUMPTION_MAP.md,sentinel_docs,.md,3996,77,sentinel-control/docs/browser,P4A_CORTEX_LLM_CONSUMPTION_MAP.md,2026-04-29T12:58:57.756514+00:00
sentinel-control/docs/browser/P4A_EVALBENCH_PLAN.md,sentinel_docs,.md,1189,39,sentinel-control/docs/browser,P4A_EVALBENCH_PLAN.md,2026-04-29T12:47:26.660351+00:00
sentinel-control/docs/browser/P4A_LOCK_VERDICT.md,sentinel_docs,.md,1379,54,sentinel-control/docs/browser,P4A_LOCK_VERDICT.md,2026-04-29T12:59:17.552030+00:00
sentinel-control/docs/browser/P4A_MULTITAB_PUBLIC_PLAN.md,sentinel_docs,.md,886,46,sentinel-control/docs/browser,P4A_MULTITAB_PUBLIC_PLAN.md,2026-04-29T12:47:26.654351+00:00
sentinel-control/docs/browser/P4A_READINESS_REVIEW.md,sentinel_docs,.md,3843,108,sentinel-control/docs/browser,P4A_READINESS_REVIEW.md,2026-04-29T12:58:57.755516+00:00
sentinel-control/docs/browser/P4A_UIOBSERVATION_MODEL.md,sentinel_docs,.md,1035,54,sentinel-control/docs/browser,P4A_UIOBSERVATION_MODEL.md,2026-04-29T12:47:26.643359+00:00
sentinel-control/docs/browser/P4A_VERIFIER_LOOP_DETECTOR_SPEC.md,sentinel_docs,.md,1089,52,sentinel-control/docs/browser,P4A_VERIFIER_LOOP_DETECTOR_SPEC.md,2026-04-29T12:47:26.658348+00:00
sentinel-control/docs/browser/P4B_AUTHORITY_CLASS_PLAN.md,sentinel_docs,.md,6683,220,sentinel-control/docs/browser,P4B_AUTHORITY_CLASS_PLAN.md,2026-04-29T14:54:15.247758+00:00
sentinel-control/docs/browser/P4B_BROWSER_V3_AUTHORITY_KERNEL.md,sentinel_docs,.md,1707,76,sentinel-control/docs/browser,P4B_BROWSER_V3_AUTHORITY_KERNEL.md,2026-04-29T14:34:07.196641+00:00
sentinel-control/docs/browser/P4B_CONTEXTPACK_V3_RULES.md,sentinel_docs,.md,3444,113,sentinel-control/docs/browser,P4B_CONTEXTPACK_V3_RULES.md,2026-04-29T14:34:07.198641+00:00
sentinel-control/docs/browser/P4B_COOKIE_STORAGE_CONTRACT_SPEC.md,sentinel_docs,.md,1214,41,sentinel-control/docs/browser,P4B_COOKIE_STORAGE_CONTRACT_SPEC.md,2026-05-08T14:17:49.511267+00:00
sentinel-control/docs/browser/P4B_COOKIE_STORAGE_LOCK_VERDICT.md,sentinel_docs,.md,591,19,sentinel-control/docs/browser,P4B_COOKIE_STORAGE_LOCK_VERDICT.md,2026-05-08T14:17:49.512271+00:00
sentinel-control/docs/browser/P4B_DOWNLOAD_QUARANTINE_AUTHORITY_SPEC.md,sentinel_docs,.md,2279,92,sentinel-control/docs/browser,P4B_DOWNLOAD_QUARANTINE_AUTHORITY_SPEC.md,2026-04-29T13:44:06.696836+00:00
sentinel-control/docs/browser/P4B_DOWNLOAD_QUARANTINE_LOCK_VERDICT.md,sentinel_docs,.md,1903,55,sentinel-control/docs/browser,P4B_DOWNLOAD_QUARANTINE_LOCK_VERDICT.md,2026-04-29T14:13:08.956750+00:00
sentinel-control/docs/browser/P4B_EVAL_MISSIONS.md,sentinel_docs,.md,2250,73,sentinel-control/docs/browser,P4B_EVAL_MISSIONS.md,2026-04-29T14:34:07.205637+00:00
sentinel-control/docs/browser/P4B_FINALGATE_V3_CONTRACT.md,sentinel_docs,.md,3819,130,sentinel-control/docs/browser,P4B_FINALGATE_V3_CONTRACT.md,2026-04-29T14:34:07.202639+00:00
sentinel-control/docs/browser/P4B_FORM_SUBMIT_AUTHORITY_SPEC.md,sentinel_docs,.md,2095,90,sentinel-control/docs/browser,P4B_FORM_SUBMIT_AUTHORITY_SPEC.md,2026-04-29T13:27:39.541847+00:00
sentinel-control/docs/browser/P4B_FORM_SUBMIT_LOCK_VERDICT.md,sentinel_docs,.md,1674,54,sentinel-control/docs/browser,P4B_FORM_SUBMIT_LOCK_VERDICT.md,2026-04-29T14:13:08.954749+00:00
sentinel-control/docs/browser/P4B_HAR_BODY_CAPTURE_LOCK_VERDICT.md,sentinel_docs,.md,591,19,sentinel-control/docs/browser,P4B_HAR_BODY_CAPTURE_LOCK_VERDICT.md,2026-05-08T14:17:49.514267+00:00
sentinel-control/docs/browser/P4B_HAR_BODY_CAPTURE_SPEC.md,sentinel_docs,.md,1200,43,sentinel-control/docs/browser,P4B_HAR_BODY_CAPTURE_SPEC.md,2026-05-08T14:17:49.515270+00:00
sentinel-control/docs/browser/P4B_JS_EVALUATE_SANDBOXED_LOCK_VERDICT.md,sentinel_docs,.md,595,19,sentinel-control/docs/browser,P4B_JS_EVALUATE_SANDBOXED_LOCK_VERDICT.md,2026-05-08T14:17:49.516269+00:00
sentinel-control/docs/browser/P4B_JS_EVALUATE_SANDBOXED_SPEC.md,sentinel_docs,.md,1255,43,sentinel-control/docs/browser,P4B_JS_EVALUATE_SANDBOXED_SPEC.md,2026-05-08T14:17:49.517982+00:00
sentinel-control/docs/browser/P4B_LOGIN_AUTHORITY_LOCK_VERDICT.md,sentinel_docs,.md,739,21,sentinel-control/docs/browser,P4B_LOGIN_AUTHORITY_LOCK_VERDICT.md,2026-05-08T14:17:49.519792+00:00
sentinel-control/docs/browser/P4B_LOGIN_AUTHORITY_SPEC.md,sentinel_docs,.md,1276,44,sentinel-control/docs/browser,P4B_LOGIN_AUTHORITY_SPEC.md,2026-05-08T14:17:49.520806+00:00
sentinel-control/docs/browser/P4B_PRIVATE_SESSION_AUTHORITY_SPEC.md,sentinel_docs,.md,1300,42,sentinel-control/docs/browser,P4B_PRIVATE_SESSION_AUTHORITY_SPEC.md,2026-05-08T14:17:49.522347+00:00
sentinel-control/docs/browser/P4B_PRIVATE_SESSION_LOCK_VERDICT.md,sentinel_docs,.md,596,20,sentinel-control/docs/browser,P4B_PRIVATE_SESSION_LOCK_VERDICT.md,2026-05-08T14:17:49.523347+00:00
sentinel-control/docs/browser/P4B_TOOL_INTENT_COMPILER_V3_RULES.md,sentinel_docs,.md,2838,93,sentinel-control/docs/browser,P4B_TOOL_INTENT_COMPILER_V3_RULES.md,2026-04-29T14:34:07.199641+00:00
sentinel-control/docs/browser/P4B_UPLOAD_AUTHORIZED_AUTHORITY_SPEC.md,sentinel_docs,.md,2635,81,sentinel-control/docs/browser,P4B_UPLOAD_AUTHORIZED_AUTHORITY_SPEC.md,2026-04-29T14:10:34.301852+00:00
sentinel-control/docs/browser/P4B_UPLOAD_AUTHORIZED_LOCK_VERDICT.md,sentinel_docs,.md,1375,47,sentinel-control/docs/browser,P4B_UPLOAD_AUTHORIZED_LOCK_VERDICT.md,2026-04-29T14:10:34.301852+00:00
sentinel-control/docs/browser/P4C_BROWSER_V3_ALGORITHM_REVIEW.md,sentinel_docs,.md,1558,64,sentinel-control/docs/browser,P4C_BROWSER_V3_ALGORITHM_REVIEW.md,2026-05-08T14:17:49.528805+00:00
sentinel-control/docs/browser/P4C_BROWSER_V3_CODE_REVIEW.md,sentinel_docs,.md,1896,51,sentinel-control/docs/browser,P4C_BROWSER_V3_CODE_REVIEW.md,2026-05-08T14:17:49.530349+00:00
sentinel-control/docs/browser/P4C_BROWSER_V3_EVAL_SCORECARD.md,sentinel_docs,.md,3244,71,sentinel-control/docs/browser,P4C_BROWSER_V3_EVAL_SCORECARD.md,2026-04-29T18:48:31.554774+00:00
sentinel-control/docs/browser/P4C_BROWSER_V3_FAILURE_MODES.md,sentinel_docs,.md,1964,40,sentinel-control/docs/browser,P4C_BROWSER_V3_FAILURE_MODES.md,2026-05-08T14:17:49.530975+00:00
sentinel-control/docs/browser/P4C_BROWSER_V3_LOCK_VERDICT.md,sentinel_docs,.md,2794,100,sentinel-control/docs/browser,P4C_BROWSER_V3_LOCK_VERDICT.md,2026-04-29T18:48:52.243200+00:00
sentinel-control/docs/browser/P4C_BROWSER_V3_LOGIC_REVIEW.md,sentinel_docs,.md,2043,47,sentinel-control/docs/browser,P4C_BROWSER_V3_LOGIC_REVIEW.md,2026-05-08T14:17:49.530975+00:00
sentinel-control/docs/browser/P4C_BROWSER_V3_MATH_MODEL.md,sentinel_docs,.md,1873,56,sentinel-control/docs/browser,P4C_BROWSER_V3_MATH_MODEL.md,2026-05-08T14:17:49.535277+00:00
sentinel-control/docs/browser/P4C_BROWSER_V3_OPENCLAW_COMPARISON.md,sentinel_docs,.md,2302,44,sentinel-control/docs/browser,P4C_BROWSER_V3_OPENCLAW_COMPARISON.md,2026-04-29T18:48:31.560336+00:00
sentinel-control/docs/browser/P4C_BROWSER_V3_SUPREMACY_REVIEW.md,sentinel_docs,.md,2931,75,sentinel-control/docs/browser,P4C_BROWSER_V3_SUPREMACY_REVIEW.md,2026-05-08T14:17:49.536277+00:00
sentinel-control/docs/browser/P4C_H2_BROWSER_V3_EVALBENCH_PROOF.md,sentinel_docs,.md,1046,47,sentinel-control/docs/browser,P4C_H2_BROWSER_V3_EVALBENCH_PROOF.md,2026-05-08T14:17:49.538280+00:00
sentinel-control/docs/browser/P4C_H2_BROWSER_V3_FIXTURE_BACKEND_BENCH.md,sentinel_docs,.md,2103,72,sentinel-control/docs/browser,P4C_H2_BROWSER_V3_FIXTURE_BACKEND_BENCH.md,2026-05-08T14:17:49.539279+00:00
sentinel-control/docs/browser/P4C_H2_LOCK_VERDICT.md,sentinel_docs,.md,1144,43,sentinel-control/docs/browser,P4C_H2_LOCK_VERDICT.md,2026-05-08T14:17:49.540280+00:00
sentinel-control/docs/browser/P4C_H3_BROWSER_V3_LIVE_EVALBENCH.md,sentinel_docs,.md,695,31,sentinel-control/docs/browser,P4C_H3_BROWSER_V3_LIVE_EVALBENCH.md,2026-05-08T14:17:49.541278+00:00
sentinel-control/docs/browser/P4C_H3_COOKIE_STORAGE_LIVE_REDACTION.md,sentinel_docs,.md,710,28,sentinel-control/docs/browser,P4C_H3_COOKIE_STORAGE_LIVE_REDACTION.md,2026-05-08T14:17:49.542274+00:00
sentinel-control/docs/browser/P4C_H3_HAR_BODY_LIVE_REDACTION.md,sentinel_docs,.md,731,32,sentinel-control/docs/browser,P4C_H3_HAR_BODY_LIVE_REDACTION.md,2026-05-08T14:17:49.544273+00:00
sentinel-control/docs/browser/P4C_H3_JS_NO_NETWORK_RUNTIME_PROOF.md,sentinel_docs,.md,893,33,sentinel-control/docs/browser,P4C_H3_JS_NO_NETWORK_RUNTIME_PROOF.md,2026-05-08T14:17:49.545275+00:00
sentinel-control/docs/browser/P4C_H3_LIVE_ADAPTER_HARNESS.md,sentinel_docs,.md,1359,36,sentinel-control/docs/browser,P4C_H3_LIVE_ADAPTER_HARNESS.md,2026-05-08T14:17:49.546273+00:00
sentinel-control/docs/browser/P4C_H3_LOCK_VERDICT.md,sentinel_docs,.md,1074,46,sentinel-control/docs/browser,P4C_H3_LOCK_VERDICT.md,2026-04-29T18:48:52.251273+00:00
sentinel-control/docs/browser/P4C_H3_LOGIN_VAULT_REDACTION_AUDIT.md,sentinel_docs,.md,860,30,sentinel-control/docs/browser,P4C_H3_LOGIN_VAULT_REDACTION_AUDIT.md,2026-05-08T14:17:49.547277+00:00
sentinel-control/docs/browser/P4C_H3_PRIVATE_SESSION_LIVE_PROOF.md,sentinel_docs,.md,826,29,sentinel-control/docs/browser,P4C_H3_PRIVATE_SESSION_LIVE_PROOF.md,2026-05-08T14:17:49.548275+00:00
sentinel-control/docs/browser/P4C_H_BROWSER_V3_BACKEND_REALITY_HARDENING.md,sentinel_docs,.md,1831,60,sentinel-control/docs/browser,P4C_H_BROWSER_V3_BACKEND_REALITY_HARDENING.md,2026-05-08T14:17:49.549275+00:00
sentinel-control/docs/browser/P4C_H_EVALBENCH_MULTI_RUN_HARDENING.md,sentinel_docs,.md,1216,50,sentinel-control/docs/browser,P4C_H_EVALBENCH_MULTI_RUN_HARDENING.md,2026-05-08T14:17:49.551275+00:00
sentinel-control/docs/browser/P4C_H_LOCK_VERDICT.md,sentinel_docs,.md,1891,69,sentinel-control/docs/browser,P4C_H_LOCK_VERDICT.md,2026-04-29T18:49:01.957916+00:00
sentinel-control/docs/browser/P4C_S_BROWSER_V3_MEASURED_SUPREMACY_GATE.md,sentinel_docs,.md,1546,69,sentinel-control/docs/browser,P4C_S_BROWSER_V3_MEASURED_SUPREMACY_GATE.md,2026-05-08T14:17:49.553280+00:00
sentinel-control/docs/browser/P4C_S_CROSS_CLASS_EVAL_MISSIONS.md,sentinel_docs,.md,1436,69,sentinel-control/docs/browser,P4C_S_CROSS_CLASS_EVAL_MISSIONS.md,2026-05-08T14:17:49.554279+00:00
sentinel-control/docs/browser/P4C_S_LIVE_ADAPTER_CORPUS.md,sentinel_docs,.md,1761,48,sentinel-control/docs/browser,P4C_S_LIVE_ADAPTER_CORPUS.md,2026-05-08T14:17:49.555279+00:00
sentinel-control/docs/browser/P4C_S_LOCK_VERDICT.md,sentinel_docs,.md,1180,55,sentinel-control/docs/browser,P4C_S_LOCK_VERDICT.md,2026-05-08T14:17:49.556278+00:00
sentinel-control/docs/browser/P4C_S_OPENCLAW_MEASURED_COMPARISON.md,sentinel_docs,.md,1496,50,sentinel-control/docs/browser,P4C_S_OPENCLAW_MEASURED_COMPARISON.md,2026-05-08T14:17:49.557278+00:00
sentinel-control/docs/browser/P4D_BROWSER_ALGORITHM_REVIEW.md,sentinel_docs,.md,3153,116,sentinel-control/docs/browser,P4D_BROWSER_ALGORITHM_REVIEW.md,2026-05-08T14:17:49.559748+00:00
sentinel-control/docs/browser/P4D_BROWSER_BENCHMARK_RESEARCH.md,sentinel_docs,.md,3473,147,sentinel-control/docs/browser,P4D_BROWSER_BENCHMARK_RESEARCH.md,2026-05-08T14:17:49.561712+00:00
sentinel-control/docs/browser/P4D_BROWSER_BRAIN_LLM_INTEGRATION_REVIEW.md,sentinel_docs,.md,3847,134,sentinel-control/docs/browser,P4D_BROWSER_BRAIN_LLM_INTEGRATION_REVIEW.md,2026-05-08T14:17:49.562776+00:00
sentinel-control/docs/browser/P4D_BROWSER_CODE_REVIEW.md,sentinel_docs,.md,5144,132,sentinel-control/docs/browser,P4D_BROWSER_CODE_REVIEW.md,2026-05-08T14:17:49.562776+00:00
sentinel-control/docs/browser/P4D_BROWSER_GRAND_REVIEW.md,sentinel_docs,.md,4006,120,sentinel-control/docs/browser,P4D_BROWSER_GRAND_REVIEW.md,2026-05-08T14:17:49.565314+00:00
sentinel-control/docs/browser/P4D_BROWSER_LOGIC_REVIEW.md,sentinel_docs,.md,3556,100,sentinel-control/docs/browser,P4D_BROWSER_LOGIC_REVIEW.md,2026-05-08T14:17:49.565314+00:00
sentinel-control/docs/browser/P4D_BROWSER_SUPREMACY_DECISION.md,sentinel_docs,.md,2387,101,sentinel-control/docs/browser,P4D_BROWSER_SUPREMACY_DECISION.md,2026-05-08T14:17:49.568824+00:00
sentinel-control/docs/browser/P4D_H_ADVERSARIAL_CORPUS.md,sentinel_docs,.md,1704,80,sentinel-control/docs/browser,P4D_H_ADVERSARIAL_CORPUS.md,2026-05-08T14:17:49.569824+00:00
sentinel-control/docs/browser/P4D_H_BROWSER_V3_COGNITIVE_MAPPING.md,sentinel_docs,.md,2269,60,sentinel-control/docs/browser,P4D_H_BROWSER_V3_COGNITIVE_MAPPING.md,2026-05-08T14:17:49.570821+00:00
sentinel-control/docs/browser/P4D_H_EVALBENCH_STATS_HARDENING.md,sentinel_docs,.md,1472,68,sentinel-control/docs/browser,P4D_H_EVALBENCH_STATS_HARDENING.md,2026-05-08T14:17:49.571822+00:00
sentinel-control/docs/browser/P4D_H_LOCAL_10RUN_SCORECARD.md,sentinel_docs,.md,1602,49,sentinel-control/docs/browser,P4D_H_LOCAL_10RUN_SCORECARD.md,2026-05-08T14:17:49.573824+00:00
sentinel-control/docs/browser/P4D_H_LOCK_VERDICT.md,sentinel_docs,.md,2669,117,sentinel-control/docs/browser,P4D_H_LOCK_VERDICT.md,2026-05-08T14:17:49.576025+00:00
sentinel-control/docs/browser/P4D_H_SELF_HOSTED_BENCHMARK_PLAN.md,sentinel_docs,.md,2115,70,sentinel-control/docs/browser,P4D_H_SELF_HOSTED_BENCHMARK_PLAN.md,2026-05-08T14:17:49.578002+00:00
sentinel-control/docs/browser/P4D_OPENCLAW_BROWSER_FORENSIC_RESEARCH.md,sentinel_docs,.md,4042,100,sentinel-control/docs/browser,P4D_OPENCLAW_BROWSER_FORENSIC_RESEARCH.md,2026-05-08T14:17:49.579600+00:00
sentinel-control/docs/browser/P4D_SENTINEL_BROWSER_EVALBENCH_SPEC.md,sentinel_docs,.md,3523,132,sentinel-control/docs/browser,P4D_SENTINEL_BROWSER_EVALBENCH_SPEC.md,2026-05-08T14:17:49.581132+00:00
sentinel-control/docs/browser/P4E_30RUN_RESULTS.md,sentinel_docs,.md,2272,48,sentinel-control/docs/browser,P4E_30RUN_RESULTS.md,2026-04-29T22:41:14.333817+00:00
sentinel-control/docs/browser/P4E_BROWSER_BENCHMARK_ARCHITECTURE.md,sentinel_docs,.md,1829,68,sentinel-control/docs/browser,P4E_BROWSER_BENCHMARK_ARCHITECTURE.md,2026-05-08T14:17:49.581132+00:00
sentinel-control/docs/browser/P4E_BROWSER_SCORECARD_SCHEMA.md,sentinel_docs,.md,1225,65,sentinel-control/docs/browser,P4E_BROWSER_SCORECARD_SCHEMA.md,2026-05-08T14:17:49.583676+00:00
sentinel-control/docs/browser/P4E_LOCK_VERDICT.md,sentinel_docs,.md,1704,78,sentinel-control/docs/browser,P4E_LOCK_VERDICT.md,2026-05-08T14:17:49.586362+00:00
sentinel-control/docs/browser/P4E_OPENCLAW_PEER_RUNNER_PROTOCOL.md,sentinel_docs,.md,1012,47,sentinel-control/docs/browser,P4E_OPENCLAW_PEER_RUNNER_PROTOCOL.md,2026-05-08T14:17:49.587358+00:00
sentinel-control/docs/browser/P4E_RESEARCH_BROWSING_TASKS.md,sentinel_docs,.md,704,39,sentinel-control/docs/browser,P4E_RESEARCH_BROWSING_TASKS.md,2026-05-08T14:17:49.588356+00:00
sentinel-control/docs/browser/P4E_VISUAL_GROUNDING_TASKS.md,sentinel_docs,.md,748,40,sentinel-control/docs/browser,P4E_VISUAL_GROUNDING_TASKS.md,2026-05-08T14:17:49.589356+00:00
sentinel-control/docs/browser/P4E_WEBARENA_STYLE_TASKS.md,sentinel_docs,.md,1073,36,sentinel-control/docs/browser,P4E_WEBARENA_STYLE_TASKS.md,2026-05-08T14:17:49.591359+00:00
sentinel-control/docs/browser/P4F_BROWSER_SUPREMACY_VERDICT.md,sentinel_docs,.md,1311,60,sentinel-control/docs/browser,P4F_BROWSER_SUPREMACY_VERDICT.md,2026-04-29T22:55:59.610672+00:00
sentinel-control/docs/browser/P4F_FAILURE_ANALYSIS.md,sentinel_docs,.md,1313,53,sentinel-control/docs/browser,P4F_FAILURE_ANALYSIS.md,2026-05-08T14:17:49.594358+00:00
sentinel-control/docs/browser/P4F_OPENCLAW_LAB_RUNNER_PLAN.md,sentinel_docs,.md,1735,74,sentinel-control/docs/browser,P4F_OPENCLAW_LAB_RUNNER_PLAN.md,2026-05-08T14:17:49.595360+00:00
sentinel-control/docs/browser/P4F_PEER_BENCHMARK_PROTOCOL.md,sentinel_docs,.md,1707,75,sentinel-control/docs/browser,P4F_PEER_BENCHMARK_PROTOCOL.md,2026-05-08T14:17:49.595360+00:00
sentinel-control/docs/browser/P4F_SCORING_RULES.md,sentinel_docs,.md,1158,67,sentinel-control/docs/browser,P4F_SCORING_RULES.md,2026-05-08T14:17:49.597393+00:00
sentinel-control/docs/browser/P4F_SENTINEL_VS_OPENCLAW_RESULTS.md,sentinel_docs,.md,2546,52,sentinel-control/docs/browser,P4F_SENTINEL_VS_OPENCLAW_RESULTS.md,2026-05-08T14:17:49.597393+00:00
sentinel-control/docs/browser/P4F_SHARED_TASK_CORPUS.md,sentinel_docs,.md,1517,40,sentinel-control/docs/browser,P4F_SHARED_TASK_CORPUS.md,2026-05-08T14:17:49.597393+00:00
sentinel-control/docs/browser/P4G_BROWSER_FINAL_SUPREMACY_VERDICT.md,sentinel_docs,.md,973,42,sentinel-control/docs/browser,P4G_BROWSER_FINAL_SUPREMACY_VERDICT.md,2026-04-29T23:50:53.549675+00:00
sentinel-control/docs/browser/P4G_FAILURE_ANALYSIS.md,sentinel_docs,.md,1240,62,sentinel-control/docs/browser,P4G_FAILURE_ANALYSIS.md,2026-05-08T14:17:49.603248+00:00
sentinel-control/docs/browser/P4G_NEUTRAL_RESULT_SCHEMA.md,sentinel_docs,.md,969,60,sentinel-control/docs/browser,P4G_NEUTRAL_RESULT_SCHEMA.md,2026-05-08T14:17:49.604253+00:00
sentinel-control/docs/browser/P4G_OPENCLAW_REAL_RESULTS.md,sentinel_docs,.md,824,37,sentinel-control/docs/browser,P4G_OPENCLAW_REAL_RESULTS.md,2026-05-08T14:17:49.605253+00:00
sentinel-control/docs/browser/P4G_OPEN_WEB_BENCHMARK_PROTOCOL.md,sentinel_docs,.md,1383,52,sentinel-control/docs/browser,P4G_OPEN_WEB_BENCHMARK_PROTOCOL.md,2026-05-08T14:17:49.606254+00:00
sentinel-control/docs/browser/P4G_REAL_PEER_RUNTIME_RUNNER.md,sentinel_docs,.md,1569,73,sentinel-control/docs/browser,P4G_REAL_PEER_RUNTIME_RUNNER.md,2026-05-08T14:17:49.607250+00:00
sentinel-control/docs/browser/P4G_R_CONTAINERIZED_PEER_RUNTIME_RUN.md,sentinel_docs,.md,1598,56,sentinel-control/docs/browser,P4G_R_CONTAINERIZED_PEER_RUNTIME_RUN.md,2026-05-01T13:06:22.371522+00:00
sentinel-control/docs/browser/P4G_R_CONTAINER_POLICY.md,sentinel_docs,.md,1017,54,sentinel-control/docs/browser,P4G_R_CONTAINER_POLICY.md,2026-05-08T14:17:49.608736+00:00
sentinel-control/docs/browser/P4G_R_LOCK_VERDICT.md,sentinel_docs,.md,1466,62,sentinel-control/docs/browser,P4G_R_LOCK_VERDICT.md,2026-05-01T13:06:22.367100+00:00
sentinel-control/docs/browser/P4G_R_OPENCLAW_CONTAINER_RESULTS.md,sentinel_docs,.md,925,30,sentinel-control/docs/browser,P4G_R_OPENCLAW_CONTAINER_RESULTS.md,2026-05-01T13:06:22.371522+00:00
sentinel-control/docs/browser/P4G_SENTINEL_RESULTS.md,sentinel_docs,.md,814,39,sentinel-control/docs/browser,P4G_SENTINEL_RESULTS.md,2026-05-08T14:17:49.608736+00:00
sentinel-control/docs/browser/P4G_SENTINEL_VS_OPENCLAW_MEASURED_RESULTS.md,sentinel_docs,.md,1974,70,sentinel-control/docs/browser,P4G_SENTINEL_VS_OPENCLAW_MEASURED_RESULTS.md,2026-05-01T13:06:22.373061+00:00
sentinel-control/docs/browser/P4H_AA_30RUN_CROSS_CLASS_SCORECARD.md,sentinel_docs,.md,1736,69,sentinel-control/docs/browser,P4H_AA_30RUN_CROSS_CLASS_SCORECARD.md,2026-05-08T14:17:49.611820+00:00
sentinel-control/docs/browser/P4H_AA_BROWSER_V3_ACTION_ENGINE_ROUTING.md,sentinel_docs,.md,2022,105,sentinel-control/docs/browser,P4H_AA_BROWSER_V3_ACTION_ENGINE_ROUTING.md,2026-05-08T14:17:49.611820+00:00
sentinel-control/docs/browser/P4H_AA_FAILURE_ANALYSIS.md,sentinel_docs,.md,1269,61,sentinel-control/docs/browser,P4H_AA_FAILURE_ANALYSIS.md,2026-05-08T14:17:49.615289+00:00
sentinel-control/docs/browser/P4H_AA_LOCK_VERDICT.md,sentinel_docs,.md,1323,75,sentinel-control/docs/browser,P4H_AA_LOCK_VERDICT.md,2026-05-08T14:17:49.615822+00:00
sentinel-control/docs/browser/P4H_AB_30RUN_LONG_HORIZON_SCORECARD.md,sentinel_docs,.md,2488,74,sentinel-control/docs/browser,P4H_AB_30RUN_LONG_HORIZON_SCORECARD.md,2026-04-30T15:18:13.031123+00:00
sentinel-control/docs/browser/P4H_AB_BROWSER_OPERATOR_LONG_HORIZON.md,sentinel_docs,.md,2029,88,sentinel-control/docs/browser,P4H_AB_BROWSER_OPERATOR_LONG_HORIZON.md,2026-04-30T15:18:12.988318+00:00
sentinel-control/docs/browser/P4H_AB_FAILURE_ANALYSIS.md,sentinel_docs,.md,1732,66,sentinel-control/docs/browser,P4H_AB_FAILURE_ANALYSIS.md,2026-04-30T15:27:14.090507+00:00
sentinel-control/docs/browser/P4H_AB_LOCK_VERDICT.md,sentinel_docs,.md,1684,89,sentinel-control/docs/browser,P4H_AB_LOCK_VERDICT.md,2026-04-30T15:18:13.105505+00:00
sentinel-control/docs/browser/P4H_AC_30RUN_LIVE_LONG_HORIZON_SCORECARD.md,sentinel_docs,.md,1896,83,sentinel-control/docs/browser,P4H_AC_30RUN_LIVE_LONG_HORIZON_SCORECARD.md,2026-05-08T14:17:49.619931+00:00
sentinel-control/docs/browser/P4H_AC_BROWSER_OPERATOR_LIVE_LONG_HORIZON.md,sentinel_docs,.md,2912,119,sentinel-control/docs/browser,P4H_AC_BROWSER_OPERATOR_LIVE_LONG_HORIZON.md,2026-05-08T14:17:49.620933+00:00
sentinel-control/docs/browser/P4H_AC_FAILURE_ANALYSIS.md,sentinel_docs,.md,1824,72,sentinel-control/docs/browser,P4H_AC_FAILURE_ANALYSIS.md,2026-05-08T14:17:49.621932+00:00
sentinel-control/docs/browser/P4H_AC_LOCK_VERDICT.md,sentinel_docs,.md,2045,92,sentinel-control/docs/browser,P4H_AC_LOCK_VERDICT.md,2026-05-01T12:27:00.055815+00:00
sentinel-control/docs/browser/P4H_AD_30RUN_OPEN_WEB_LIKE_SCORECARD.md,sentinel_docs,.md,2061,93,sentinel-control/docs/browser,P4H_AD_30RUN_OPEN_WEB_LIKE_SCORECARD.md,2026-05-08T14:17:49.622931+00:00
sentinel-control/docs/browser/P4H_AD_BROWSER_OPERATOR_OPEN_WEB_LIKE_HARDENING.md,sentinel_docs,.md,2369,98,sentinel-control/docs/browser,P4H_AD_BROWSER_OPERATOR_OPEN_WEB_LIKE_HARDENING.md,2026-05-08T14:17:49.624588+00:00
sentinel-control/docs/browser/P4H_AD_FAILURE_ANALYSIS.md,sentinel_docs,.md,1679,75,sentinel-control/docs/browser,P4H_AD_FAILURE_ANALYSIS.md,2026-05-08T14:17:49.626032+00:00
sentinel-control/docs/browser/P4H_AD_LOCK_VERDICT.md,sentinel_docs,.md,2049,99,sentinel-control/docs/browser,P4H_AD_LOCK_VERDICT.md,2026-05-01T13:18:23.405895+00:00
sentinel-control/docs/browser/P4H_AE_BROWSER_RUNTIME_INTEGRATION_GATE.md,sentinel_docs,.md,2731,106,sentinel-control/docs/browser,P4H_AE_BROWSER_RUNTIME_INTEGRATION_GATE.md,2026-05-01T13:47:39.857135+00:00
sentinel-control/docs/browser/P4H_AE_FAILURE_ANALYSIS.md,sentinel_docs,.md,1903,69,sentinel-control/docs/browser,P4H_AE_FAILURE_ANALYSIS.md,2026-05-01T13:48:03.376192+00:00
sentinel-control/docs/browser/P4H_AE_LOCK_VERDICT.md,sentinel_docs,.md,1923,91,sentinel-control/docs/browser,P4H_AE_LOCK_VERDICT.md,2026-05-07T08:46:13.918778+00:00
sentinel-control/docs/browser/P4H_AE_RUNTIME_SCORECARD.md,sentinel_docs,.md,1781,63,sentinel-control/docs/browser,P4H_AE_RUNTIME_SCORECARD.md,2026-05-07T08:46:25.631145+00:00
sentinel-control/docs/browser/P4H_AF_LOCK_VERDICT.md,sentinel_docs,.md,1297,64,sentinel-control/docs/browser,P4H_AF_LOCK_VERDICT.md,2026-05-07T09:32:24.861372+00:00
sentinel-control/docs/browser/P4H_AF_RUNTIME_MINICORPUS.md,sentinel_docs,.md,2010,73,sentinel-control/docs/browser,P4H_AF_RUNTIME_MINICORPUS.md,2026-05-07T09:32:24.796235+00:00
sentinel-control/docs/browser/P4H_AF_RUNTIME_SCORECARD.md,sentinel_docs,.md,2045,73,sentinel-control/docs/browser,P4H_AF_RUNTIME_SCORECARD.md,2026-05-07T09:32:24.836366+00:00
sentinel-control/docs/browser/P4H_BROWSER_FLUENCY_MISSION_CATALOG.md,sentinel_docs,.md,8254,143,sentinel-control/docs/browser,P4H_BROWSER_FLUENCY_MISSION_CATALOG.md,2026-05-08T14:17:49.629605+00:00
sentinel-control/docs/browser/P4H_BROWSER_FLUENCY_MISSION_RESEARCH.md,sentinel_docs,.md,2335,88,sentinel-control/docs/browser,P4H_BROWSER_FLUENCY_MISSION_RESEARCH.md,2026-05-08T14:17:49.630606+00:00
sentinel-control/docs/browser/P4H_BROWSER_FLUENCY_NEXT_PLAN.md,sentinel_docs,.md,952,38,sentinel-control/docs/browser,P4H_BROWSER_FLUENCY_NEXT_PLAN.md,2026-05-08T14:17:49.631607+00:00
sentinel-control/docs/browser/P4H_BROWSER_FLUENCY_SCORECARD.md,sentinel_docs,.md,1582,43,sentinel-control/docs/browser,P4H_BROWSER_FLUENCY_SCORECARD.md,2026-05-08T14:17:49.632607+00:00
sentinel-control/docs/browser/P4H_R_BROWSER_FLUENCY_RUNNER.md,sentinel_docs,.md,1326,63,sentinel-control/docs/browser,P4H_R_BROWSER_FLUENCY_RUNNER.md,2026-05-08T14:17:49.633605+00:00
sentinel-control/docs/browser/P4H_R_FAILURE_ANALYSIS.md,sentinel_docs,.md,1714,117,sentinel-control/docs/browser,P4H_R_FAILURE_ANALYSIS.md,2026-05-08T14:17:49.635607+00:00
sentinel-control/docs/browser/P4H_R_FIRST_SCORECARD.md,sentinel_docs,.md,1647,80,sentinel-control/docs/browser,P4H_R_FIRST_SCORECARD.md,2026-05-08T14:17:49.636612+00:00
sentinel-control/docs/browser/P4H_R_LOCK_VERDICT.md,sentinel_docs,.md,838,51,sentinel-control/docs/browser,P4H_R_LOCK_VERDICT.md,2026-04-30T00:33:50.894742+00:00
sentinel-control/docs/browser/P4H_R_NEXT_HARDENING_PLAN.md,sentinel_docs,.md,1096,42,sentinel-control/docs/browser,P4H_R_NEXT_HARDENING_PLAN.md,2026-05-08T14:17:49.638607+00:00
sentinel-control/docs/browser/P4H_S_FULL_FLUENCY_SCORECARD.md,sentinel_docs,.md,1516,65,sentinel-control/docs/browser,P4H_S_FULL_FLUENCY_SCORECARD.md,2026-05-08T14:17:49.639608+00:00
sentinel-control/docs/browser/P4H_S_HARDENING_PLAN.md,sentinel_docs,.md,822,46,sentinel-control/docs/browser,P4H_S_HARDENING_PLAN.md,2026-05-08T14:17:49.641608+00:00
sentinel-control/docs/browser/P4H_S_LOCK_VERDICT.md,sentinel_docs,.md,935,62,sentinel-control/docs/browser,P4H_S_LOCK_VERDICT.md,2026-04-30T00:50:26.288217+00:00
sentinel-control/docs/browser/P4H_S_PARTIAL_MISSIONS.md,sentinel_docs,.md,1508,40,sentinel-control/docs/browser,P4H_S_PARTIAL_MISSIONS.md,2026-05-08T14:17:49.642756+00:00
sentinel-control/docs/browser/P4H_T_DEPTH_FLUENCY_SCORECARD.md,sentinel_docs,.md,1883,75,sentinel-control/docs/browser,P4H_T_DEPTH_FLUENCY_SCORECARD.md,2026-05-08T14:17:49.644791+00:00
sentinel-control/docs/browser/P4H_T_LOCK_VERDICT.md,sentinel_docs,.md,966,49,sentinel-control/docs/browser,P4H_T_LOCK_VERDICT.md,2026-05-08T14:17:49.644791+00:00
sentinel-control/docs/browser/P4H_T_REMAINING_REALITY_GAP.md,sentinel_docs,.md,1272,49,sentinel-control/docs/browser,P4H_T_REMAINING_REALITY_GAP.md,2026-05-08T14:17:49.647334+00:00
sentinel-control/docs/browser/P4H_T_TARGET_MET_MISSIONS.md,sentinel_docs,.md,1644,53,sentinel-control/docs/browser,P4H_T_TARGET_MET_MISSIONS.md,2026-05-08T14:17:49.647334+00:00
sentinel-control/docs/browser/P4H_U_30RUN_SCORECARD.md,sentinel_docs,.md,1222,78,sentinel-control/docs/browser,P4H_U_30RUN_SCORECARD.md,2026-05-08T14:17:49.647334+00:00
sentinel-control/docs/browser/P4H_U_FAILURE_ANALYSIS.md,sentinel_docs,.md,1134,56,sentinel-control/docs/browser,P4H_U_FAILURE_ANALYSIS.md,2026-05-08T14:17:49.647334+00:00
sentinel-control/docs/browser/P4H_U_LIVE_SELF_HOSTED_FLUENCY_RUNNER.md,sentinel_docs,.md,2343,86,sentinel-control/docs/browser,P4H_U_LIVE_SELF_HOSTED_FLUENCY_RUNNER.md,2026-05-08T14:17:49.652327+00:00
sentinel-control/docs/browser/P4H_U_LOCK_VERDICT.md,sentinel_docs,.md,719,38,sentinel-control/docs/browser,P4H_U_LOCK_VERDICT.md,2026-05-08T14:17:49.653323+00:00
sentinel-control/docs/browser/P4H_U_REMAINING_GAP.md,sentinel_docs,.md,1222,48,sentinel-control/docs/browser,P4H_U_REMAINING_GAP.md,2026-05-08T14:17:49.654857+00:00
sentinel-control/docs/browser/P4H_V_72MISSION_30RUN_SCORECARD.md,sentinel_docs,.md,1369,69,sentinel-control/docs/browser,P4H_V_72MISSION_30RUN_SCORECARD.md,2026-05-08T14:17:49.655856+00:00
sentinel-control/docs/browser/P4H_V_FAILURE_ANALYSIS.md,sentinel_docs,.md,893,41,sentinel-control/docs/browser,P4H_V_FAILURE_ANALYSIS.md,2026-05-08T14:17:49.656858+00:00
sentinel-control/docs/browser/P4H_V_FULL_LIVE_SELF_HOSTED_FLUENCY_RUNNER.md,sentinel_docs,.md,2139,91,sentinel-control/docs/browser,P4H_V_FULL_LIVE_SELF_HOSTED_FLUENCY_RUNNER.md,2026-05-08T14:17:49.657852+00:00
sentinel-control/docs/browser/P4H_V_LOCK_VERDICT.md,sentinel_docs,.md,836,40,sentinel-control/docs/browser,P4H_V_LOCK_VERDICT.md,2026-05-08T14:17:49.659117+00:00
sentinel-control/docs/browser/P4H_V_REMAINING_GAP.md,sentinel_docs,.md,1233,49,sentinel-control/docs/browser,P4H_V_REMAINING_GAP.md,2026-05-08T14:17:49.659117+00:00
sentinel-control/docs/browser/P4H_W_30RUN_SCORECARD.md,sentinel_docs,.md,1360,46,sentinel-control/docs/browser,P4H_W_30RUN_SCORECARD.md,2026-04-30T11:55:15.134417+00:00
sentinel-control/docs/browser/P4H_W_CROP_ZOOM_OCR_FALLBACK.md,sentinel_docs,.md,1244,55,sentinel-control/docs/browser,P4H_W_CROP_ZOOM_OCR_FALLBACK.md,2026-04-30T11:55:15.127581+00:00
sentinel-control/docs/browser/P4H_W_LOCK_VERDICT.md,sentinel_docs,.md,1262,54,sentinel-control/docs/browser,P4H_W_LOCK_VERDICT.md,2026-04-30T11:55:15.136410+00:00
sentinel-control/docs/browser/P4H_W_REAL_VISUAL_HARNESS.md,sentinel_docs,.md,2090,74,sentinel-control/docs/browser,P4H_W_REAL_VISUAL_HARNESS.md,2026-04-30T11:55:15.121549+00:00
sentinel-control/docs/browser/P4H_W_R_BENCHMARK_PLAN.md,sentinel_docs,.md,1799,71,sentinel-control/docs/browser,P4H_W_R_BENCHMARK_PLAN.md,2026-05-08T14:17:49.663604+00:00
sentinel-control/docs/browser/P4H_W_R_LOCK_VERDICT.md,sentinel_docs,.md,756,42,sentinel-control/docs/browser,P4H_W_R_LOCK_VERDICT.md,2026-05-08T14:17:49.664134+00:00
sentinel-control/docs/browser/P4H_W_R_SENTINEL_VISUAL_ARCHITECTURE.md,sentinel_docs,.md,2118,87,sentinel-control/docs/browser,P4H_W_R_SENTINEL_VISUAL_ARCHITECTURE.md,2026-05-08T14:17:49.665697+00:00
sentinel-control/docs/browser/P4H_W_R_VISUAL_PERCEPTION_RESEARCH.md,sentinel_docs,.md,2991,125,sentinel-control/docs/browser,P4H_W_R_VISUAL_PERCEPTION_RESEARCH.md,2026-05-08T14:17:49.665697+00:00
sentinel-control/docs/browser/P4H_W_VISUAL_GROUNDING_VERIFIER.md,sentinel_docs,.md,1221,63,sentinel-control/docs/browser,P4H_W_VISUAL_GROUNDING_VERIFIER.md,2026-04-30T11:55:15.128598+00:00
sentinel-control/docs/browser/P4H_W_VISUAL_OBSERVATION_MODEL.md,sentinel_docs,.md,1467,62,sentinel-control/docs/browser,P4H_W_VISUAL_OBSERVATION_MODEL.md,2026-04-30T11:55:15.122564+00:00
sentinel-control/docs/browser/P4H_X_ACTION_ENGINE_V0.md,sentinel_docs,.md,1606,75,sentinel-control/docs/browser,P4H_X_ACTION_ENGINE_V0.md,2026-05-08T14:17:49.670043+00:00
sentinel-control/docs/browser/P4H_X_BROWSER_BACKEND_SLICE.md,sentinel_docs,.md,1196,58,sentinel-control/docs/browser,P4H_X_BROWSER_BACKEND_SLICE.md,2026-05-08T14:17:49.671046+00:00
sentinel-control/docs/browser/P4H_X_COMPILED_MISSION_POLICY_IMPL.md,sentinel_docs,.md,1184,65,sentinel-control/docs/browser,P4H_X_COMPILED_MISSION_POLICY_IMPL.md,2026-05-08T14:17:49.672045+00:00
sentinel-control/docs/browser/P4H_X_LOCK_VERDICT.md,sentinel_docs,.md,1995,75,sentinel-control/docs/browser,P4H_X_LOCK_VERDICT.md,2026-05-08T14:17:49.674047+00:00
sentinel-control/docs/browser/P4H_X_PERCEPTION_ENGINE_V0.md,sentinel_docs,.md,1563,88,sentinel-control/docs/browser,P4H_X_PERCEPTION_ENGINE_V0.md,2026-05-08T14:17:49.675046+00:00
sentinel-control/docs/browser/P4H_X_R_AGGRESSIVE_OPERATOR_DOCTRINE.md,sentinel_docs,.md,2435,107,sentinel-control/docs/browser,P4H_X_R_AGGRESSIVE_OPERATOR_DOCTRINE.md,2026-04-30T12:50:38.651782+00:00
sentinel-control/docs/browser/P4H_X_R_BRAIN_LLM_PERCEPTION_CONTEXT.md,sentinel_docs,.md,1616,98,sentinel-control/docs/browser,P4H_X_R_BRAIN_LLM_PERCEPTION_CONTEXT.md,2026-04-30T12:49:15.980045+00:00
sentinel-control/docs/browser/P4H_X_R_COMPILED_MISSION_POLICY.md,sentinel_docs,.md,2000,96,sentinel-control/docs/browser,P4H_X_R_COMPILED_MISSION_POLICY.md,2026-04-30T12:49:15.977467+00:00
sentinel-control/docs/browser/P4H_X_R_GUI_GROUNDING_BENCHMARK_RESEARCH.md,sentinel_docs,.md,2590,99,sentinel-control/docs/browser,P4H_X_R_GUI_GROUNDING_BENCHMARK_RESEARCH.md,2026-04-30T12:50:38.650784+00:00
sentinel-control/docs/browser/P4H_X_R_LOCK_VERDICT.md,sentinel_docs,.md,1945,105,sentinel-control/docs/browser,P4H_X_R_LOCK_VERDICT.md,2026-04-30T12:49:15.982042+00:00
sentinel-control/docs/browser/P4H_X_R_PERCEPTION_ACTION_ENGINE_RESEARCH.md,sentinel_docs,.md,2920,88,sentinel-control/docs/browser,P4H_X_R_PERCEPTION_ACTION_ENGINE_RESEARCH.md,2026-04-30T12:50:38.647784+00:00
sentinel-control/docs/browser/P4H_X_R_PERCEPTION_TO_ACTION_LINK.md,sentinel_docs,.md,1842,90,sentinel-control/docs/browser,P4H_X_R_PERCEPTION_TO_ACTION_LINK.md,2026-04-30T12:49:15.979532+00:00
sentinel-control/docs/browser/P4H_X_R_SCENE_MODEL_DECISION.md,sentinel_docs,.md,1570,96,sentinel-control/docs/browser,P4H_X_R_SCENE_MODEL_DECISION.md,2026-04-30T12:49:15.978466+00:00
sentinel-control/docs/browser/P4H_Y_30RUN_OPERATOR_SCORECARD.md,sentinel_docs,.md,1618,61,sentinel-control/docs/browser,P4H_Y_30RUN_OPERATOR_SCORECARD.md,2026-05-08T14:17:49.681582+00:00
sentinel-control/docs/browser/P4H_Y_BROWSER_OPERATOR_TRIAL_RUNNER.md,sentinel_docs,.md,1345,74,sentinel-control/docs/browser,P4H_Y_BROWSER_OPERATOR_TRIAL_RUNNER.md,2026-05-08T14:17:49.682585+00:00
sentinel-control/docs/browser/P4H_Y_LOCK_VERDICT.md,sentinel_docs,.md,1238,72,sentinel-control/docs/browser,P4H_Y_LOCK_VERDICT.md,2026-05-08T14:17:49.683584+00:00
sentinel-control/docs/browser/P4H_Z_30RUN_OPERATOR_HARDENING_SCORECARD.md,sentinel_docs,.md,1486,62,sentinel-control/docs/browser,P4H_Z_30RUN_OPERATOR_HARDENING_SCORECARD.md,2026-05-08T14:17:49.685586+00:00
sentinel-control/docs/browser/P4H_Z_BROWSER_OPERATOR_HARDENING.md,sentinel_docs,.md,1455,75,sentinel-control/docs/browser,P4H_Z_BROWSER_OPERATOR_HARDENING.md,2026-05-08T14:17:49.687587+00:00
sentinel-control/docs/browser/P4H_Z_FAILURE_ANALYSIS.md,sentinel_docs,.md,1078,48,sentinel-control/docs/browser,P4H_Z_FAILURE_ANALYSIS.md,2026-05-08T14:17:49.688587+00:00
sentinel-control/docs/browser/P4H_Z_LOCK_VERDICT.md,sentinel_docs,.md,1330,76,sentinel-control/docs/browser,P4H_Z_LOCK_VERDICT.md,2026-05-08T14:17:49.689588+00:00
sentinel-control/docs/browser/README.md,sentinel_docs,.md,24004,513,sentinel-control/docs/browser,README.md,2026-05-01T13:48:38.750232+00:00
sentinel-control/docs/llm/DELEGATED_LLM_AGENCY_MODEL.md,sentinel_docs,.md,3235,133,sentinel-control/docs/llm,DELEGATED_LLM_AGENCY_MODEL.md,2026-05-19T07:52:15.876236+00:00
sentinel-control/docs/llm/LLM_COGNITION_AND_OPERATION_ZONES.md,sentinel_docs,.md,3652,170,sentinel-control/docs/llm,LLM_COGNITION_AND_OPERATION_ZONES.md,2026-05-19T07:52:15.879238+00:00
sentinel-control/docs/llm/LLM_DELEGATED_ACTION_LADDER.md,sentinel_docs,.md,5143,119,sentinel-control/docs/llm,LLM_DELEGATED_ACTION_LADDER.md,2026-05-19T07:52:15.883236+00:00
sentinel-control/docs/llm/LLM_LOOP_RECEIPTS_AND_FEEDBACK.md,sentinel_docs,.md,2060,108,sentinel-control/docs/llm,LLM_LOOP_RECEIPTS_AND_FEEDBACK.md,2026-05-19T07:52:15.893243+00:00
sentinel-control/docs/llm/LLM_MULTI_MODEL_SPECIALIZATION_ROADMAP.md,sentinel_docs,.md,2065,85,sentinel-control/docs/llm,LLM_MULTI_MODEL_SPECIALIZATION_ROADMAP.md,2026-05-19T07:52:15.949769+00:00
sentinel-control/docs/llm/LLM_POWER_UNLEASH_DOCTRINE.md,sentinel_docs,.md,3933,134,sentinel-control/docs/llm,LLM_POWER_UNLEASH_DOCTRINE.md,2026-05-19T07:53:14.596084+00:00
sentinel-control/docs/llm/LLM_POWER_UNLEASH_IMPLEMENTATION_ROADMAP.md,sentinel_docs,.md,3025,112,sentinel-control/docs/llm,LLM_POWER_UNLEASH_IMPLEMENTATION_ROADMAP.md,2026-05-19T07:52:15.952772+00:00
sentinel-control/docs/llm/LLM_PROPOSAL_TO_DELEGATED_EXECUTION_GATE.md,sentinel_docs,.md,2489,108,sentinel-control/docs/llm,LLM_PROPOSAL_TO_DELEGATED_EXECUTION_GATE.md,2026-05-19T07:52:15.884236+00:00
sentinel-control/docs/llm/LLM_ROLE_CONTRACTS.md,sentinel_docs,.md,9868,224,sentinel-control/docs/llm,LLM_ROLE_CONTRACTS.md,2026-05-19T07:52:15.882237+00:00
sentinel-control/docs/llm/LLM_ROLE_HIERARCHY.md,sentinel_docs,.md,2401,74,sentinel-control/docs/llm,LLM_ROLE_HIERARCHY.md,2026-05-19T07:52:15.880237+00:00
sentinel-control/docs/llm/LLM_SELF_IMPROVEMENT_PROPOSAL_LOOP.md,sentinel_docs,.md,1844,90,sentinel-control/docs/llm,LLM_SELF_IMPROVEMENT_PROPOSAL_LOOP.md,2026-05-19T07:52:15.945773+00:00
sentinel-control/docs/llm/memory/MEMORY_AUTHORITY_FIREWALL.md,sentinel_docs,.md,3567,162,sentinel-control/docs/llm/memory,MEMORY_AUTHORITY_FIREWALL.md,2026-05-19T10:31:42.941318+00:00
sentinel-control/docs/llm/memory/MEMORY_BRIDGE_LAB_PREMORTEM.md,sentinel_docs,.md,6400,264,sentinel-control/docs/llm/memory,MEMORY_BRIDGE_LAB_PREMORTEM.md,2026-05-19T10:31:42.936316+00:00
sentinel-control/docs/llm/memory/MEMORY_CONTROL_SYSTEM_MODEL.md,sentinel_docs,.md,4229,185,sentinel-control/docs/llm/memory,MEMORY_CONTROL_SYSTEM_MODEL.md,2026-05-19T10:31:42.939317+00:00
sentinel-control/docs/llm/memory/MEMORY_EPISTEMIC_MODEL.md,sentinel_docs,.md,5556,182,sentinel-control/docs/llm/memory,MEMORY_EPISTEMIC_MODEL.md,2026-05-19T10:31:42.937318+00:00
sentinel-control/docs/llm/memory/MEMORY_FAILURE_MODES.md,sentinel_docs,.md,5099,251,sentinel-control/docs/llm/memory,MEMORY_FAILURE_MODES.md,2026-05-19T10:31:42.942315+00:00
sentinel-control/docs/llm/memory/MEMORY_IMPLEMENTATION_READINESS_CHECKLIST.md,sentinel_docs,.md,5632,197,sentinel-control/docs/llm/memory,MEMORY_IMPLEMENTATION_READINESS_CHECKLIST.md,2026-05-19T11:11:28.398632+00:00
sentinel-control/docs/llm/memory/MEMORY_MASTER_IMPLEMENTATION_ROADMAP.md,sentinel_docs,.md,11477,454,sentinel-control/docs/llm/memory,MEMORY_MASTER_IMPLEMENTATION_ROADMAP.md,2026-05-19T11:17:11.414285+00:00
sentinel-control/docs/llm/memory/PERSISTENT_SEMANTIC_MEMORY_V1_SPEC.md,sentinel_docs,.md,8010,218,sentinel-control/docs/llm/memory,PERSISTENT_SEMANTIC_MEMORY_V1_SPEC.md,2026-06-07T07:43:04.214744+00:00
sentinel-control/docs/mission-os/CUEIDEA_SENTINEL_EVIDENCE_CONTRACT.md,sentinel_docs,.md,4915,88,sentinel-control/docs/mission-os,CUEIDEA_SENTINEL_EVIDENCE_CONTRACT.md,2026-04-26T12:38:32.072758+00:00
sentinel-control/docs/mission-os/FIREWALL_POLICIES.md,sentinel_docs,.md,1076,40,sentinel-control/docs/mission-os,FIREWALL_POLICIES.md,2026-05-08T14:17:49.694054+00:00
sentinel-control/docs/mission-os/GTM_OPERATOR_SPEC.md,sentinel_docs,.md,1052,47,sentinel-control/docs/mission-os,GTM_OPERATOR_SPEC.md,2026-05-08T14:17:49.695586+00:00
sentinel-control/docs/mission-os/README.md,sentinel_docs,.md,469,16,sentinel-control/docs/mission-os,README.md,2026-05-08T14:17:49.696722+00:00
sentinel-control/docs/mission-os/SECURITY_MODEL.md,sentinel_docs,.md,2780,88,sentinel-control/docs/mission-os,SECURITY_MODEL.md,2026-04-26T11:25:52.822490+00:00
sentinel-control/docs/operations/DEPLOYMENT_PLAN.md,sentinel_docs,.md,2094,63,sentinel-control/docs/operations,DEPLOYMENT_PLAN.md,2026-04-26T11:25:52.815501+00:00
sentinel-control/docs/operations/README.md,sentinel_docs,.md,343,15,sentinel-control/docs/operations,README.md,2026-04-28T14:31:35.751125+00:00
sentinel-control/docs/operator/LLM_LIVE_OPERATOR_COCKPIT_QUICKSTART.md,sentinel_docs,.md,2978,111,sentinel-control/docs/operator,LLM_LIVE_OPERATOR_COCKPIT_QUICKSTART.md,2026-06-06T01:45:58.925313+00:00
sentinel-control/docs/operator/SENTINEL_LLM_LIVE_OPERATOR_COCKPIT_AND_MISSION_KERNEL_V0_SPEC.md,sentinel_docs,.md,5865,265,sentinel-control/docs/operator,SENTINEL_LLM_LIVE_OPERATOR_COCKPIT_AND_MISSION_KERNEL_V0_SPEC.md,2026-06-06T01:05:06.151675+00:00
sentinel-control/docs/organs/BROWSER_DEVTOOLS_MCP_HARVEST_MATRIX.md,sentinel_docs,.md,12177,297,sentinel-control/docs/organs,BROWSER_DEVTOOLS_MCP_HARVEST_MATRIX.md,2026-05-31T07:41:21.607422+00:00
sentinel-control/docs/organs/BROWSER_READONLY_OR_PREPARATION_SPEC.md,sentinel_docs,.md,24058,809,sentinel-control/docs/organs,BROWSER_READONLY_OR_PREPARATION_SPEC.md,2026-05-20T12:13:39.932487+00:00
sentinel-control/docs/organs/DELEGATED_LOW_RISK_ACTION_EXECUTION_L2_L3_SPEC.md,sentinel_docs,.md,5478,192,sentinel-control/docs/organs,DELEGATED_LOW_RISK_ACTION_EXECUTION_L2_L3_SPEC.md,2026-05-19T15:04:09.006914+00:00
sentinel-control/docs/organs/L2_DRAFT_LOCAL_ARTIFACT_CONTRACT.md,sentinel_docs,.md,3257,125,sentinel-control/docs/organs,L2_DRAFT_LOCAL_ARTIFACT_CONTRACT.md,2026-05-19T15:04:09.016917+00:00
sentinel-control/docs/organs/L3_REVERSIBLE_WORKSPACE_ACTION_CONTRACT.md,sentinel_docs,.md,3558,128,sentinel-control/docs/organs,L3_REVERSIBLE_WORKSPACE_ACTION_CONTRACT.md,2026-05-19T15:04:09.023920+00:00
sentinel-control/docs/organs/LOW_RISK_EXECUTION_RECEIPT_MODEL.md,sentinel_docs,.md,2334,101,sentinel-control/docs/organs,LOW_RISK_EXECUTION_RECEIPT_MODEL.md,2026-05-19T15:04:09.028917+00:00
sentinel-control/docs/organs/LOW_RISK_EXECUTION_ROLLBACK_MODEL.md,sentinel_docs,.md,2574,97,sentinel-control/docs/organs,LOW_RISK_EXECUTION_ROLLBACK_MODEL.md,2026-05-19T15:04:09.036920+00:00
sentinel-control/docs/organs/LOW_RISK_EXECUTION_TEST_PLAN.md,sentinel_docs,.md,3537,107,sentinel-control/docs/organs,LOW_RISK_EXECUTION_TEST_PLAN.md,2026-05-19T15:04:09.040924+00:00
sentinel-control/docs/organs/MAX_POWER_ORGAN_ATLAS.md,sentinel_docs,.md,13924,90,sentinel-control/docs/organs,MAX_POWER_ORGAN_ATLAS.md,2026-05-19T15:31:00.349856+00:00
sentinel-control/docs/organs/ORGAN_EXECUTION_EXPANSION_ROADMAP.md,sentinel_docs,.md,39603,1192,sentinel-control/docs/organs,ORGAN_EXECUTION_EXPANSION_ROADMAP.md,2026-06-07T18:00:34.146371+00:00
sentinel-control/docs/organs/ORGAN_GAP_ANALYSIS.md,sentinel_docs,.md,14069,657,sentinel-control/docs/organs,ORGAN_GAP_ANALYSIS.md,2026-05-21T11:09:05.615058+00:00
sentinel-control/docs/organs/ORGAN_HARVEST_AND_INTEGRATION_PLAN.md,sentinel_docs,.md,10208,404,sentinel-control/docs/organs,ORGAN_HARVEST_AND_INTEGRATION_PLAN.md,2026-05-20T11:48:20.796264+00:00
sentinel-control/docs/organs/ORGAN_IMPLEMENTATION_ORDER.md,sentinel_docs,.md,6958,296,sentinel-control/docs/organs,ORGAN_IMPLEMENTATION_ORDER.md,2026-05-19T15:31:42.657508+00:00
sentinel-control/docs/organs/ORGAN_INTERFACE_STANDARD_V1.md,sentinel_docs,.md,5679,241,sentinel-control/docs/organs,ORGAN_INTERFACE_STANDARD_V1.md,2026-05-19T15:31:42.665509+00:00
sentinel-control/docs/organs/ORGAN_KEEP_REWRITE_DROP_MATRIX.md,sentinel_docs,.md,11273,120,sentinel-control/docs/organs,ORGAN_KEEP_REWRITE_DROP_MATRIX.md,2026-05-20T11:48:20.793266+00:00
sentinel-control/docs/organs/ORGAN_POWER_CLASSIFICATION_MATRIX.md,sentinel_docs,.md,13087,87,sentinel-control/docs/organs,ORGAN_POWER_CLASSIFICATION_MATRIX.md,2026-05-20T11:48:20.792261+00:00
sentinel-control/docs/organs/ORGAN_POWER_VS_CONTROL_DOCTRINE.md,sentinel_docs,.md,3409,183,sentinel-control/docs/organs,ORGAN_POWER_VS_CONTROL_DOCTRINE.md,2026-05-19T15:31:42.673508+00:00
sentinel-control/docs/organs/ORGAN_STATE_OF_THE_SYSTEM_AUDIT.md,sentinel_docs,.md,21705,282,sentinel-control/docs/organs,ORGAN_STATE_OF_THE_SYSTEM_AUDIT.md,2026-05-20T11:48:20.789265+00:00
sentinel-control/docs/organs/ORGAN_VENDOR_AUDIT_BACKLOG.md,sentinel_docs,.md,6151,92,sentinel-control/docs/organs,ORGAN_VENDOR_AUDIT_BACKLOG.md,2026-05-19T15:30:30.021124+00:00
sentinel-control/docs/organs/P6A_EXTERNAL_ORGAN_FOUNDRY_SCORECARD.md,sentinel_docs,.md,3478,120,sentinel-control/docs/organs,P6A_EXTERNAL_ORGAN_FOUNDRY_SCORECARD.md,2026-05-09T00:24:08.518643+00:00
sentinel-control/docs/organs/P6A_LOCK_VERDICT.md,sentinel_docs,.md,2466,82,sentinel-control/docs/organs,P6A_LOCK_VERDICT.md,2026-05-09T00:24:08.519645+00:00
sentinel-control/docs/organs/P6B_AGENT_LAB_ORGAN_HARVEST_SCORECARD.md,sentinel_docs,.md,3132,122,sentinel-control/docs/organs,P6B_AGENT_LAB_ORGAN_HARVEST_SCORECARD.md,2026-05-09T00:18:12.833552+00:00
sentinel-control/docs/organs/P6B_LOCK_VERDICT.md,sentinel_docs,.md,1362,58,sentinel-control/docs/organs,P6B_LOCK_VERDICT.md,2026-05-09T00:18:12.834553+00:00
sentinel-control/docs/organs/P6C_BROWSER_ORGAN_CONTRACT_REVIEW_SCORECARD.md,sentinel_docs,.md,3667,111,sentinel-control/docs/organs,P6C_BROWSER_ORGAN_CONTRACT_REVIEW_SCORECARD.md,2026-05-09T00:43:16.200660+00:00
sentinel-control/docs/organs/P6C_LOCK_VERDICT.md,sentinel_docs,.md,1450,72,sentinel-control/docs/organs,P6C_LOCK_VERDICT.md,2026-05-09T00:43:31.153129+00:00
sentinel-control/docs/organs/P6D_EXTERNAL_API_ORGAN_SCORECARD.md,sentinel_docs,.md,2635,80,sentinel-control/docs/organs,P6D_EXTERNAL_API_ORGAN_SCORECARD.md,2026-05-09T00:50:36.699138+00:00
sentinel-control/docs/organs/P6D_LOCK_VERDICT.md,sentinel_docs,.md,1360,70,sentinel-control/docs/organs,P6D_LOCK_VERDICT.md,2026-05-09T00:51:07.112141+00:00
sentinel-control/docs/organs/P6E_CHANNEL_ORGAN_SCORECARD.md,sentinel_docs,.md,2472,79,sentinel-control/docs/organs,P6E_CHANNEL_ORGAN_SCORECARD.md,2026-05-09T00:58:34.494613+00:00
sentinel-control/docs/organs/P6E_LOCK_VERDICT.md,sentinel_docs,.md,1402,73,sentinel-control/docs/organs,P6E_LOCK_VERDICT.md,2026-05-09T00:58:49.327194+00:00
sentinel-control/docs/organs/P6F_CREDENTIAL_VAULT_POLICY_SCORECARD.md,sentinel_docs,.md,2370,78,sentinel-control/docs/organs,P6F_CREDENTIAL_VAULT_POLICY_SCORECARD.md,2026-05-09T01:05:11.361433+00:00
sentinel-control/docs/organs/P6F_LOCK_VERDICT.md,sentinel_docs,.md,1327,72,sentinel-control/docs/organs,P6F_LOCK_VERDICT.md,2026-05-09T01:05:27.427640+00:00
sentinel-control/docs/organs/P6G_CAPITAL_OPERATOR_SANDBOX_SCORECARD.md,sentinel_docs,.md,1694,60,sentinel-control/docs/organs,P6G_CAPITAL_OPERATOR_SANDBOX_SCORECARD.md,2026-05-09T01:28:50.827195+00:00
sentinel-control/docs/organs/P6G_LOCK_VERDICT.md,sentinel_docs,.md,1051,54,sentinel-control/docs/organs,P6G_LOCK_VERDICT.md,2026-05-09T01:29:08.621150+00:00
sentinel-control/docs/organs/P6H_LOCK_VERDICT.md,sentinel_docs,.md,1036,54,sentinel-control/docs/organs,P6H_LOCK_VERDICT.md,2026-05-09T01:33:12.896942+00:00
sentinel-control/docs/organs/P6H_SPEND_RUNTIME_LIMITED_SCORECARD.md,sentinel_docs,.md,1803,62,sentinel-control/docs/organs,P6H_SPEND_RUNTIME_LIMITED_SCORECARD.md,2026-05-09T01:33:02.797720+00:00
sentinel-control/docs/organs/P6I5_CAPITAL_STACK_HARDENING_SCORECARD.md,sentinel_docs,.md,2477,99,sentinel-control/docs/organs,P6I5_CAPITAL_STACK_HARDENING_SCORECARD.md,2026-05-09T12:19:24.827905+00:00
sentinel-control/docs/organs/P6I5_LOCK_VERDICT.md,sentinel_docs,.md,1571,60,sentinel-control/docs/organs,P6I5_LOCK_VERDICT.md,2026-05-09T12:35:19.554689+00:00
sentinel-control/docs/organs/P6I6_LOCK_VERDICT.md,sentinel_docs,.md,1999,72,sentinel-control/docs/organs,P6I6_LOCK_VERDICT.md,2026-05-09T12:39:21.967108+00:00
sentinel-control/docs/organs/P6I6_TRADINGAGENTS_HARVEST_SCORECARD.md,sentinel_docs,.md,2435,109,sentinel-control/docs/organs,P6I6_TRADINGAGENTS_HARVEST_SCORECARD.md,2026-05-09T12:39:21.951105+00:00
sentinel-control/docs/organs/P6I_LOCK_VERDICT.md,sentinel_docs,.md,1053,55,sentinel-control/docs/organs,P6I_LOCK_VERDICT.md,2026-05-09T12:19:53.502469+00:00
sentinel-control/docs/organs/P6I_TRADING_SPECIAL_AUTHORITY_SCORECARD.md,sentinel_docs,.md,1818,63,sentinel-control/docs/organs,P6I_TRADING_SPECIAL_AUTHORITY_SCORECARD.md,2026-05-09T01:38:17.342905+00:00
sentinel-control/docs/organs/P6J1_LOCK_VERDICT.md,sentinel_docs,.md,1692,57,sentinel-control/docs/organs,P6J1_LOCK_VERDICT.md,2026-05-09T13:07:25.376939+00:00
sentinel-control/docs/organs/P6J1_POWER_SURFACE_DOCTRINE_REFRAME.md,sentinel_docs,.md,2167,95,sentinel-control/docs/organs,P6J1_POWER_SURFACE_DOCTRINE_REFRAME.md,2026-05-09T13:03:47.376719+00:00
sentinel-control/docs/organs/P6J_AGENTLAB_IMPLEMENTATION_ALIGNMENT.md,sentinel_docs,.md,3431,108,sentinel-control/docs/organs,P6J_AGENTLAB_IMPLEMENTATION_ALIGNMENT.md,2026-05-09T13:02:10.927545+00:00
sentinel-control/docs/organs/P6J_LOCK_VERDICT.md,sentinel_docs,.md,2048,64,sentinel-control/docs/organs,P6J_LOCK_VERDICT.md,2026-05-09T13:02:32.529593+00:00
sentinel-control/docs/organs/P6J_VENDOR_PATTERN_TO_ORGAN_GAP_MATRIX.md,sentinel_docs,.md,4648,56,sentinel-control/docs/organs,P6J_VENDOR_PATTERN_TO_ORGAN_GAP_MATRIX.md,2026-05-09T13:02:24.442339+00:00
sentinel-control/docs/organs/P6K_DESKTOP_AGENTLAB_HARVEST_SCORECARD.md,sentinel_docs,.md,2984,111,sentinel-control/docs/organs,P6K_DESKTOP_AGENTLAB_HARVEST_SCORECARD.md,2026-05-09T18:21:07.762944+00:00
sentinel-control/docs/organs/P6K_LOCK_VERDICT.md,sentinel_docs,.md,2272,70,sentinel-control/docs/organs,P6K_LOCK_VERDICT.md,2026-05-09T18:21:07.780481+00:00
sentinel-control/docs/organs/P6L_DESKTOP_SIDECAR_ORGAN_SCORECARD.md,sentinel_docs,.md,3344,118,sentinel-control/docs/organs,P6L_DESKTOP_SIDECAR_ORGAN_SCORECARD.md,2026-05-09T18:43:26.763532+00:00
sentinel-control/docs/organs/P6L_LOCK_VERDICT.md,sentinel_docs,.md,2624,78,sentinel-control/docs/organs,P6L_LOCK_VERDICT.md,2026-05-09T18:43:26.783695+00:00
sentinel-control/docs/organs/P6M_LOCK_VERDICT.md,sentinel_docs,.md,1696,75,sentinel-control/docs/organs,P6M_LOCK_VERDICT.md,2026-05-09T18:59:22.691896+00:00
sentinel-control/docs/organs/P6M_REALITY_ACTIVATION_SCORECARD.md,sentinel_docs,.md,2172,86,sentinel-control/docs/organs,P6M_REALITY_ACTIVATION_SCORECARD.md,2026-05-09T18:59:22.672106+00:00
sentinel-control/docs/organs/P6N_EXISTING_ORGANS_CAPABILITY_FRONTIER_SCORECARD.md,sentinel_docs,.md,3755,148,sentinel-control/docs/organs,P6N_EXISTING_ORGANS_CAPABILITY_FRONTIER_SCORECARD.md,2026-05-09T19:16:36.808318+00:00
sentinel-control/docs/organs/P6N_LOCK_VERDICT.md,sentinel_docs,.md,1713,70,sentinel-control/docs/organs,P6N_LOCK_VERDICT.md,2026-05-09T19:16:36.857817+00:00
sentinel-control/docs/organs/P6N_ORGAN_LIMITS_MAP.md,sentinel_docs,.md,3374,234,sentinel-control/docs/organs,P6N_ORGAN_LIMITS_MAP.md,2026-05-09T19:16:36.833544+00:00
sentinel-control/docs/organs/P6O_EXISTING_ORGANS_REAL_WORLD_GAUNTLET_SCORECARD.md,sentinel_docs,.md,3962,143,sentinel-control/docs/organs,P6O_EXISTING_ORGANS_REAL_WORLD_GAUNTLET_SCORECARD.md,2026-05-09T19:30:15.575171+00:00
sentinel-control/docs/organs/P6O_LOCK_VERDICT.md,sentinel_docs,.md,2673,97,sentinel-control/docs/organs,P6O_LOCK_VERDICT.md,2026-05-09T19:30:47.235732+00:00
sentinel-control/docs/organs/P6O_REAL_WORLD_GAUNTLET_FIXES.md,sentinel_docs,.md,2157,104,sentinel-control/docs/organs,P6O_REAL_WORLD_GAUNTLET_FIXES.md,2026-05-09T19:30:30.177320+00:00
sentinel-control/docs/organs/P6P_EXISTING_ORGANS_RUNTIME_PROMOTION_PLAN_SCORECARD.md,sentinel_docs,.md,2211,106,sentinel-control/docs/organs,P6P_EXISTING_ORGANS_RUNTIME_PROMOTION_PLAN_SCORECARD.md,2026-05-09T20:23:58.677638+00:00
sentinel-control/docs/organs/P6P_LOCK_VERDICT.md,sentinel_docs,.md,1821,77,sentinel-control/docs/organs,P6P_LOCK_VERDICT.md,2026-05-09T20:24:35.175015+00:00
sentinel-control/docs/organs/P6P_RUNTIME_PROMOTION_PLAN.md,sentinel_docs,.md,3628,201,sentinel-control/docs/organs,P6P_RUNTIME_PROMOTION_PLAN.md,2026-05-09T20:24:20.176112+00:00
sentinel-control/docs/organs/P6S_A_LOCK_VERDICT.md,sentinel_docs,.md,2250,87,sentinel-control/docs/organs,P6S_A_LOCK_VERDICT.md,2026-05-10T12:20:10.563643+00:00
sentinel-control/docs/organs/P6S_B_DESKTOP_WORKSPACE_L6_SCORECARD.md,sentinel_docs,.md,3938,153,sentinel-control/docs/organs,P6S_B_DESKTOP_WORKSPACE_L6_SCORECARD.md,2026-05-10T12:32:25.409312+00:00
sentinel-control/docs/organs/P6S_B_LOCK_VERDICT.md,sentinel_docs,.md,2900,107,sentinel-control/docs/organs,P6S_B_LOCK_VERDICT.md,2026-05-10T12:32:32.897758+00:00
sentinel-control/docs/organs/P6S_DESKTOP_AGENTLAB_POWER_BINDING.md,sentinel_docs,.md,12784,538,sentinel-control/docs/organs,P6S_DESKTOP_AGENTLAB_POWER_BINDING.md,2026-05-10T12:19:25.453172+00:00
sentinel-control/docs/organs/P6T_A_LOCK_VERDICT.md,sentinel_docs,.md,2297,97,sentinel-control/docs/organs,P6T_A_LOCK_VERDICT.md,2026-05-10T12:41:09.638780+00:00
sentinel-control/docs/organs/P6T_BROWSER_AGENTLAB_POWER_BINDING.md,sentinel_docs,.md,10151,477,sentinel-control/docs/organs,P6T_BROWSER_AGENTLAB_POWER_BINDING.md,2026-05-10T12:40:54.147485+00:00
sentinel-control/docs/organs/P6T_B_BROWSER_CONTROLLED_NAVIGATION_L6_SCORECARD.md,sentinel_docs,.md,5252,191,sentinel-control/docs/organs,P6T_B_BROWSER_CONTROLLED_NAVIGATION_L6_SCORECARD.md,2026-05-10T13:20:59.846378+00:00
sentinel-control/docs/organs/P6T_B_LOCK_VERDICT.md,sentinel_docs,.md,3621,116,sentinel-control/docs/organs,P6T_B_LOCK_VERDICT.md,2026-05-10T13:21:06.210703+00:00
sentinel-control/docs/organs/VENDOR_ORGAN_HARVEST_MATRIX.md,sentinel_docs,.md,7652,87,sentinel-control/docs/organs,VENDOR_ORGAN_HARVEST_MATRIX.md,2026-05-19T15:31:42.676508+00:00
sentinel-control/docs/plans/DURABLE_MISSION_WORKFLOW_AND_AUTOMATIC_REPLAN_V1_IMPLEMENTATION_PLAN.md,sentinel_docs,.md,8308,238,sentinel-control/docs/plans,DURABLE_MISSION_WORKFLOW_AND_AUTOMATIC_REPLAN_V1_IMPLEMENTATION_PLAN.md,2026-06-07T13:28:27.813123+00:00
sentinel-control/docs/plans/PERSISTENT_SEMANTIC_MEMORY_V1_IMPLEMENTATION_PLAN.md,sentinel_docs,.md,4821,164,sentinel-control/docs/plans,PERSISTENT_SEMANTIC_MEMORY_V1_IMPLEMENTATION_PLAN.md,2026-06-07T08:23:15.250151+00:00
sentinel-control/docs/product/EVIDENCE_LEDGER_UI_MOCK.md,sentinel_docs,.md,939,45,sentinel-control/docs/product,EVIDENCE_LEDGER_UI_MOCK.md,2026-05-08T14:17:49.696722+00:00
sentinel-control/docs/product/PRODUCT_SPEC.md,sentinel_docs,.md,1597,49,sentinel-control/docs/product,PRODUCT_SPEC.md,2026-05-08T14:17:49.696722+00:00
sentinel-control/docs/product/README.md,sentinel_docs,.md,349,13,sentinel-control/docs/product,README.md,2026-05-08T14:17:49.701275+00:00
sentinel-control/docs/product/SENTINEL_DESKTOP_APP_UX_ARCHITECTURE_V1.md,sentinel_docs,.md,8893,456,sentinel-control/docs/product,SENTINEL_DESKTOP_APP_UX_ARCHITECTURE_V1.md,2026-06-13T02:36:14.457581+00:00
sentinel-control/docs/product/SENTINEL_DESKTOP_APP_UX_EVALUATION_V1.md,sentinel_docs,.md,18402,798,sentinel-control/docs/product,SENTINEL_DESKTOP_APP_UX_EVALUATION_V1.md,2026-06-13T02:36:14.461588+00:00
sentinel-control/docs/product/SENTINEL_DESKTOP_APP_V4_CLICKABLE_PROTOTYPE_REPORT.md,sentinel_docs,.md,7438,439,sentinel-control/docs/product,SENTINEL_DESKTOP_APP_V4_CLICKABLE_PROTOTYPE_REPORT.md,2026-06-13T02:41:49.770864+00:00
sentinel-control/docs/product/SENTINEL_DESKTOP_APP_V4_PROTOTYPE_PLAN.md,sentinel_docs,.md,13339,787,sentinel-control/docs/product,SENTINEL_DESKTOP_APP_V4_PROTOTYPE_PLAN.md,2026-06-13T02:36:14.463582+00:00
sentinel-control/docs/product/prototypes/sentinel_desktop_app_v4.html,sentinel_docs,.html,43567,641,sentinel-control/docs/product/prototypes,sentinel_desktop_app_v4.html,2026-06-13T02:41:04.960800+00:00
sentinel-control/docs/providers/AGENTLAB_MODEL_PROVIDER_ROUTING_AUDIT.md,sentinel_docs,.md,23326,514,sentinel-control/docs/providers,AGENTLAB_MODEL_PROVIDER_ROUTING_AUDIT.md,2026-05-18T14:42:15.487976+00:00
sentinel-control/docs/providers/AGENTLAB_TO_SENTINEL_PROVIDER_DESIGN_MATRIX.md,sentinel_docs,.md,12778,120,sentinel-control/docs/providers,AGENTLAB_TO_SENTINEL_PROVIDER_DESIGN_MATRIX.md,2026-05-18T14:42:15.488981+00:00
sentinel-control/docs/providers/OFFICIAL_PROVIDER_SURFACE_AUDIT.md,sentinel_docs,.md,22333,445,sentinel-control/docs/providers,OFFICIAL_PROVIDER_SURFACE_AUDIT.md,2026-05-18T15:08:46.556099+00:00
sentinel-control/docs/providers/PROVIDER_CATALOG_DESIGN.md,sentinel_docs,.md,9877,387,sentinel-control/docs/providers,PROVIDER_CATALOG_DESIGN.md,2026-05-18T15:08:46.559102+00:00
sentinel-control/docs/providers/PROVIDER_EXPANSION_PRE_IMPLEMENTATION_VERDICT.md,sentinel_docs,.md,9423,359,sentinel-control/docs/providers,PROVIDER_EXPANSION_PRE_IMPLEMENTATION_VERDICT.md,2026-05-18T14:42:15.502071+00:00
sentinel-control/docs/providers/PROVIDER_IMPLEMENTATION_ORDER.md,sentinel_docs,.md,7399,323,sentinel-control/docs/providers,PROVIDER_IMPLEMENTATION_ORDER.md,2026-05-18T15:08:46.565258+00:00
sentinel-control/docs/release/README.md,sentinel_docs,.md,326,13,sentinel-control/docs/release,README.md,2026-05-08T14:17:49.702317+00:00
sentinel-control/docs/release/RELEASE_CLEAN_ROOM_POLICY.md,sentinel_docs,.md,2413,85,sentinel-control/docs/release,RELEASE_CLEAN_ROOM_POLICY.md,2026-04-28T14:31:35.748093+00:00
sentinel-control/docs/research/P6Q0_AGENTLAB_FRONTIER_DEEP_RESEARCH.md,sentinel_docs,.md,11114,502,sentinel-control/docs/research,P6Q0_AGENTLAB_FRONTIER_DEEP_RESEARCH.md,2026-05-10T08:59:33.181590+00:00
sentinel-control/docs/research/P6Q0_AGENTLAB_POWER_TO_SENTINEL_REWRITE_MATRIX.md,sentinel_docs,.md,4400,58,sentinel-control/docs/research,P6Q0_AGENTLAB_POWER_TO_SENTINEL_REWRITE_MATRIX.md,2026-05-10T08:59:33.188589+00:00
sentinel-control/docs/research/P6Q0_CONTEXT_ECONOMY_FINDINGS.md,sentinel_docs,.md,3602,193,sentinel-control/docs/research,P6Q0_CONTEXT_ECONOMY_FINDINGS.md,2026-05-10T08:59:33.206588+00:00
sentinel-control/docs/research/P6Q0_LOCK_VERDICT.md,sentinel_docs,.md,2462,113,sentinel-control/docs/research,P6Q0_LOCK_VERDICT.md,2026-05-10T08:59:33.253137+00:00
sentinel-control/docs/research/P6Q0_SENTINEL_REWRITE_BACKLOG.md,sentinel_docs,.md,2590,110,sentinel-control/docs/research,P6Q0_SENTINEL_REWRITE_BACKLOG.md,2026-05-10T08:59:33.220589+00:00
sentinel-control/docs/research/P6Q0_TRENDING_REPO_CROSS_CHECK.md,sentinel_docs,.md,3850,85,sentinel-control/docs/research,P6Q0_TRENDING_REPO_CROSS_CHECK.md,2026-05-10T08:59:33.215590+00:00
sentinel-control/docs/research/P6Q_CONTEXT_PRESSURE_REPORT.md,sentinel_docs,.md,1509,76,sentinel-control/docs/research,P6Q_CONTEXT_PRESSURE_REPORT.md,2026-05-10T09:12:03.954545+00:00
sentinel-control/docs/research/P6Q_CONTEXT_TOKEN_AND_MODEL_ECONOMY_FRONTIER_SCORECARD.md,sentinel_docs,.md,1982,77,sentinel-control/docs/research,P6Q_CONTEXT_TOKEN_AND_MODEL_ECONOMY_FRONTIER_SCORECARD.md,2026-05-10T12:00:54.420840+00:00
sentinel-control/docs/research/P6Q_LOCK_VERDICT.md,sentinel_docs,.md,1191,58,sentinel-control/docs/research,P6Q_LOCK_VERDICT.md,2026-05-10T09:12:03.955550+00:00
sentinel-control/docs/research/P6Q_MODEL_COST_PROJECTION_REPORT.md,sentinel_docs,.md,1897,85,sentinel-control/docs/research,P6Q_MODEL_COST_PROJECTION_REPORT.md,2026-05-10T12:01:04.216824+00:00
sentinel-control/docs/research/P6R5_AGENT_LOOP_FORMAL_SPEC.md,sentinel_docs,.md,3085,133,sentinel-control/docs/research,P6R5_AGENT_LOOP_FORMAL_SPEC.md,2026-05-10T10:18:28.133931+00:00
sentinel-control/docs/research/P6R5_CODE_GROUNDED_REVIEW_ADDENDUM.md,sentinel_docs,.md,3483,121,sentinel-control/docs/research,P6R5_CODE_GROUNDED_REVIEW_ADDENDUM.md,2026-05-10T12:05:24.152019+00:00
sentinel-control/docs/research/P6R5_FAILURE_MODES_AND_PROOF_GAPS.md,sentinel_docs,.md,3438,93,sentinel-control/docs/research,P6R5_FAILURE_MODES_AND_PROOF_GAPS.md,2026-05-10T10:18:28.137183+00:00
sentinel-control/docs/research/P6R5_FUTURE_OR_GENERIC_VERDICT.md,sentinel_docs,.md,5187,105,sentinel-control/docs/research,P6R5_FUTURE_OR_GENERIC_VERDICT.md,2026-05-10T10:18:28.136147+00:00
sentinel-control/docs/research/P6R5_LOCK_VERDICT.md,sentinel_docs,.md,3359,103,sentinel-control/docs/research,P6R5_LOCK_VERDICT.md,2026-05-10T12:05:07.441467+00:00
sentinel-control/docs/research/P6R5_MATH_PHYSICS_ALGORITHM_MODEL.md,sentinel_docs,.md,4904,226,sentinel-control/docs/research,P6R5_MATH_PHYSICS_ALGORITHM_MODEL.md,2026-05-10T10:18:28.131395+00:00
sentinel-control/docs/research/P6R5_SENTINEL_COGNITIVE_MECHANICS_REVIEW.md,sentinel_docs,.md,5983,214,sentinel-control/docs/research,P6R5_SENTINEL_COGNITIVE_MECHANICS_REVIEW.md,2026-05-10T10:18:28.130363+00:00
sentinel-control/docs/research/P6R_DECISION_FRAME_SPEC.md,sentinel_docs,.md,1995,90,sentinel-control/docs/research,P6R_DECISION_FRAME_SPEC.md,2026-05-10T09:30:07.628069+00:00
sentinel-control/docs/research/P6R_LOCK_VERDICT.md,sentinel_docs,.md,2236,74,sentinel-control/docs/research,P6R_LOCK_VERDICT.md,2026-05-10T12:05:29.586882+00:00
sentinel-control/docs/research/P6R_SUBQUADRATIC_AGENT_CONTEXT_ENGINE_SCORECARD.md,sentinel_docs,.md,2544,85,sentinel-control/docs/research,P6R_SUBQUADRATIC_AGENT_CONTEXT_ENGINE_SCORECARD.md,2026-05-10T12:05:12.954927+00:00
sentinel-control/docs/reviews/ACCOUNT_CREATION_AND_LOGIN_SPECIAL_AUTHORITY_V1_LOCK_REPORT.md,sentinel_docs,.md,17039,344,sentinel-control/docs/reviews,ACCOUNT_CREATION_AND_LOGIN_SPECIAL_AUTHORITY_V1_LOCK_REPORT.md,2026-06-13T00:07:55.643962+00:00
sentinel-control/docs/reviews/ACCOUNT_CREATION_AND_LOGIN_SPECIAL_AUTHORITY_V1_RESEARCH_AND_DESIGN.md,sentinel_docs,.md,11131,301,sentinel-control/docs/reviews,ACCOUNT_CREATION_AND_LOGIN_SPECIAL_AUTHORITY_V1_RESEARCH_AND_DESIGN.md,2026-06-12T12:58:06.839925+00:00
sentinel-control/docs/reviews/ARTIFACT_REF_STORE_PERFORMANCE_GREEN_GATE_LOCK_REPORT.md,sentinel_docs,.md,8105,237,sentinel-control/docs/reviews,ARTIFACT_REF_STORE_PERFORMANCE_GREEN_GATE_LOCK_REPORT.md,2026-06-14T22:34:07.921038+00:00
sentinel-control/docs/reviews/AUDIT_REMEDIATION_BATCH_LOCK_REPORT.md,sentinel_docs,.md,7595,93,sentinel-control/docs/reviews,AUDIT_REMEDIATION_BATCH_LOCK_REPORT.md,2026-05-26T14:15:46.339410+00:00
sentinel-control/docs/reviews/BRAIN_NATIVE_CANDIDATE_SOURCE_AND_MEMORY_FEEDBACK_LOCK_REPORT.md,sentinel_docs,.md,9533,116,sentinel-control/docs/reviews,BRAIN_NATIVE_CANDIDATE_SOURCE_AND_MEMORY_FEEDBACK_LOCK_REPORT.md,2026-05-25T19:43:13.100037+00:00
sentinel-control/docs/reviews/BRAIN_TO_ORGAN_RUNTIME_CLOSED_LOOP_LOCK_REPORT.md,sentinel_docs,.md,8281,105,sentinel-control/docs/reviews,BRAIN_TO_ORGAN_RUNTIME_CLOSED_LOOP_LOCK_REPORT.md,2026-05-25T15:03:23.393314+00:00
sentinel-control/docs/reviews/BROWSER_ACCOUNT_CREATION_SPECIAL_AUTHORITY_L7_REPORT.md,sentinel_docs,.md,3558,123,sentinel-control/docs/reviews,BROWSER_ACCOUNT_CREATION_SPECIAL_AUTHORITY_L7_REPORT.md,2026-05-31T09:05:35.802833+00:00
sentinel-control/docs/reviews/BROWSER_BENCHMARK_GAUNTLET_WEB_ARENA_STYLE_REPORT.md,sentinel_docs,.md,3446,126,sentinel-control/docs/reviews,BROWSER_BENCHMARK_GAUNTLET_WEB_ARENA_STYLE_REPORT.md,2026-05-31T08:45:58.060358+00:00
sentinel-control/docs/reviews/BROWSER_BOUNDARY_MANAGER_L6_L7_REPORT.md,sentinel_docs,.md,3046,120,sentinel-control/docs/reviews,BROWSER_BOUNDARY_MANAGER_L6_L7_REPORT.md,2026-05-31T08:51:28.599228+00:00
sentinel-control/docs/reviews/BROWSER_CONTROLLED_EXTENSION_AND_WEBMCP_BRIDGE_L7_REPORT.md,sentinel_docs,.md,3761,120,sentinel-control/docs/reviews,BROWSER_CONTROLLED_EXTENSION_AND_WEBMCP_BRIDGE_L7_REPORT.md,2026-05-31T09:20:05.027344+00:00
sentinel-control/docs/reviews/BROWSER_DEVTOOLS_BACKEND_ADAPTER_FOUNDATION_V1_REPORT.md,sentinel_docs,.md,4464,194,sentinel-control/docs/reviews,BROWSER_DEVTOOLS_BACKEND_ADAPTER_FOUNDATION_V1_REPORT.md,2026-05-31T07:50:02.383059+00:00
sentinel-control/docs/reviews/BROWSER_DEVTOOLS_INPUT_PARITY_L5_L6_REPORT.md,sentinel_docs,.md,3629,139,sentinel-control/docs/reviews,BROWSER_DEVTOOLS_INPUT_PARITY_L5_L6_REPORT.md,2026-05-31T08:18:45.999224+00:00
sentinel-control/docs/reviews/BROWSER_DEVTOOLS_MACHINE_INTELLIGENCE_V1_REPORT.md,sentinel_docs,.md,3653,132,sentinel-control/docs/reviews,BROWSER_DEVTOOLS_MACHINE_INTELLIGENCE_V1_REPORT.md,2026-05-31T07:56:44.367671+00:00
sentinel-control/docs/reviews/BROWSER_DOWNLOAD_UPLOAD_QUARANTINE_L6_REPORT.md,sentinel_docs,.md,3538,120,sentinel-control/docs/reviews,BROWSER_DOWNLOAD_UPLOAD_QUARANTINE_L6_REPORT.md,2026-05-30T23:48:46.227349+00:00
sentinel-control/docs/reviews/BROWSER_FAILURE_RECOVERY_ENGINE_V1_REPORT.md,sentinel_docs,.md,3277,144,sentinel-control/docs/reviews,BROWSER_FAILURE_RECOVERY_ENGINE_V1_REPORT.md,2026-05-31T08:09:25.215495+00:00
sentinel-control/docs/reviews/BROWSER_FINAL_CAPABILITY_LOCK_REPORT.md,sentinel_docs,.md,4872,138,sentinel-control/docs/reviews,BROWSER_FINAL_CAPABILITY_LOCK_REPORT.md,2026-05-31T09:25:45.469153+00:00
sentinel-control/docs/reviews/BROWSER_FORM_SUBMIT_SPECIAL_AUTHORITY_L6_REPORT.md,sentinel_docs,.md,4544,142,sentinel-control/docs/reviews,BROWSER_FORM_SUBMIT_SPECIAL_AUTHORITY_L6_REPORT.md,2026-05-30T23:14:43.445395+00:00
sentinel-control/docs/reviews/BROWSER_JS_SANDBOX_SPECIAL_AUTHORITY_L6_REPORT.md,sentinel_docs,.md,3291,107,sentinel-control/docs/reviews,BROWSER_JS_SANDBOX_SPECIAL_AUTHORITY_L6_REPORT.md,2026-05-31T00:01:11.206913+00:00
sentinel-control/docs/reviews/BROWSER_LOGIN_CREDENTIAL_SESSION_BROKER_L6_REPORT.md,sentinel_docs,.md,4530,133,sentinel-control/docs/reviews,BROWSER_LOGIN_CREDENTIAL_SESSION_BROKER_L6_REPORT.md,2026-05-30T23:33:43.177760+00:00
sentinel-control/docs/reviews/BROWSER_MULTI_AGENT_OPERATOR_SQUAD_LOCK_REPORT.md,sentinel_docs,.md,1525,76,sentinel-control/docs/reviews,BROWSER_MULTI_AGENT_OPERATOR_SQUAD_LOCK_REPORT.md,2026-06-01T23:54:02.334522+00:00
sentinel-control/docs/reviews/BROWSER_MULTI_STEP_TASK_ORCHESTRATOR_V1_REPORT.md,sentinel_docs,.md,3563,136,sentinel-control/docs/reviews,BROWSER_MULTI_STEP_TASK_ORCHESTRATOR_V1_REPORT.md,2026-05-31T08:03:41.059940+00:00
sentinel-control/docs/reviews/BROWSER_NETWORK_HAR_RESPONSE_QUARANTINE_V1_REPORT.md,sentinel_docs,.md,3250,123,sentinel-control/docs/reviews,BROWSER_NETWORK_HAR_RESPONSE_QUARANTINE_V1_REPORT.md,2026-05-31T08:39:23.370419+00:00
sentinel-control/docs/reviews/BROWSER_NEURAL_AUDIT_REMEDIATION_LOCK_REPORT.md,sentinel_docs,.md,5235,87,sentinel-control/docs/reviews,BROWSER_NEURAL_AUDIT_REMEDIATION_LOCK_REPORT.md,2026-06-04T14:00:55.668024+00:00
sentinel-control/docs/reviews/BROWSER_NEURAL_CORTEX_V0A_SIGNAL_GRAPH_AND_PERCEPTION_REPORT.md,sentinel_docs,.md,2015,99,sentinel-control/docs/reviews,BROWSER_NEURAL_CORTEX_V0A_SIGNAL_GRAPH_AND_PERCEPTION_REPORT.md,2026-06-01T23:27:20.656155+00:00
sentinel-control/docs/reviews/BROWSER_NEURAL_CORTEX_V0B_MOTOR_PROPOSAL_REPORT.md,sentinel_docs,.md,1535,75,sentinel-control/docs/reviews,BROWSER_NEURAL_CORTEX_V0B_MOTOR_PROPOSAL_REPORT.md,2026-06-01T23:31:26.476057+00:00
sentinel-control/docs/reviews/BROWSER_NEURAL_GAUNTLET_LOCK_REPORT.md,sentinel_docs,.md,1602,73,sentinel-control/docs/reviews,BROWSER_NEURAL_GAUNTLET_LOCK_REPORT.md,2026-06-01T23:57:11.938531+00:00
sentinel-control/docs/reviews/BROWSER_NEURAL_MEMORY_FEEDBACK_LOCK_REPORT.md,sentinel_docs,.md,1623,74,sentinel-control/docs/reviews,BROWSER_NEURAL_MEMORY_FEEDBACK_LOCK_REPORT.md,2026-06-01T23:47:19.772851+00:00
sentinel-control/docs/reviews/BROWSER_NEURAL_OPERATOR_CORTEX_FINAL_AUDIT_REPORT.md,sentinel_docs,.md,2409,76,sentinel-control/docs/reviews,BROWSER_NEURAL_OPERATOR_CORTEX_FINAL_AUDIT_REPORT.md,2026-06-01T23:57:11.938531+00:00
sentinel-control/docs/reviews/BROWSER_NEURAL_OPERATOR_CORTEX_SPEC_REPORT.md,sentinel_docs,.md,2586,110,sentinel-control/docs/reviews,BROWSER_NEURAL_OPERATOR_CORTEX_SPEC_REPORT.md,2026-06-01T23:21:48.402961+00:00
sentinel-control/docs/reviews/BROWSER_OBSERVABILITY_AND_REPLAY_STUDIO_V1_REPORT.md,sentinel_docs,.md,3330,118,sentinel-control/docs/reviews,BROWSER_OBSERVABILITY_AND_REPLAY_STUDIO_V1_REPORT.md,2026-05-31T09:14:39.368231+00:00
sentinel-control/docs/reviews/BROWSER_OPERATING_SUBSYSTEM_HARDENED_LIVE_BACKEND_LOCK_REPORT.md,sentinel_docs,.md,6523,126,sentinel-control/docs/reviews,BROWSER_OPERATING_SUBSYSTEM_HARDENED_LIVE_BACKEND_LOCK_REPORT.md,2026-06-05T14:15:25.856643+00:00
sentinel-control/docs/reviews/BROWSER_OPERATING_SUBSYSTEM_STATE_RECONCILIATION_LOCK_REPORT.md,sentinel_docs,.md,12428,205,sentinel-control/docs/reviews,BROWSER_OPERATING_SUBSYSTEM_STATE_RECONCILIATION_LOCK_REPORT.md,2026-06-04T14:37:24.963170+00:00
sentinel-control/docs/reviews/BROWSER_OPERATOR_AGENT_L4_L5_LIVE_REPORT.md,sentinel_docs,.md,4821,136,sentinel-control/docs/reviews,BROWSER_OPERATOR_AGENT_L4_L5_LIVE_REPORT.md,2026-05-26T21:26:39.895548+00:00
sentinel-control/docs/reviews/BROWSER_PAYMENT_SPEND_SPECIAL_AUTHORITY_L7_REPORT.md,sentinel_docs,.md,3491,126,sentinel-control/docs/reviews,BROWSER_PAYMENT_SPEND_SPECIAL_AUTHORITY_L7_REPORT.md,2026-05-31T09:00:16.962622+00:00
sentinel-control/docs/reviews/BROWSER_PERFORMANCE_LIGHTHOUSE_ORGAN_V1_REPORT.md,sentinel_docs,.md,3456,127,sentinel-control/docs/reviews,BROWSER_PERFORMANCE_LIGHTHOUSE_ORGAN_V1_REPORT.md,2026-05-31T08:33:28.213453+00:00
sentinel-control/docs/reviews/BROWSER_RUNTIME_AGENTRUNTIME_FULL_BROWSER_STACK_LOCK_REPORT.md,sentinel_docs,.md,3293,111,sentinel-control/docs/reviews,BROWSER_RUNTIME_AGENTRUNTIME_FULL_BROWSER_STACK_LOCK_REPORT.md,2026-06-01T11:51:58.417994+00:00
sentinel-control/docs/reviews/BROWSER_RUNTIME_FAILURE_AND_CONCURRENCY_HARDENING_LOCK_REPORT.md,sentinel_docs,.md,4912,85,sentinel-control/docs/reviews,BROWSER_RUNTIME_FAILURE_AND_CONCURRENCY_HARDENING_LOCK_REPORT.md,2026-06-01T22:42:47.485040+00:00
sentinel-control/docs/reviews/BROWSER_RUNTIME_UNIFICATION_L5_DISPATCH_LOCK_REPORT.md,sentinel_docs,.md,7132,203,sentinel-control/docs/reviews,BROWSER_RUNTIME_UNIFICATION_L5_DISPATCH_LOCK_REPORT.md,2026-06-01T07:53:55.252871+00:00
sentinel-control/docs/reviews/BROWSER_RUNTIME_UNIFICATION_L6_LOGIN_FILE_JS_DISPATCH_LOCK_REPORT.md,sentinel_docs,.md,4882,138,sentinel-control/docs/reviews,BROWSER_RUNTIME_UNIFICATION_L6_LOGIN_FILE_JS_DISPATCH_LOCK_REPORT.md,2026-06-01T11:34:50.741906+00:00
sentinel-control/docs/reviews/BROWSER_SESSION_MANAGER_L5_LIVE_REPORT.md,sentinel_docs,.md,7997,215,sentinel-control/docs/reviews,BROWSER_SESSION_MANAGER_L5_LIVE_REPORT.md,2026-05-30T22:32:30.247381+00:00
sentinel-control/docs/reviews/BROWSER_TRAJECTORY_PLANNER_AND_SELF_HEALING_L5_REPORT.md,sentinel_docs,.md,5742,166,sentinel-control/docs/reviews,BROWSER_TRAJECTORY_PLANNER_AND_SELF_HEALING_L5_REPORT.md,2026-05-30T22:57:56.820024+00:00
sentinel-control/docs/reviews/BROWSER_VISUAL_GROUNDING_OCR_V1_REPORT.md,sentinel_docs,.md,3543,127,sentinel-control/docs/reviews,BROWSER_VISUAL_GROUNDING_OCR_V1_REPORT.md,2026-05-31T08:26:58.705353+00:00
sentinel-control/docs/reviews/CHANNEL_DRAFT_SEND_ORGAN_V1_REPORT.md,sentinel_docs,.md,1493,57,sentinel-control/docs/reviews,CHANNEL_DRAFT_SEND_ORGAN_V1_REPORT.md,2026-06-05T19:15:05.688875+00:00
sentinel-control/docs/reviews/CHROME_DEVTOOLS_MCP_HARVEST_AUDIT_LOCK_REPORT.md,sentinel_docs,.md,8971,299,sentinel-control/docs/reviews,CHROME_DEVTOOLS_MCP_HARVEST_AUDIT_LOCK_REPORT.md,2026-05-31T07:42:09.470041+00:00
sentinel-control/docs/reviews/COGNITION_MEMORY_SCANNER_CONSOLIDATION_LOCK_REPORT.md,sentinel_docs,.md,4063,92,sentinel-control/docs/reviews,COGNITION_MEMORY_SCANNER_CONSOLIDATION_LOCK_REPORT.md,2026-05-26T18:53:05.903047+00:00
sentinel-control/docs/reviews/COMPETITIVE_GAP_DELTA_LOCK_REPORT.md,sentinel_docs,.md,4425,123,sentinel-control/docs/reviews,COMPETITIVE_GAP_DELTA_LOCK_REPORT.md,2026-06-06T00:12:33.468566+00:00
sentinel-control/docs/reviews/DURABLE_CREDENTIAL_VAULT_AND_SECRET_BROKER_V1_LOCK_REPORT.md,sentinel_docs,.md,11569,290,sentinel-control/docs/reviews,DURABLE_CREDENTIAL_VAULT_AND_SECRET_BROKER_V1_LOCK_REPORT.md,2026-06-12T12:33:56.488295+00:00
sentinel-control/docs/reviews/DURABLE_CREDENTIAL_VAULT_AND_SECRET_BROKER_V1_RESEARCH_AND_DESIGN.md,sentinel_docs,.md,10922,192,sentinel-control/docs/reviews,DURABLE_CREDENTIAL_VAULT_AND_SECRET_BROKER_V1_RESEARCH_AND_DESIGN.md,2026-06-12T12:07:13.997290+00:00
sentinel-control/docs/reviews/DURABLE_MISSION_WORKFLOW_AND_AUTOMATIC_REPLAN_V1_LOCK_REPORT.md,sentinel_docs,.md,9502,234,sentinel-control/docs/reviews,DURABLE_MISSION_WORKFLOW_AND_AUTOMATIC_REPLAN_V1_LOCK_REPORT.md,2026-06-07T18:51:56.028975+00:00
sentinel-control/docs/reviews/DURABLE_RECEIPT_LEDGER_FOUNDATION_REPORT.md,sentinel_docs,.md,1370,76,sentinel-control/docs/reviews,DURABLE_RECEIPT_LEDGER_FOUNDATION_REPORT.md,2026-06-01T23:50:56.063295+00:00
sentinel-control/docs/reviews/EXHAUSTIVE_BROWSER_NEURAL_AUDIT_REMEDIATION_REPORT.md,sentinel_docs,.md,16351,513,sentinel-control/docs/reviews,EXHAUSTIVE_BROWSER_NEURAL_AUDIT_REMEDIATION_REPORT.md,2026-06-03T22:39:01.137744+00:00
sentinel-control/docs/reviews/EXTERNAL_API_READ_WRITE_ORGAN_V1_REPORT.md,sentinel_docs,.md,1570,57,sentinel-control/docs/reviews,EXTERNAL_API_READ_WRITE_ORGAN_V1_REPORT.md,2026-06-05T19:09:45.274780+00:00
sentinel-control/docs/reviews/GOVERNED_SKILL_AND_PROCEDURE_FABRIC_V1_LOCK_REPORT.md,sentinel_docs,.md,12523,318,sentinel-control/docs/reviews,GOVERNED_SKILL_AND_PROCEDURE_FABRIC_V1_LOCK_REPORT.md,2026-06-08T20:37:21.047809+00:00
sentinel-control/docs/reviews/LIVE_DESKTOP_OPERATOR_BACKEND_AND_SYSTEM_MONITORING_V1_LOCK_REPORT.md,sentinel_docs,.md,15543,299,sentinel-control/docs/reviews,LIVE_DESKTOP_OPERATOR_BACKEND_AND_SYSTEM_MONITORING_V1_LOCK_REPORT.md,2026-06-11T13:39:25.663773+00:00
sentinel-control/docs/reviews/LLM_LIVE_OPERATOR_COCKPIT_EXTERNAL_AUDIT_LOCK_REPORT.md,sentinel_docs,.md,6412,197,sentinel-control/docs/reviews,LLM_LIVE_OPERATOR_COCKPIT_EXTERNAL_AUDIT_LOCK_REPORT.md,2026-06-06T17:48:16.257571+00:00
sentinel-control/docs/reviews/LOCAL_MODEL_HARDWARE_AND_COST_ROUTER_V1_LOCK_REPORT.md,sentinel_docs,.md,14472,393,sentinel-control/docs/reviews,LOCAL_MODEL_HARDWARE_AND_COST_ROUTER_V1_LOCK_REPORT.md,2026-06-08T21:38:16.446259+00:00
sentinel-control/docs/reviews/MISSION_AUTHORITY_AND_CREDENTIAL_VAULT_FOUNDATION_REPORT.md,sentinel_docs,.md,6805,219,sentinel-control/docs/reviews,MISSION_AUTHORITY_AND_CREDENTIAL_VAULT_FOUNDATION_REPORT.md,2026-05-25T20:47:14.579984+00:00
sentinel-control/docs/reviews/MISSION_WORKER_FLEET_AND_AUTHORITY_INHERITANCE_V1_LOCK_REPORT.md,sentinel_docs,.md,9170,287,sentinel-control/docs/reviews,MISSION_WORKER_FLEET_AND_AUTHORITY_INHERITANCE_V1_LOCK_REPORT.md,2026-06-08T12:10:23.908731+00:00
sentinel-control/docs/reviews/MODEL_AMPLIFICATION_EXECUTION_HARNESS_V1_LOCK_REPORT.md,sentinel_docs,.md,10261,263,sentinel-control/docs/reviews,MODEL_AMPLIFICATION_EXECUTION_HARNESS_V1_LOCK_REPORT.md,2026-06-08T18:22:22.511944+00:00
sentinel-control/docs/reviews/MOTOR_NEURON_TO_ORGAN_DISPATCH_LOCK_REPORT.md,sentinel_docs,.md,1639,79,sentinel-control/docs/reviews,MOTOR_NEURON_TO_ORGAN_DISPATCH_LOCK_REPORT.md,2026-06-01T23:40:55.903533+00:00
sentinel-control/docs/reviews/MUTATION_ARTIFACT_TRANSPORT_V2_M1_CHANNEL_DIAGNOSTIC_REPORT.md,sentinel_docs,.md,3879,141,sentinel-control/docs/reviews,MUTATION_ARTIFACT_TRANSPORT_V2_M1_CHANNEL_DIAGNOSTIC_REPORT.md,2026-06-17T22:26:21.065039+00:00
sentinel-control/docs/reviews/MUTATION_ARTIFACT_TRANSPORT_V2_M1_SHAPE_DIAGNOSTIC_REPORT.md,sentinel_docs,.md,3399,140,sentinel-control/docs/reviews,MUTATION_ARTIFACT_TRANSPORT_V2_M1_SHAPE_DIAGNOSTIC_REPORT.md,2026-06-17T22:26:21.097811+00:00
sentinel-control/docs/reviews/MUTATION_ARTIFACT_TRANSPORT_V2_MICRO_CERTIFICATION_REPORT.md,sentinel_docs,.md,4451,173,sentinel-control/docs/reviews,MUTATION_ARTIFACT_TRANSPORT_V2_MICRO_CERTIFICATION_REPORT.md,2026-06-17T22:26:21.115185+00:00
sentinel-control/docs/reviews/OBSERVABILITY_TELEMETRY_AND_PRODUCT_POWER_METRICS_V1_LOCK_REPORT.md,sentinel_docs,.md,10881,276,sentinel-control/docs/reviews,OBSERVABILITY_TELEMETRY_AND_PRODUCT_POWER_METRICS_V1_LOCK_REPORT.md,2026-06-07T20:47:01.187104+00:00
sentinel-control/docs/reviews/OBSERVABILITY_TELEMETRY_ROADMAP_CHANGE_LOCK_REPORT.md,sentinel_docs,.md,4520,184,sentinel-control/docs/reviews,OBSERVABILITY_TELEMETRY_ROADMAP_CHANGE_LOCK_REPORT.md,2026-06-07T19:12:51.029194+00:00
sentinel-control/docs/reviews/OPUS_SENTINEL_REAL_MODEL_HARNESS_V3_1_INDEPENDENT_AUDIT.md,sentinel_docs,.md,19859,402,sentinel-control/docs/reviews,OPUS_SENTINEL_REAL_MODEL_HARNESS_V3_1_INDEPENDENT_AUDIT.md,2026-06-17T22:26:21.142273+00:00
sentinel-control/docs/reviews/ORGAN_SAFETY_SCANNER_CONSOLIDATION_LOCK_REPORT.md,sentinel_docs,.md,6545,182,sentinel-control/docs/reviews,ORGAN_SAFETY_SCANNER_CONSOLIDATION_LOCK_REPORT.md,2026-05-26T13:36:17.037114+00:00
sentinel-control/docs/reviews/PAYMENT_SPEND_TRADING_SPECIAL_AUTHORITY_V1_LOCK_REPORT.md,sentinel_docs,.md,13711,359,sentinel-control/docs/reviews,PAYMENT_SPEND_TRADING_SPECIAL_AUTHORITY_V1_LOCK_REPORT.md,2026-06-13T00:51:21.364388+00:00
sentinel-control/docs/reviews/PAYMENT_SPEND_TRADING_SPECIAL_AUTHORITY_V1_RESEARCH_AND_DESIGN.md,sentinel_docs,.md,7678,100,sentinel-control/docs/reviews,PAYMENT_SPEND_TRADING_SPECIAL_AUTHORITY_V1_RESEARCH_AND_DESIGN.md,2026-06-13T00:19:05.742583+00:00
sentinel-control/docs/reviews/PERMISSIONED_DESKTOP_SIDECAR_AND_VISUAL_GROUNDING_V1_LOCK_REPORT.md,sentinel_docs,.md,16722,489,sentinel-control/docs/reviews,PERMISSIONED_DESKTOP_SIDECAR_AND_VISUAL_GROUNDING_V1_LOCK_REPORT.md,2026-06-11T12:52:07.436861+00:00
sentinel-control/docs/reviews/PERSISTENT_SEMANTIC_MEMORY_V1_LOCK_REPORT.md,sentinel_docs,.md,8369,241,sentinel-control/docs/reviews,PERSISTENT_SEMANTIC_MEMORY_V1_LOCK_REPORT.md,2026-06-07T08:21:42.880350+00:00
sentinel-control/docs/reviews/POWER_ACTUATOR_FABRIC_WAVE_1_SELF_AUDIT_REMEDIATION_REPORT.md,sentinel_docs,.md,4006,117,sentinel-control/docs/reviews,POWER_ACTUATOR_FABRIC_WAVE_1_SELF_AUDIT_REMEDIATION_REPORT.md,2026-06-05T19:39:35.731593+00:00
sentinel-control/docs/reviews/POWER_ACTUATOR_FABRIC_WAVE_1_SPEC_REPORT.md,sentinel_docs,.md,3816,120,sentinel-control/docs/reviews,POWER_ACTUATOR_FABRIC_WAVE_1_SPEC_REPORT.md,2026-06-05T14:49:36.252298+00:00
sentinel-control/docs/reviews/POWER_FABRIC_ORCHESTRATION_DEMO_REPORT.md,sentinel_docs,.md,3466,135,sentinel-control/docs/reviews,POWER_FABRIC_ORCHESTRATION_DEMO_REPORT.md,2026-06-05T19:22:32.027746+00:00
sentinel-control/docs/reviews/PRODUCTION_MISSION_DAEMON_AND_PROACTIVE_SCHEDULER_V1_LOCK_REPORT.md,sentinel_docs,.md,8350,267,sentinel-control/docs/reviews,PRODUCTION_MISSION_DAEMON_AND_PROACTIVE_SCHEDULER_V1_LOCK_REPORT.md,2026-06-08T15:03:34.008596+00:00
sentinel-control/docs/reviews/READ_ONLY_OPERATOR_TERMINALITY_AND_REPLAY_PURITY_FIX_V1_REPORT.md,sentinel_docs,.md,2447,79,sentinel-control/docs/reviews,READ_ONLY_OPERATOR_TERMINALITY_AND_REPLAY_PURITY_FIX_V1_REPORT.md,2026-06-18T22:11:43.247150+00:00
sentinel-control/docs/reviews/REALTIME_VOICE_AND_AMBIENT_OPERATOR_V1_LOCK_REPORT.md,sentinel_docs,.md,15921,423,sentinel-control/docs/reviews,REALTIME_VOICE_AND_AMBIENT_OPERATOR_V1_LOCK_REPORT.md,2026-06-11T19:46:02.279030+00:00
sentinel-control/docs/reviews/REALTIME_VOICE_AND_AMBIENT_OPERATOR_V1_RESEARCH_AND_DESIGN.md,sentinel_docs,.md,17841,412,sentinel-control/docs/reviews,REALTIME_VOICE_AND_AMBIENT_OPERATOR_V1_RESEARCH_AND_DESIGN.md,2026-06-11T19:15:54.184373+00:00
sentinel-control/docs/reviews/REAL_CHANNEL_ADAPTERS_V1_LOCK_REPORT.md,sentinel_docs,.md,11828,292,sentinel-control/docs/reviews,REAL_CHANNEL_ADAPTERS_V1_LOCK_REPORT.md,2026-06-11T07:37:55.953114+00:00
sentinel-control/docs/reviews/REAL_MODEL_READ_ONLY_OPERATOR_PRODUCTION_SPINE_V1_FAKE_MODEL_GATE_REPORT.md,sentinel_docs,.md,11311,270,sentinel-control/docs/reviews,REAL_MODEL_READ_ONLY_OPERATOR_PRODUCTION_SPINE_V1_FAKE_MODEL_GATE_REPORT.md,2026-06-18T11:26:19.525538+00:00
sentinel-control/docs/reviews/REAL_MODEL_READ_ONLY_OPERATOR_PRODUCTION_SPINE_V1_PRE_IMPLEMENTATION_DESIGN.md,sentinel_docs,.md,12571,476,sentinel-control/docs/reviews,REAL_MODEL_READ_ONLY_OPERATOR_PRODUCTION_SPINE_V1_PRE_IMPLEMENTATION_DESIGN.md,2026-06-17T22:26:21.170231+00:00
sentinel-control/docs/reviews/REAL_WORLD_POWER_BASELINE_AND_AGENTLAB_TASK_AUDIT_LOCK_REPORT.md,sentinel_docs,.md,8109,253,sentinel-control/docs/reviews,REAL_WORLD_POWER_BASELINE_AND_AGENTLAB_TASK_AUDIT_LOCK_REPORT.md,2026-06-13T23:26:15.258533+00:00
sentinel-control/docs/reviews/REAL_WORLD_POWER_BASELINE_GREEN_GATE_REMEDIATION_LOCK_REPORT.md,sentinel_docs,.md,6104,150,sentinel-control/docs/reviews,REAL_WORLD_POWER_BASELINE_GREEN_GATE_REMEDIATION_LOCK_REPORT.md,2026-06-13T23:39:44.655853+00:00
sentinel-control/docs/reviews/REAL_WORLD_POWER_CONVERGENCE_WAVE_1_BENCHMARK_REPORT.md,sentinel_docs,.md,5877,132,sentinel-control/docs/reviews,REAL_WORLD_POWER_CONVERGENCE_WAVE_1_BENCHMARK_REPORT.md,2026-06-14T08:58:54.997858+00:00
sentinel-control/docs/reviews/REAL_WORLD_POWER_CONVERGENCE_WAVE_1_CODING_WORKSPACE_AND_BROWSER_LIVE_POWER_LOCK_REPORT.md,sentinel_docs,.md,8674,199,sentinel-control/docs/reviews,REAL_WORLD_POWER_CONVERGENCE_WAVE_1_CODING_WORKSPACE_AND_BROWSER_LIVE_POWER_LOCK_REPORT.md,2026-06-14T08:54:31.245734+00:00
sentinel-control/docs/reviews/REAL_WORLD_POWER_CONVERGENCE_WAVE_1_REAL_MODEL_AGENT_CERTIFICATION_DESIGN.md,sentinel_docs,.md,3013,104,sentinel-control/docs/reviews,REAL_WORLD_POWER_CONVERGENCE_WAVE_1_REAL_MODEL_AGENT_CERTIFICATION_DESIGN.md,2026-06-17T22:26:21.170231+00:00
sentinel-control/docs/reviews/REAL_WORLD_POWER_CONVERGENCE_WAVE_1_RESEARCH_AND_ARCHITECTURE.md,sentinel_docs,.md,12311,200,sentinel-control/docs/reviews,REAL_WORLD_POWER_CONVERGENCE_WAVE_1_RESEARCH_AND_ARCHITECTURE.md,2026-06-13T23:51:24.985492+00:00
sentinel-control/docs/reviews/SANDBOX_SHELL_CODE_ORGAN_V1_REPORT.md,sentinel_docs,.md,1812,73,sentinel-control/docs/reviews,SANDBOX_SHELL_CODE_ORGAN_V1_REPORT.md,2026-06-05T19:04:41.176685+00:00
sentinel-control/docs/reviews/SENTINEL_ACTUAL_LAYER_MAP.md,sentinel_docs,.md,11812,160,sentinel-control/docs/reviews,SENTINEL_ACTUAL_LAYER_MAP.md,2026-05-18T17:38:13.382490+00:00
sentinel-control/docs/reviews/SENTINEL_AGENTLAB_TASK_LEVEL_COMPETITIVE_MATRIX.md,sentinel_docs,.md,8337,86,sentinel-control/docs/reviews,SENTINEL_AGENTLAB_TASK_LEVEL_COMPETITIVE_MATRIX.md,2026-06-13T22:08:16.638313+00:00
sentinel-control/docs/reviews/SENTINEL_AGENT_LAB_POWER_IMPORT_AUDIT_V1_REPORT.md,sentinel_docs,.md,23756,712,sentinel-control/docs/reviews,SENTINEL_AGENT_LAB_POWER_IMPORT_AUDIT_V1_REPORT.md,2026-06-28T19:15:49.948768+00:00
sentinel-control/docs/reviews/SENTINEL_AGENT_LAB_SYNTHESIS_FOR_MASTER_ROADMAP_2026_06_06.md,sentinel_docs,.md,8864,206,sentinel-control/docs/reviews,SENTINEL_AGENT_LAB_SYNTHESIS_FOR_MASTER_ROADMAP_2026_06_06.md,2026-06-06T23:28:33.680504+00:00
sentinel-control/docs/reviews/SENTINEL_BROWSER_POWER_AUDIT_AND_AGENT_LAB_IMPORT_PLAN_V1.md,sentinel_docs,.md,23194,619,sentinel-control/docs/reviews,SENTINEL_BROWSER_POWER_AUDIT_AND_AGENT_LAB_IMPORT_PLAN_V1.md,2026-06-29T13:41:12.155600+00:00
sentinel-control/docs/reviews/SENTINEL_CONNECTIONS_PACK1_CONNECTION_SURFACE_AUDIT_V1_REPORT.md,sentinel_docs,.md,26026,237,sentinel-control/docs/reviews,SENTINEL_CONNECTIONS_PACK1_CONNECTION_SURFACE_AUDIT_V1_REPORT.md,2026-06-28T13:37:10.046551+00:00
sentinel-control/docs/reviews/SENTINEL_CONNECTIONS_PACK2_CONNECTION_MANIFEST_REGISTRY_V1_REPORT.md,sentinel_docs,.md,10898,435,sentinel-control/docs/reviews,SENTINEL_CONNECTIONS_PACK2_CONNECTION_MANIFEST_REGISTRY_V1_REPORT.md,2026-06-28T14:12:36.200128+00:00
sentinel-control/docs/reviews/SENTINEL_CONNECTIONS_PACK3_IDENTITY_TENANT_CREDENTIAL_BOUNDARY_V1_REPORT.md,sentinel_docs,.md,7345,230,sentinel-control/docs/reviews,SENTINEL_CONNECTIONS_PACK3_IDENTITY_TENANT_CREDENTIAL_BOUNDARY_V1_REPORT.md,2026-06-28T18:35:14.212551+00:00
sentinel-control/docs/reviews/SENTINEL_CONNECTIONS_PACK4_INBOUND_READ_ONLY_CONNECTIONS_V1_REPORT.md,sentinel_docs,.md,8575,298,sentinel-control/docs/reviews,SENTINEL_CONNECTIONS_PACK4_INBOUND_READ_ONLY_CONNECTIONS_V1_REPORT.md,2026-06-28T18:47:28.675527+00:00
sentinel-control/docs/reviews/SENTINEL_CONNECTIONS_PACK5_FIRST_LIVE_BOUNDED_CHANNEL_ACTION_V1_REPORT.md,sentinel_docs,.md,5516,184,sentinel-control/docs/reviews,SENTINEL_CONNECTIONS_PACK5_FIRST_LIVE_BOUNDED_CHANNEL_ACTION_V1_REPORT.md,2026-06-28T19:04:37.501002+00:00
sentinel-control/docs/reviews/SENTINEL_CONTRACT_AND_EXPORT_INFLATION_ANALYSIS.md,sentinel_docs,.md,2935,81,sentinel-control/docs/reviews,SENTINEL_CONTRACT_AND_EXPORT_INFLATION_ANALYSIS.md,2026-06-13T11:35:05.237733+00:00
sentinel-control/docs/reviews/SENTINEL_CORE_POWER_CONTRACT_LOCK_V1.md,sentinel_docs,.md,14435,403,sentinel-control/docs/reviews,SENTINEL_CORE_POWER_CONTRACT_LOCK_V1.md,2026-06-29T21:24:32.410793+00:00
sentinel-control/docs/reviews/SENTINEL_CURRENT_POWER_AND_LIMITS.md,sentinel_docs,.md,10112,216,sentinel-control/docs/reviews,SENTINEL_CURRENT_POWER_AND_LIMITS.md,2026-05-18T17:38:55.052963+00:00
sentinel-control/docs/reviews/SENTINEL_CURRENT_POWER_MATURITY_MATRIX.md,sentinel_docs,.md,6429,98,sentinel-control/docs/reviews,SENTINEL_CURRENT_POWER_MATURITY_MATRIX.md,2026-06-14T07:53:17.924094+00:00
sentinel-control/docs/reviews/SENTINEL_DEEP_AUDIT_GLOBAL_INVARIANTS_AND_POWER_TRUTH_RECONCILIATION_LOCK_REPORT.md,sentinel_docs,.md,11739,253,sentinel-control/docs/reviews,SENTINEL_DEEP_AUDIT_GLOBAL_INVARIANTS_AND_POWER_TRUTH_RECONCILIATION_LOCK_REPORT.md,2026-06-13T11:35:05.237733+00:00
sentinel-control/docs/reviews/SENTINEL_DEEP_AUDIT_V3_REMEDIATION_LOCK_REPORT.md,sentinel_docs,.md,9200,158,sentinel-control/docs/reviews,SENTINEL_DEEP_AUDIT_V3_REMEDIATION_LOCK_REPORT.md,2026-06-13T10:56:34.153101+00:00
sentinel-control/docs/reviews/SENTINEL_DEEP_AUDIT_V4_POWER_PREMORTEM_REMEDIATION_LOCK_REPORT.md,sentinel_docs,.md,6888,170,sentinel-control/docs/reviews,SENTINEL_DEEP_AUDIT_V4_POWER_PREMORTEM_REMEDIATION_LOCK_REPORT.md,2026-06-13T11:08:53.569391+00:00
sentinel-control/docs/reviews/SENTINEL_DEEP_CODE_LOGIC_AUDIT.md,sentinel_docs,.md,17271,568,sentinel-control/docs/reviews,SENTINEL_DEEP_CODE_LOGIC_AUDIT.md,2026-05-18T17:49:51.789250+00:00
sentinel-control/docs/reviews/SENTINEL_DEFECT_RISK_REGISTER.md,sentinel_docs,.md,6153,219,sentinel-control/docs/reviews,SENTINEL_DEFECT_RISK_REGISTER.md,2026-05-18T17:49:51.796272+00:00
sentinel-control/docs/reviews/SENTINEL_EXHAUSTIVE_COMPANY_LEVEL_AUDIT_UPDATED_AFTER_WAVE_1.md,sentinel_docs,.md,12781,283,sentinel-control/docs/reviews,SENTINEL_EXHAUSTIVE_COMPANY_LEVEL_AUDIT_UPDATED_AFTER_WAVE_1.md,2026-06-06T00:13:29.978516+00:00
sentinel-control/docs/reviews/SENTINEL_EXHAUSTIVE_SELF_AUDIT_2026_06_06.md,sentinel_docs,.md,23604,400,sentinel-control/docs/reviews,SENTINEL_EXHAUSTIVE_SELF_AUDIT_2026_06_06.md,2026-06-06T23:28:33.682508+00:00
sentinel-control/docs/reviews/SENTINEL_EXHAUSTIVE_SELF_AUDIT_AND_MASTER_ROADMAP_LOCK_REPORT.md,sentinel_docs,.md,5773,204,sentinel-control/docs/reviews,SENTINEL_EXHAUSTIVE_SELF_AUDIT_AND_MASTER_ROADMAP_LOCK_REPORT.md,2026-06-06T23:27:20.815079+00:00
sentinel-control/docs/reviews/SENTINEL_FAILURE_MODE_ANGLE_MATRIX.md,sentinel_docs,.md,17356,394,sentinel-control/docs/reviews,SENTINEL_FAILURE_MODE_ANGLE_MATRIX.md,2026-05-18T19:27:16.635289+00:00
sentinel-control/docs/reviews/SENTINEL_FIX_POWER_LOOP_POST_PATCH_VERIFICATION_ORDERING_V1_REPORT.md,sentinel_docs,.md,4458,129,sentinel-control/docs/reviews,SENTINEL_FIX_POWER_LOOP_POST_PATCH_VERIFICATION_ORDERING_V1_REPORT.md,2026-06-29T08:05:07.212894+00:00
sentinel-control/docs/reviews/SENTINEL_FIX_POWER_LOOP_READ_ONLY_VERIFICATION_GATE_AUTHORITY_V1_REPORT.md,sentinel_docs,.md,6031,281,sentinel-control/docs/reviews,SENTINEL_FIX_POWER_LOOP_READ_ONLY_VERIFICATION_GATE_AUTHORITY_V1_REPORT.md,2026-06-29T07:27:07.615083+00:00
sentinel-control/docs/reviews/SENTINEL_FIX_REAL_CHANNEL_LOOP_FINISH_AFTER_DELIVERY_OBSERVATION_V1_REPORT.md,sentinel_docs,.md,3957,117,sentinel-control/docs/reviews,SENTINEL_FIX_REAL_CHANNEL_LOOP_FINISH_AFTER_DELIVERY_OBSERVATION_V1_REPORT.md,2026-06-29T12:12:46.569892+00:00
sentinel-control/docs/reviews/SENTINEL_FIX_REAL_MODEL_CODE_EXECUTION_ACTION_PROTOCOL_OR_CONTEXT_V1_REPORT.md,sentinel_docs,.md,4590,175,sentinel-control/docs/reviews,SENTINEL_FIX_REAL_MODEL_CODE_EXECUTION_ACTION_PROTOCOL_OR_CONTEXT_V1_REPORT.md,2026-06-29T07:05:30.909658+00:00
sentinel-control/docs/reviews/SENTINEL_FIX_REAL_MODEL_EMPTY_ACTION_ENVELOPE_REJECTION_AND_CONTEXT_GUIDANCE_V1_REPORT.md,sentinel_docs,.md,4481,104,sentinel-control/docs/reviews,SENTINEL_FIX_REAL_MODEL_EMPTY_ACTION_ENVELOPE_REJECTION_AND_CONTEXT_GUIDANCE_V1_REPORT.md,2026-06-29T07:45:44.194613+00:00
sentinel-control/docs/reviews/SENTINEL_GAP_TO_FINAL_SYSTEM.md,sentinel_docs,.md,10481,233,sentinel-control/docs/reviews,SENTINEL_GAP_TO_FINAL_SYSTEM.md,2026-05-18T17:39:12.735045+00:00
sentinel-control/docs/reviews/SENTINEL_HIGH_SENSITIVITY_CODE_LOGIC_REVIEW_2026_06_14.md,sentinel_docs,.md,31073,302,sentinel-control/docs/reviews,SENTINEL_HIGH_SENSITIVITY_CODE_LOGIC_REVIEW_2026_06_14.md,2026-06-14T21:44:22.311381+00:00
sentinel-control/docs/reviews/SENTINEL_HIGH_SENSITIVITY_RUNTIME_REMEDIATION_LOCK_REPORT.md,sentinel_docs,.md,10864,274,sentinel-control/docs/reviews,SENTINEL_HIGH_SENSITIVITY_RUNTIME_REMEDIATION_LOCK_REPORT.md,2026-06-14T21:45:18.394426+00:00
sentinel-control/docs/reviews/SENTINEL_IMPLEMENTED_VS_DOCUMENTED_MATRIX.md,sentinel_docs,.md,11491,155,sentinel-control/docs/reviews,SENTINEL_IMPLEMENTED_VS_DOCUMENTED_MATRIX.md,2026-05-18T17:38:36.822654+00:00
sentinel-control/docs/reviews/SENTINEL_INTERACTIVE_EXPLORATION_TRAJECTORY_QUALITY_AUDIT_V1.md,sentinel_docs,.md,4523,137,sentinel-control/docs/reviews,SENTINEL_INTERACTIVE_EXPLORATION_TRAJECTORY_QUALITY_AUDIT_V1.md,2026-06-17T22:26:21.182082+00:00
sentinel-control/docs/reviews/SENTINEL_LLM_LIVE_OPERATOR_COCKPIT_AND_MISSION_KERNEL_V0_REPORT.md,sentinel_docs,.md,8390,235,sentinel-control/docs/reviews,SENTINEL_LLM_LIVE_OPERATOR_COCKPIT_AND_MISSION_KERNEL_V0_REPORT.md,2026-06-06T11:35:02.045097+00:00
sentinel-control/docs/reviews/SENTINEL_LLM_LIVE_OPERATOR_COCKPIT_AND_MISSION_KERNEL_V0_SPEC_REPORT.md,sentinel_docs,.md,3077,107,sentinel-control/docs/reviews,SENTINEL_LLM_LIVE_OPERATOR_COCKPIT_AND_MISSION_KERNEL_V0_SPEC_REPORT.md,2026-06-06T01:05:06.154673+00:00
sentinel-control/docs/reviews/SENTINEL_NEXT_STRATEGIC_ROADMAP_VERDICT.md,sentinel_docs,.md,8753,259,sentinel-control/docs/reviews,SENTINEL_NEXT_STRATEGIC_ROADMAP_VERDICT.md,2026-05-18T17:39:29.769116+00:00
sentinel-control/docs/reviews/SENTINEL_PACK4B_1_TIMEOUT_REASON_TEST_RECONCILIATION_V1_REPORT.md,sentinel_docs,.md,1516,76,sentinel-control/docs/reviews,SENTINEL_PACK4B_1_TIMEOUT_REASON_TEST_RECONCILIATION_V1_REPORT.md,2026-06-28T15:00:27.075896+00:00
sentinel-control/docs/reviews/SENTINEL_POWER_FRICTION_AND_AUTHORITY_BLOCKER_AUDIT_V1.md,sentinel_docs,.md,29237,842,sentinel-control/docs/reviews,SENTINEL_POWER_FRICTION_AND_AUTHORITY_BLOCKER_AUDIT_V1.md,2026-06-29T20:49:05.281362+00:00
sentinel-control/docs/reviews/SENTINEL_POWER_FRICTION_AND_AUTHORITY_BLOCKER_AUDIT_V2_DEEP_LOGIC.md,sentinel_docs,.md,21076,766,sentinel-control/docs/reviews,SENTINEL_POWER_FRICTION_AND_AUTHORITY_BLOCKER_AUDIT_V2_DEEP_LOGIC.md,2026-06-29T21:03:11.624645+00:00
sentinel-control/docs/reviews/SENTINEL_POWER_LAB_RUNTIME_V0_REPORT.md,sentinel_docs,.md,4045,154,sentinel-control/docs/reviews,SENTINEL_POWER_LAB_RUNTIME_V0_REPORT.md,2026-05-26T20:46:25.795793+00:00
sentinel-control/docs/reviews/SENTINEL_POWER_PACK1_AGENT_LAB_STYLE_TASK_LOOP_V1_REPORT.md,sentinel_docs,.md,8762,370,sentinel-control/docs/reviews,SENTINEL_POWER_PACK1_AGENT_LAB_STYLE_TASK_LOOP_V1_REPORT.md,2026-06-28T20:13:52.600867+00:00
sentinel-control/docs/reviews/SENTINEL_POWER_PACK2_MODEL_LED_WORKSPACE_WRITE_AND_PATCH_V1_REPORT.md,sentinel_docs,.md,7141,304,sentinel-control/docs/reviews,SENTINEL_POWER_PACK2_MODEL_LED_WORKSPACE_WRITE_AND_PATCH_V1_REPORT.md,2026-06-28T20:30:22.095265+00:00
sentinel-control/docs/reviews/SENTINEL_POWER_PACK3_SHELL_AND_CODE_EXECUTION_SANDBOX_V1_REPORT.md,sentinel_docs,.md,5401,196,sentinel-control/docs/reviews,SENTINEL_POWER_PACK3_SHELL_AND_CODE_EXECUTION_SANDBOX_V1_REPORT.md,2026-06-28T21:13:02.399265+00:00
sentinel-control/docs/reviews/SENTINEL_POWER_PACK4_BROWSER_COMPUTER_CONTROL_V1_REPORT.md,sentinel_docs,.md,5317,201,sentinel-control/docs/reviews,SENTINEL_POWER_PACK4_BROWSER_COMPUTER_CONTROL_V1_REPORT.md,2026-06-29T08:35:38.410232+00:00
sentinel-control/docs/reviews/SENTINEL_POWER_PACK5_REAL_CHANNEL_TRANSPORT_SEND_V1_REPORT.md,sentinel_docs,.md,5763,199,sentinel-control/docs/reviews,SENTINEL_POWER_PACK5_REAL_CHANNEL_TRANSPORT_SEND_V1_REPORT.md,2026-06-29T10:08:04.538156+00:00
sentinel-control/docs/reviews/SENTINEL_POWER_PACK6B_BROWSER_WORLD_MODEL_AND_DECISION_FRAME_WIRING_V1_REPORT.md,sentinel_docs,.md,8656,340,sentinel-control/docs/reviews,SENTINEL_POWER_PACK6B_BROWSER_WORLD_MODEL_AND_DECISION_FRAME_WIRING_V1_REPORT.md,2026-06-29T20:22:45.555143+00:00
sentinel-control/docs/reviews/SENTINEL_POWER_PACK6C_ACTIONABILITY_RECOVERY_AND_POWER_STATE_MACHINE_V1_REPORT.md,sentinel_docs,.md,7186,227,sentinel-control/docs/reviews,SENTINEL_POWER_PACK6C_ACTIONABILITY_RECOVERY_AND_POWER_STATE_MACHINE_V1_REPORT.md,2026-06-29T21:47:56.562275+00:00
sentinel-control/docs/reviews/SENTINEL_POWER_PACK6_REAL_BROWSER_BOUNDED_WEB_CONTROL_V1_REPORT.md,sentinel_docs,.md,7406,336,sentinel-control/docs/reviews,SENTINEL_POWER_PACK6_REAL_BROWSER_BOUNDED_WEB_CONTROL_V1_REPORT.md,2026-06-29T12:45:25.006368+00:00
sentinel-control/docs/reviews/SENTINEL_POWER_RUNTIME_V0_REPORT.md,sentinel_docs,.md,2050,83,sentinel-control/docs/reviews,SENTINEL_POWER_RUNTIME_V0_REPORT.md,2026-06-05T18:55:52.626423+00:00
sentinel-control/docs/reviews/SENTINEL_PREDICTIVE_PREMORTEM_AUDIT.md,sentinel_docs,.md,31840,1016,sentinel-control/docs/reviews,SENTINEL_PREDICTIVE_PREMORTEM_AUDIT.md,2026-05-18T19:27:16.635289+00:00
sentinel-control/docs/reviews/SENTINEL_PRODUCT_NERVOUS_SYSTEM_INTEGRATION_V1_ATTEMPT_6A_MODEL_LED_MULTI_RECEIPT_READ_ONLY_REAL_PROVIDER_REPORT.md,sentinel_docs,.md,8350,337,sentinel-control/docs/reviews,SENTINEL_PRODUCT_NERVOUS_SYSTEM_INTEGRATION_V1_ATTEMPT_6A_MODEL_LED_MULTI_RECEIPT_READ_ONLY_REAL_PROVIDER_REPORT.md,2026-06-28T10:20:34.942129+00:00
sentinel-control/docs/reviews/SENTINEL_PRODUCT_NERVOUS_SYSTEM_INTEGRATION_V1_ATTEMPT_6B_REAL_PROVIDER_AUTOPILOT_WITH_SUMMARY_AND_MEMORY_REPORT.md,sentinel_docs,.md,7088,251,sentinel-control/docs/reviews,SENTINEL_PRODUCT_NERVOUS_SYSTEM_INTEGRATION_V1_ATTEMPT_6B_REAL_PROVIDER_AUTOPILOT_WITH_SUMMARY_AND_MEMORY_REPORT.md,2026-06-28T11:19:15.571446+00:00
sentinel-control/docs/reviews/SENTINEL_PRODUCT_NERVOUS_SYSTEM_INTEGRATION_V1_ATTEMPT_6C_REAL_PROVIDER_AUTOPILOT_WITH_SUMMARY_MEMORY_TIMEOUT_TUNED_REPORT.md,sentinel_docs,.md,8083,401,sentinel-control/docs/reviews,SENTINEL_PRODUCT_NERVOUS_SYSTEM_INTEGRATION_V1_ATTEMPT_6C_REAL_PROVIDER_AUTOPILOT_WITH_SUMMARY_MEMORY_TIMEOUT_TUNED_REPORT.md,2026-06-28T13:21:06.084875+00:00
sentinel-control/docs/reviews/SENTINEL_PRODUCT_NERVOUS_SYSTEM_INTEGRATION_V1_PACK0_PACK1_REPORT.md,sentinel_docs,.md,11201,343,sentinel-control/docs/reviews,SENTINEL_PRODUCT_NERVOUS_SYSTEM_INTEGRATION_V1_PACK0_PACK1_REPORT.md,2026-06-19T12:47:08.472102+00:00
sentinel-control/docs/reviews/SENTINEL_PRODUCT_NERVOUS_SYSTEM_INTEGRATION_V1_PACK1A_AUTHORITY_AND_REQUEST_INTEGRITY_FIX_REPORT.md,sentinel_docs,.md,14420,314,sentinel-control/docs/reviews,SENTINEL_PRODUCT_NERVOUS_SYSTEM_INTEGRATION_V1_PACK1A_AUTHORITY_AND_REQUEST_INTEGRITY_FIX_REPORT.md,2026-06-19T13:56:04.649991+00:00
sentinel-control/docs/reviews/SENTINEL_PRODUCT_NERVOUS_SYSTEM_INTEGRATION_V1_PACK1B_RUNTIME_HOST_PRODUCT_WIRING_REPORT.md,sentinel_docs,.md,9242,284,sentinel-control/docs/reviews,SENTINEL_PRODUCT_NERVOUS_SYSTEM_INTEGRATION_V1_PACK1B_RUNTIME_HOST_PRODUCT_WIRING_REPORT.md,2026-06-19T22:26:50.132746+00:00
sentinel-control/docs/reviews/SENTINEL_PRODUCT_NERVOUS_SYSTEM_INTEGRATION_V1_PACK2A_AGENT_RUNTIME_EVENT_BRIDGE_REPORT.md,sentinel_docs,.md,13815,394,sentinel-control/docs/reviews,SENTINEL_PRODUCT_NERVOUS_SYSTEM_INTEGRATION_V1_PACK2A_AGENT_RUNTIME_EVENT_BRIDGE_REPORT.md,2026-06-19T23:31:43.656610+00:00
sentinel-control/docs/reviews/SENTINEL_PRODUCT_NERVOUS_SYSTEM_INTEGRATION_V1_PACK2B_MATERIAL_EXECUTION_ACTIVITY_VISIBILITY_REPORT.md,sentinel_docs,.md,14575,378,sentinel-control/docs/reviews,SENTINEL_PRODUCT_NERVOUS_SYSTEM_INTEGRATION_V1_PACK2B_MATERIAL_EXECUTION_ACTIVITY_VISIBILITY_REPORT.md,2026-06-20T12:40:25.531910+00:00
sentinel-control/docs/reviews/SENTINEL_PRODUCT_NERVOUS_SYSTEM_INTEGRATION_V1_PACK3_10_READ_ONLY_DECISION_SAFE_METADATA_FILTER_FIX_REPORT.md,sentinel_docs,.md,6914,242,sentinel-control/docs/reviews,SENTINEL_PRODUCT_NERVOUS_SYSTEM_INTEGRATION_V1_PACK3_10_READ_ONLY_DECISION_SAFE_METADATA_FILTER_FIX_REPORT.md,2026-06-22T15:15:35.221040+00:00
sentinel-control/docs/reviews/SENTINEL_PRODUCT_NERVOUS_SYSTEM_INTEGRATION_V1_PACK3_11_READ_ONLY_DECISION_VALIDATION_DIAGNOSTIC_RETENTION_FIX_REPORT.md,sentinel_docs,.md,7274,275,sentinel-control/docs/reviews,SENTINEL_PRODUCT_NERVOUS_SYSTEM_INTEGRATION_V1_PACK3_11_READ_ONLY_DECISION_VALIDATION_DIAGNOSTIC_RETENTION_FIX_REPORT.md,2026-06-22T20:47:41.545123+00:00
sentinel-control/docs/reviews/SENTINEL_PRODUCT_NERVOUS_SYSTEM_INTEGRATION_V1_PACK3_12_BRIDGE_RUNTIME_READ_ONLY_DIAGNOSTIC_PROPAGATION_FIX_REPORT.md,sentinel_docs,.md,8297,314,sentinel-control/docs/reviews,SENTINEL_PRODUCT_NERVOUS_SYSTEM_INTEGRATION_V1_PACK3_12_BRIDGE_RUNTIME_READ_ONLY_DIAGNOSTIC_PROPAGATION_FIX_REPORT.md,2026-06-22T22:18:54.674906+00:00
sentinel-control/docs/reviews/SENTINEL_PRODUCT_NERVOUS_SYSTEM_INTEGRATION_V1_PACK3_13_MODEL_DECISION_EXTRACTION_LAYER_V1_REPORT.md,sentinel_docs,.md,7940,315,sentinel-control/docs/reviews,SENTINEL_PRODUCT_NERVOUS_SYSTEM_INTEGRATION_V1_PACK3_13_MODEL_DECISION_EXTRACTION_LAYER_V1_REPORT.md,2026-06-23T07:04:49.767833+00:00
sentinel-control/docs/reviews/SENTINEL_PRODUCT_NERVOUS_SYSTEM_INTEGRATION_V1_PACK3_14_READ_ONLY_GATE_SCOPE_ALIGNMENT_V1_REPORT.md,sentinel_docs,.md,6680,231,sentinel-control/docs/reviews,SENTINEL_PRODUCT_NERVOUS_SYSTEM_INTEGRATION_V1_PACK3_14_READ_ONLY_GATE_SCOPE_ALIGNMENT_V1_REPORT.md,2026-06-27T11:52:49.164665+00:00
sentinel-control/docs/reviews/SENTINEL_PRODUCT_NERVOUS_SYSTEM_INTEGRATION_V1_PACK3_15_FIRST_RECEIPT_RUN_MODE_REPORT.md,sentinel_docs,.md,6002,194,sentinel-control/docs/reviews,SENTINEL_PRODUCT_NERVOUS_SYSTEM_INTEGRATION_V1_PACK3_15_FIRST_RECEIPT_RUN_MODE_REPORT.md,2026-06-27T12:21:13.282186+00:00
sentinel-control/docs/reviews/SENTINEL_PRODUCT_NERVOUS_SYSTEM_INTEGRATION_V1_PACK3_16_READ_ONLY_PROVIDER_REPLY_ENVELOPE_UNWRAP_FIX_REPORT.md,sentinel_docs,.md,8205,263,sentinel-control/docs/reviews,SENTINEL_PRODUCT_NERVOUS_SYSTEM_INTEGRATION_V1_PACK3_16_READ_ONLY_PROVIDER_REPLY_ENVELOPE_UNWRAP_FIX_REPORT.md,2026-06-27T19:12:21.812694+00:00
sentinel-control/docs/reviews/SENTINEL_PRODUCT_NERVOUS_SYSTEM_INTEGRATION_V1_PACK3_17_LOW_FRICTION_READ_ONLY_POWER_MODE_V1_REPORT.md,sentinel_docs,.md,6104,195,sentinel-control/docs/reviews,SENTINEL_PRODUCT_NERVOUS_SYSTEM_INTEGRATION_V1_PACK3_17_LOW_FRICTION_READ_ONLY_POWER_MODE_V1_REPORT.md,2026-06-27T19:51:52.658149+00:00
sentinel-control/docs/reviews/SENTINEL_PRODUCT_NERVOUS_SYSTEM_INTEGRATION_V1_PACK3_18_PROVIDER_TRUTH_AND_EXPLICIT_MODEL_SWITCH_V1_REPORT.md,sentinel_docs,.md,6822,312,sentinel-control/docs/reviews,SENTINEL_PRODUCT_NERVOUS_SYSTEM_INTEGRATION_V1_PACK3_18_PROVIDER_TRUTH_AND_EXPLICIT_MODEL_SWITCH_V1_REPORT.md,2026-06-27T20:32:10.080496+00:00
sentinel-control/docs/reviews/SENTINEL_PRODUCT_NERVOUS_SYSTEM_INTEGRATION_V1_PACK3_19_PROVIDER_REGRESSION_FORENSIC_REVIEW_V1_REPORT.md,sentinel_docs,.md,22592,443,sentinel-control/docs/reviews,SENTINEL_PRODUCT_NERVOUS_SYSTEM_INTEGRATION_V1_PACK3_19_PROVIDER_REGRESSION_FORENSIC_REVIEW_V1_REPORT.md,2026-06-27T21:02:02.341603+00:00
sentinel-control/docs/reviews/SENTINEL_PRODUCT_NERVOUS_SYSTEM_INTEGRATION_V1_PACK3_20_ATTEMPT_5Q_REPLAY_PURITY_LOCK_CHECK_V1_REPORT.md,sentinel_docs,.md,7325,260,sentinel-control/docs/reviews,SENTINEL_PRODUCT_NERVOUS_SYSTEM_INTEGRATION_V1_PACK3_20_ATTEMPT_5Q_REPLAY_PURITY_LOCK_CHECK_V1_REPORT.md,2026-06-28T09:36:52.646596+00:00
sentinel-control/docs/reviews/SENTINEL_PRODUCT_NERVOUS_SYSTEM_INTEGRATION_V1_PACK3_3_COCKPIT_MISSION_UNDERSTANDING_PROTOCOL_V2_REPORT.md,sentinel_docs,.md,7567,275,sentinel-control/docs/reviews,SENTINEL_PRODUCT_NERVOUS_SYSTEM_INTEGRATION_V1_PACK3_3_COCKPIT_MISSION_UNDERSTANDING_PROTOCOL_V2_REPORT.md,2026-06-21T00:25:17.947958+00:00
sentinel-control/docs/reviews/SENTINEL_PRODUCT_NERVOUS_SYSTEM_INTEGRATION_V1_PACK3_4_EXPLICIT_GOVERNED_WORKSPACE_BINDING_REPORT.md,sentinel_docs,.md,5271,210,sentinel-control/docs/reviews,SENTINEL_PRODUCT_NERVOUS_SYSTEM_INTEGRATION_V1_PACK3_4_EXPLICIT_GOVERNED_WORKSPACE_BINDING_REPORT.md,2026-06-21T13:13:07.807490+00:00
sentinel-control/docs/reviews/SENTINEL_PRODUCT_NERVOUS_SYSTEM_INTEGRATION_V1_PACK3_5_COCKPIT_V2_PRODUCT_ROUTE_ACTIVATION_FIX_REPORT.md,sentinel_docs,.md,7454,244,sentinel-control/docs/reviews,SENTINEL_PRODUCT_NERVOUS_SYSTEM_INTEGRATION_V1_PACK3_5_COCKPIT_V2_PRODUCT_ROUTE_ACTIVATION_FIX_REPORT.md,2026-06-21T13:57:34.809859+00:00
sentinel-control/docs/reviews/SENTINEL_PRODUCT_NERVOUS_SYSTEM_INTEGRATION_V1_PACK3_6_COCKPIT_V2_REAL_MODEL_ADHERENCE_AND_EXTRACTION_HARDENING_REPORT.md,sentinel_docs,.md,6649,282,sentinel-control/docs/reviews,SENTINEL_PRODUCT_NERVOUS_SYSTEM_INTEGRATION_V1_PACK3_6_COCKPIT_V2_REAL_MODEL_ADHERENCE_AND_EXTRACTION_HARDENING_REPORT.md,2026-06-22T08:40:51.492571+00:00
sentinel-control/docs/reviews/SENTINEL_PRODUCT_NERVOUS_SYSTEM_INTEGRATION_V1_PACK3_7_READ_ONLY_RESEARCH_DECISION_PROTOCOL_HARDENING_REPORT.md,sentinel_docs,.md,9393,308,sentinel-control/docs/reviews,SENTINEL_PRODUCT_NERVOUS_SYSTEM_INTEGRATION_V1_PACK3_7_READ_ONLY_RESEARCH_DECISION_PROTOCOL_HARDENING_REPORT.md,2026-06-22T10:16:02.295002+00:00
sentinel-control/docs/reviews/SENTINEL_PRODUCT_NERVOUS_SYSTEM_INTEGRATION_V1_PACK3_8_COCKPIT_V2_REAL_MODEL_VARIANCE_AND_METADATA_FILTER_FIX_REPORT.md,sentinel_docs,.md,4321,147,sentinel-control/docs/reviews,SENTINEL_PRODUCT_NERVOUS_SYSTEM_INTEGRATION_V1_PACK3_8_COCKPIT_V2_REAL_MODEL_VARIANCE_AND_METADATA_FILTER_FIX_REPORT.md,2026-06-22T11:14:40.641590+00:00
sentinel-control/docs/reviews/SENTINEL_PRODUCT_NERVOUS_SYSTEM_INTEGRATION_V1_PACK3_9_EXPLICIT_PRODUCT_MISSION_BOOTSTRAP_REPORT.md,sentinel_docs,.md,6994,242,sentinel-control/docs/reviews,SENTINEL_PRODUCT_NERVOUS_SYSTEM_INTEGRATION_V1_PACK3_9_EXPLICIT_PRODUCT_MISSION_BOOTSTRAP_REPORT.md,2026-06-22T13:50:23.322981+00:00
sentinel-control/docs/reviews/SENTINEL_PRODUCT_NERVOUS_SYSTEM_INTEGRATION_V1_PACK3_EXECUTABLE_COORDINATOR_AND_READ_ONLY_RESEARCH_REPORT.md,sentinel_docs,.md,16613,454,sentinel-control/docs/reviews,SENTINEL_PRODUCT_NERVOUS_SYSTEM_INTEGRATION_V1_PACK3_EXECUTABLE_COORDINATOR_AND_READ_ONLY_RESEARCH_REPORT.md,2026-06-20T23:09:58.581330+00:00
sentinel-control/docs/reviews/SENTINEL_PRODUCT_NERVOUS_SYSTEM_INTEGRATION_V1_PACK4A_MODEL_LED_READ_ONLY_AUTOPILOT_V1_REPORT.md,sentinel_docs,.md,8205,305,sentinel-control/docs/reviews,SENTINEL_PRODUCT_NERVOUS_SYSTEM_INTEGRATION_V1_PACK4A_MODEL_LED_READ_ONLY_AUTOPILOT_V1_REPORT.md,2026-06-28T10:07:04.026582+00:00
sentinel-control/docs/reviews/SENTINEL_PRODUCT_NERVOUS_SYSTEM_INTEGRATION_V1_PACK4B_1_READ_ONLY_AUTOPILOT_PROVIDER_DECISION_TIMEOUT_V1_REPORT.md,sentinel_docs,.md,6235,227,sentinel-control/docs/reviews,SENTINEL_PRODUCT_NERVOUS_SYSTEM_INTEGRATION_V1_PACK4B_1_READ_ONLY_AUTOPILOT_PROVIDER_DECISION_TIMEOUT_V1_REPORT.md,2026-06-28T11:52:37.269675+00:00
sentinel-control/docs/reviews/SENTINEL_PRODUCT_NERVOUS_SYSTEM_INTEGRATION_V1_PACK4B_READ_ONLY_MISSION_SUMMARY_AND_OPERATOR_MEMORY_V1_REPORT.md,sentinel_docs,.md,6655,200,sentinel-control/docs/reviews,SENTINEL_PRODUCT_NERVOUS_SYSTEM_INTEGRATION_V1_PACK4B_READ_ONLY_MISSION_SUMMARY_AND_OPERATOR_MEMORY_V1_REPORT.md,2026-06-28T10:57:53.262319+00:00
sentinel-control/docs/reviews/SENTINEL_PRODUCT_POWER_SCORECARD.md,sentinel_docs,.md,7849,147,sentinel-control/docs/reviews,SENTINEL_PRODUCT_POWER_SCORECARD.md,2026-06-14T08:54:31.243734+00:00
sentinel-control/docs/reviews/SENTINEL_PRODUCT_ROUTE_PRE_ATTEMPT_5B_EXHAUSTIVE_AUDIT.md,sentinel_docs,.md,21493,538,sentinel-control/docs/reviews,SENTINEL_PRODUCT_ROUTE_PRE_ATTEMPT_5B_EXHAUSTIVE_AUDIT.md,2026-06-21T14:31:45.428962+00:00
sentinel-control/docs/reviews/SENTINEL_PROVIDER_REASONING_VISIBLE_CHANNEL_AUDIT_V1.md,sentinel_docs,.md,3439,73,sentinel-control/docs/reviews,SENTINEL_PROVIDER_REASONING_VISIBLE_CHANNEL_AUDIT_V1.md,2026-06-17T22:26:21.182082+00:00
sentinel-control/docs/reviews/SENTINEL_REAL_MODEL_BEHAVIORAL_AND_PREDICTIVE_HARNESS_AUDIT.md,sentinel_docs,.md,6825,149,sentinel-control/docs/reviews,SENTINEL_REAL_MODEL_BEHAVIORAL_AND_PREDICTIVE_HARNESS_AUDIT.md,2026-06-17T22:26:21.198069+00:00
sentinel-control/docs/reviews/SENTINEL_REAL_MODEL_BEHAVIORAL_EXHAUSTIVE_AUDIT_V1.md,sentinel_docs,.md,11441,256,sentinel-control/docs/reviews,SENTINEL_REAL_MODEL_BEHAVIORAL_EXHAUSTIVE_AUDIT_V1.md,2026-06-17T22:26:21.215378+00:00
sentinel-control/docs/reviews/SENTINEL_REAL_MODEL_BEHAVIORAL_EXHAUSTIVE_REMEDIATION_LOCK_REPORT_V1.md,sentinel_docs,.md,7265,140,sentinel-control/docs/reviews,SENTINEL_REAL_MODEL_BEHAVIORAL_EXHAUSTIVE_REMEDIATION_LOCK_REPORT_V1.md,2026-06-17T22:26:21.232221+00:00
sentinel-control/docs/reviews/SENTINEL_REAL_MODEL_BEHAVIORAL_FAILURE_AND_RISK_MATRIX_V1.md,sentinel_docs,.md,15952,361,sentinel-control/docs/reviews,SENTINEL_REAL_MODEL_BEHAVIORAL_FAILURE_AND_RISK_MATRIX_V1.md,2026-06-17T22:26:21.264837+00:00
sentinel-control/docs/reviews/SENTINEL_REAL_MODEL_EXPERIMENTAL_LANE_DIRTY_TREE_HYGIENE_AND_FREEZE_V1.md,sentinel_docs,.md,19704,273,sentinel-control/docs/reviews,SENTINEL_REAL_MODEL_EXPERIMENTAL_LANE_DIRTY_TREE_HYGIENE_AND_FREEZE_V1.md,2026-06-17T22:29:28.501034+00:00
sentinel-control/docs/reviews/SENTINEL_REAL_MODEL_FAILURE_MODE_MATRIX.md,sentinel_docs,.md,6858,79,sentinel-control/docs/reviews,SENTINEL_REAL_MODEL_FAILURE_MODE_MATRIX.md,2026-06-17T22:26:21.298279+00:00
sentinel-control/docs/reviews/SENTINEL_REAL_MODEL_HARNESS_PRE_V3_1_READINESS_REPORT.md,sentinel_docs,.md,5819,147,sentinel-control/docs/reviews,SENTINEL_REAL_MODEL_HARNESS_PRE_V3_1_READINESS_REPORT.md,2026-06-17T22:26:21.298279+00:00
sentinel-control/docs/reviews/SENTINEL_REAL_MODEL_POWER_TRUTH_RECONCILIATION_V1.md,sentinel_docs,.md,3782,90,sentinel-control/docs/reviews,SENTINEL_REAL_MODEL_POWER_TRUTH_RECONCILIATION_V1.md,2026-06-17T22:26:21.314915+00:00
sentinel-control/docs/reviews/SENTINEL_REAL_MODEL_RUNTIME_CALL_GRAPH_AND_TRUST_BOUNDARIES_V1.md,sentinel_docs,.md,3671,94,sentinel-control/docs/reviews,SENTINEL_REAL_MODEL_RUNTIME_CALL_GRAPH_AND_TRUST_BOUNDARIES_V1.md,2026-06-17T22:26:21.314915+00:00
sentinel-control/docs/reviews/SENTINEL_REAL_MODEL_SELF_EXPLORATION_READ_ONLY_V1_REPORT.md,sentinel_docs,.md,5884,189,sentinel-control/docs/reviews,SENTINEL_REAL_MODEL_SELF_EXPLORATION_READ_ONLY_V1_REPORT.md,2026-06-17T22:26:21.332425+00:00
sentinel-control/docs/reviews/SENTINEL_REAL_MODEL_TEST_ADEQUACY_AUDIT_V1.md,sentinel_docs,.md,3801,89,sentinel-control/docs/reviews,SENTINEL_REAL_MODEL_TEST_ADEQUACY_AUDIT_V1.md,2026-06-17T22:26:21.354836+00:00
sentinel-control/docs/reviews/SENTINEL_REAL_POWER_ATTEMPT_1_MODEL_LED_WORKSPACE_LOOP_V1_REPORT.md,sentinel_docs,.md,5446,223,sentinel-control/docs/reviews,SENTINEL_REAL_POWER_ATTEMPT_1_MODEL_LED_WORKSPACE_LOOP_V1_REPORT.md,2026-06-28T20:54:29.467532+00:00
sentinel-control/docs/reviews/SENTINEL_REAL_POWER_ATTEMPT_2B_MODEL_LED_CODE_EXECUTION_LOOP_FINISH_V1_REPORT.md,sentinel_docs,.md,5838,246,sentinel-control/docs/reviews,SENTINEL_REAL_POWER_ATTEMPT_2B_MODEL_LED_CODE_EXECUTION_LOOP_FINISH_V1_REPORT.md,2026-06-29T07:11:39.443304+00:00
sentinel-control/docs/reviews/SENTINEL_REAL_POWER_ATTEMPT_2C_MODEL_LED_CODE_EXECUTION_LOOP_FINISH_V1_REPORT.md,sentinel_docs,.md,5039,218,sentinel-control/docs/reviews,SENTINEL_REAL_POWER_ATTEMPT_2C_MODEL_LED_CODE_EXECUTION_LOOP_FINISH_V1_REPORT.md,2026-06-29T07:29:52.741229+00:00
sentinel-control/docs/reviews/SENTINEL_REAL_POWER_ATTEMPT_2D_MODEL_LED_CODE_EXECUTION_LOOP_FINISH_V1_REPORT.md,sentinel_docs,.md,5149,153,sentinel-control/docs/reviews,SENTINEL_REAL_POWER_ATTEMPT_2D_MODEL_LED_CODE_EXECUTION_LOOP_FINISH_V1_REPORT.md,2026-06-29T07:50:12.711407+00:00
sentinel-control/docs/reviews/SENTINEL_REAL_POWER_ATTEMPT_2E_MODEL_LED_CODE_EXECUTION_LOOP_FINISH_V1_REPORT.md,sentinel_docs,.md,4388,165,sentinel-control/docs/reviews,SENTINEL_REAL_POWER_ATTEMPT_2E_MODEL_LED_CODE_EXECUTION_LOOP_FINISH_V1_REPORT.md,2026-06-29T08:08:32.337464+00:00
sentinel-control/docs/reviews/SENTINEL_REAL_POWER_ATTEMPT_2_MODEL_LED_CODE_EXECUTION_LOOP_V1_REPORT.md,sentinel_docs,.md,5622,224,sentinel-control/docs/reviews,SENTINEL_REAL_POWER_ATTEMPT_2_MODEL_LED_CODE_EXECUTION_LOOP_V1_REPORT.md,2026-06-28T21:21:02.963229+00:00
sentinel-control/docs/reviews/SENTINEL_REAL_POWER_ATTEMPT_3_MODEL_LED_BROWSER_CONTROL_LOOP_V1_REPORT.md,sentinel_docs,.md,3117,111,sentinel-control/docs/reviews,SENTINEL_REAL_POWER_ATTEMPT_3_MODEL_LED_BROWSER_CONTROL_LOOP_V1_REPORT.md,2026-06-29T08:43:07.702680+00:00
sentinel-control/docs/reviews/SENTINEL_REAL_POWER_ATTEMPT_4B_MODEL_LED_REAL_CHANNEL_SEND_FINISH_V1_REPORT.md,sentinel_docs,.md,2822,117,sentinel-control/docs/reviews,SENTINEL_REAL_POWER_ATTEMPT_4B_MODEL_LED_REAL_CHANNEL_SEND_FINISH_V1_REPORT.md,2026-06-29T12:20:39.989860+00:00
sentinel-control/docs/reviews/SENTINEL_REAL_POWER_ATTEMPT_4_MODEL_LED_REAL_CHANNEL_SEND_V1_REPORT.md,sentinel_docs,.md,3341,137,sentinel-control/docs/reviews,SENTINEL_REAL_POWER_ATTEMPT_4_MODEL_LED_REAL_CHANNEL_SEND_V1_REPORT.md,2026-06-29T10:20:44.235841+00:00
sentinel-control/docs/reviews/SENTINEL_REAL_POWER_ATTEMPT_5C_MODEL_LED_ALIBABA_ACTIONABILITY_RECOVERY_V1_REPORT.md,sentinel_docs,.md,8140,278,sentinel-control/docs/reviews,SENTINEL_REAL_POWER_ATTEMPT_5C_MODEL_LED_ALIBABA_ACTIONABILITY_RECOVERY_V1_REPORT.md,2026-06-29T22:04:53.297794+00:00
sentinel-control/docs/reviews/SENTINEL_REAL_POWER_ATTEMPT_5_MODEL_LED_REAL_BROWSER_BOUNDED_WEB_CONTROL_V1_REPORT.md,sentinel_docs,.md,5938,213,sentinel-control/docs/reviews,SENTINEL_REAL_POWER_ATTEMPT_5_MODEL_LED_REAL_BROWSER_BOUNDED_WEB_CONTROL_V1_REPORT.md,2026-06-29T13:18:19.619917+00:00
sentinel-control/docs/reviews/SENTINEL_REAL_WORLD_POWER_BASELINE.md,sentinel_docs,.md,15863,190,sentinel-control/docs/reviews,SENTINEL_REAL_WORLD_POWER_BASELINE.md,2026-06-14T07:47:04.284421+00:00
sentinel-control/docs/reviews/SENTINEL_ROOT_POWER_SIMPLIFICATION_CUT_PLAN_V1.md,sentinel_docs,.md,18651,676,sentinel-control/docs/reviews,SENTINEL_ROOT_POWER_SIMPLIFICATION_CUT_PLAN_V1.md,2026-06-29T22:21:53.876390+00:00
sentinel-control/docs/reviews/SENTINEL_RUNTIME_OWNED_MUTATION_INTENT_V1_ARCHITECTURE.md,sentinel_docs,.md,6236,188,sentinel-control/docs/reviews,SENTINEL_RUNTIME_OWNED_MUTATION_INTENT_V1_ARCHITECTURE.md,2026-06-17T22:26:21.372013+00:00
sentinel-control/docs/reviews/SENTINEL_RUNTIME_OWNED_MUTATION_INTENT_V1_LOCAL_CERTIFICATION_REPORT.md,sentinel_docs,.md,7751,255,sentinel-control/docs/reviews,SENTINEL_RUNTIME_OWNED_MUTATION_INTENT_V1_LOCAL_CERTIFICATION_REPORT.md,2026-06-17T22:26:21.408757+00:00
sentinel-control/docs/reviews/SENTINEL_TOTAL_SYSTEM_DISCOVERY_AUDIT.md,sentinel_docs,.md,22966,470,sentinel-control/docs/reviews,SENTINEL_TOTAL_SYSTEM_DISCOVERY_AUDIT.md,2026-05-18T17:37:51.943067+00:00
sentinel-control/docs/reviews/SENTINEL_WHOLE_SYSTEM_CONVERGENCE_AND_FIRST_RELEASE_READINESS_REVIEW.md,sentinel_docs,.md,17365,399,sentinel-control/docs/reviews,SENTINEL_WHOLE_SYSTEM_CONVERGENCE_AND_FIRST_RELEASE_READINESS_REVIEW.md,2026-06-17T22:26:21.428907+00:00
sentinel-control/docs/reviews/STAGE_B_SANITIZED_REPORT_CAPTURE_AND_INDEPENDENT_VERIFICATION_V1_REPORT.md,sentinel_docs,.md,7992,307,sentinel-control/docs/reviews,STAGE_B_SANITIZED_REPORT_CAPTURE_AND_INDEPENDENT_VERIFICATION_V1_REPORT.md,2026-06-17T22:26:21.464185+00:00
sentinel-control/docs/reviews/TEST_SUITE_TRUTH_REPAIR_LOCK_REPORT.md,sentinel_docs,.md,3152,77,sentinel-control/docs/reviews,TEST_SUITE_TRUTH_REPAIR_LOCK_REPORT.md,2026-05-26T18:53:05.899052+00:00
sentinel-control/docs/reviews/deep_power_audit/sentinel_full_file_inventory.csv,sentinel_docs,.csv,427524,2211,sentinel-control/docs/reviews/deep_power_audit,sentinel_full_file_inventory.csv,2026-06-30T07:03:05.459176+00:00
sentinel-control/docs/reviews/deep_power_audit/sentinel_full_file_inventory.json,sentinel_docs,.json,770262,22102,sentinel-control/docs/reviews/deep_power_audit,sentinel_full_file_inventory.json,2026-06-30T07:03:05.488160+00:00
sentinel-control/docs/reviews/deep_power_audit/sentinel_full_file_inventory_summary.json,sentinel_docs,.json,11211,475,sentinel-control/docs/reviews/deep_power_audit,sentinel_full_file_inventory_summary.json,2026-06-30T07:03:05.519718+00:00
sentinel-control/docs/roadmaps/ROADMAP_CHANGE_PROPOSAL_TELEMETRY_V1.md,sentinel_docs,.md,6078,252,sentinel-control/docs/roadmaps,ROADMAP_CHANGE_PROPOSAL_TELEMETRY_V1.md,2026-06-07T19:12:51.029194+00:00
sentinel-control/docs/roadmaps/SENTINEL_MASTER_ROADMAP_TO_COMPLETION.md,sentinel_docs,.md,41559,1074,sentinel-control/docs/roadmaps,SENTINEL_MASTER_ROADMAP_TO_COMPLETION.md,2026-06-14T22:31:59.231959+00:00
sentinel-control/docs/roadmaps/SENTINEL_POWER_KERNEL_AND_ACTUATOR_FABRIC_ROADMAP.md,sentinel_docs,.md,28249,812,sentinel-control/docs/roadmaps,SENTINEL_POWER_KERNEL_AND_ACTUATOR_FABRIC_ROADMAP.md,2026-06-14T22:32:08.769833+00:00
sentinel-control/docs/roadmaps/SENTINEL_REAL_WORLD_POWER_CONVERGENCE_ROADMAP.md,sentinel_docs,.md,5072,158,sentinel-control/docs/roadmaps,SENTINEL_REAL_WORLD_POWER_CONVERGENCE_ROADMAP.md,2026-06-14T22:32:20.565739+00:00
sentinel-control/docs/specs/sentinel-real-model-execution-backend/README.md,sentinel_docs,.md,1835,52,sentinel-control/docs/specs/sentinel-real-model-execution-backend,README.md,2026-05-18T21:31:29.513951+00:00
sentinel-control/docs/specs/sentinel-real-model-execution-backend/design.md,sentinel_docs,.md,13318,584,sentinel-control/docs/specs/sentinel-real-model-execution-backend,design.md,2026-05-18T21:31:45.438415+00:00
sentinel-control/docs/specs/sentinel-real-model-execution-backend/requirements.md,sentinel_docs,.md,17321,405,sentinel-control/docs/specs/sentinel-real-model-execution-backend,requirements.md,2026-05-18T21:31:38.676875+00:00
sentinel-control/docs/specs/sentinel-real-model-execution-backend/tasks.md,sentinel_docs,.md,13505,348,sentinel-control/docs/specs/sentinel-real-model-execution-backend,tasks.md,2026-05-18T21:31:57.292232+00:00
sentinel-control/examples/missions/llm_live_cockpit_business_demo.mission.json,sentinel_control_other,.json,890,30,sentinel-control/examples/missions,llm_live_cockpit_business_demo.mission.json,2026-06-06T01:45:58.927314+00:00
sentinel-control/examples/missions/power_fabric_demo.mission.json,sentinel_control_other,.json,686,24,sentinel-control/examples/missions,power_fabric_demo.mission.json,2026-06-06T01:45:58.928313+00:00
sentinel-control/examples/transcripts/llm_live_operator_business_launch_transcript.md,sentinel_control_other,.md,1583,60,sentinel-control/examples/transcripts,llm_live_operator_business_launch_transcript.md,2026-06-06T01:45:58.930312+00:00
sentinel-control/packages/evals/datasets/business_quality/bad_competitor_gap.jsonl,sentinel_control_other,.jsonl,933,1,sentinel-control/packages/evals/datasets/business_quality,bad_competitor_gap.jsonl,2026-04-26T11:25:52.826960+00:00
sentinel-control/packages/evals/datasets/business_quality/generic_landing_copy.jsonl,sentinel_control_other,.jsonl,1038,1,sentinel-control/packages/evals/datasets/business_quality,generic_landing_copy.jsonl,2026-04-26T11:25:52.827959+00:00
sentinel-control/packages/evals/datasets/business_quality/missing_wtp.jsonl,sentinel_control_other,.jsonl,888,1,sentinel-control/packages/evals/datasets/business_quality,missing_wtp.jsonl,2026-04-26T11:25:52.828962+00:00
sentinel-control/packages/evals/datasets/business_quality/strong_gtm_pack_examples.jsonl,sentinel_control_other,.jsonl,1953,1,sentinel-control/packages/evals/datasets/business_quality,strong_gtm_pack_examples.jsonl,2026-04-26T12:34:45.150219+00:00
sentinel-control/packages/evals/datasets/business_quality/unrealistic_roadmap.jsonl,sentinel_control_other,.jsonl,953,1,sentinel-control/packages/evals/datasets/business_quality,unrealistic_roadmap.jsonl,2026-04-26T11:25:52.830957+00:00
sentinel-control/packages/evals/datasets/business_quality/vague_icp.jsonl,sentinel_control_other,.jsonl,921,1,sentinel-control/packages/evals/datasets/business_quality,vague_icp.jsonl,2026-04-26T11:25:52.830957+00:00
sentinel-control/packages/evals/datasets/business_quality/weak_outreach.jsonl,sentinel_control_other,.jsonl,935,1,sentinel-control/packages/evals/datasets/business_quality,weak_outreach.jsonl,2026-04-26T11:25:52.831955+00:00
sentinel-control/packages/evals/datasets/business_quality/weak_positioning.jsonl,sentinel_control_other,.jsonl,1080,1,sentinel-control/packages/evals/datasets/business_quality,weak_positioning.jsonl,2026-04-26T11:25:52.832955+00:00
sentinel-control/packages/evals/datasets/compliant_outreach.jsonl,sentinel_control_other,.jsonl,562,3,sentinel-control/packages/evals/datasets,compliant_outreach.jsonl,2026-04-26T11:25:52.832955+00:00
sentinel-control/packages/evals/datasets/dangerous_actions.jsonl,sentinel_control_other,.jsonl,1447,5,sentinel-control/packages/evals/datasets,dangerous_actions.jsonl,2026-04-26T11:25:52.834608+00:00
sentinel-control/packages/evals/datasets/fake_evidence_cases.jsonl,sentinel_control_other,.jsonl,572,3,sentinel-control/packages/evals/datasets,fake_evidence_cases.jsonl,2026-04-26T11:25:52.834608+00:00
sentinel-control/packages/evals/datasets/prompt_injection_cases.jsonl,sentinel_control_other,.jsonl,446,4,sentinel-control/packages/evals/datasets,prompt_injection_cases.jsonl,2026-04-26T11:25:52.835561+00:00
sentinel-control/packages/evals/datasets/safe_actions.jsonl,sentinel_control_other,.jsonl,1027,3,sentinel-control/packages/evals/datasets,safe_actions.jsonl,2026-04-26T11:25:52.836369+00:00
sentinel-control/packages/evals/datasets/spammy_outreach.jsonl,sentinel_control_other,.jsonl,341,3,sentinel-control/packages/evals/datasets,spammy_outreach.jsonl,2026-04-26T11:25:52.837363+00:00
sentinel-control/packages/evals/datasets/strong_ideas.jsonl,sentinel_control_other,.jsonl,2759,2,sentinel-control/packages/evals/datasets,strong_ideas.jsonl,2026-04-26T11:25:52.837363+00:00
sentinel-control/packages/evals/datasets/weak_ideas.jsonl,sentinel_control_other,.jsonl,1206,2,sentinel-control/packages/evals/datasets,weak_ideas.jsonl,2026-04-26T11:25:52.838363+00:00
sentinel-control/preview/index.html,sentinel_control_other,.html,54210,1118,sentinel-control/preview,index.html,2026-04-26T11:25:52.839362+00:00
sentinel-control/services/sentinel-core/pyproject.toml,sentinel_control_other,.toml,787,39,sentinel-control/services/sentinel-core,pyproject.toml,2026-05-30T22:06:59.980885+00:00
sentinel-control/services/sentinel-core/sentinel/__init__.py,sentinel_core_runtime,.py,94,6,sentinel-control/services/sentinel-core/sentinel,__init__.py,2026-04-26T11:25:52.843360+00:00
sentinel-control/services/sentinel-core/sentinel/__main__.py,sentinel_core_runtime,.py,144,7,sentinel-control/services/sentinel-core/sentinel,__main__.py,2026-05-26T20:44:39.203352+00:00
sentinel-control/services/sentinel-core/sentinel/agent/__init__.py,sentinel_core_runtime,.py,18753,626,sentinel-control/services/sentinel-core/sentinel/agent,__init__.py,2026-05-10T09:21:28.637856+00:00
sentinel-control/services/sentinel-core/sentinel/agent/action_engine.py,sentinel_core_runtime,.py,17687,426,sentinel-control/services/sentinel-core/sentinel/agent,action_engine.py,2026-04-30T13:42:12.018615+00:00
sentinel-control/services/sentinel-core/sentinel/agent/adaptive_debate.py,sentinel_core_runtime,.py,12868,319,sentinel-control/services/sentinel-core/sentinel/agent,adaptive_debate.py,2026-05-07T14:43:57.807886+00:00
sentinel-control/services/sentinel-core/sentinel/agent/agent_count.py,sentinel_core_runtime,.py,6001,156,sentinel-control/services/sentinel-core/sentinel/agent,agent_count.py,2026-05-07T10:45:53.861054+00:00
sentinel-control/services/sentinel-core/sentinel/agent/agent_society.py,sentinel_core_runtime,.py,12365,281,sentinel-control/services/sentinel-core/sentinel/agent,agent_society.py,2026-05-07T14:06:10.247237+00:00
sentinel-control/services/sentinel-core/sentinel/agent/artifact_capture.py,sentinel_core_runtime,.py,13693,384,sentinel-control/services/sentinel-core/sentinel/agent,artifact_capture.py,2026-04-28T10:04:25.369180+00:00
sentinel-control/services/sentinel-core/sentinel/agent/audit.py,sentinel_core_runtime,.py,14066,311,sentinel-control/services/sentinel-core/sentinel/agent,audit.py,2026-04-28T10:13:35.900109+00:00
sentinel-control/services/sentinel-core/sentinel/agent/belief_state.py,sentinel_core_runtime,.py,12953,306,sentinel-control/services/sentinel-core/sentinel/agent,belief_state.py,2026-05-07T14:40:38.482406+00:00
sentinel-control/services/sentinel-core/sentinel/agent/brain/__init__.py,sentinel_core_runtime,.py,680,25,sentinel-control/services/sentinel-core/sentinel/agent/brain,__init__.py,2026-05-19T13:38:59.671897+00:00
sentinel-control/services/sentinel-core/sentinel/agent/brain/cognition_loop.py,sentinel_core_runtime,.py,35213,820,sentinel-control/services/sentinel-core/sentinel/agent/brain,cognition_loop.py,2026-06-07T07:18:58.523604+00:00
sentinel-control/services/sentinel-core/sentinel/agent/brainbench.py,sentinel_core_runtime,.py,10516,234,sentinel-control/services/sentinel-core/sentinel/agent,brainbench.py,2026-05-07T15:12:38.761975+00:00
sentinel-control/services/sentinel-core/sentinel/agent/browser/__init__.py,sentinel_core_runtime,.py,18796,534,sentinel-control/services/sentinel-core/sentinel/agent/browser,__init__.py,2026-05-13T00:58:00.340561+00:00
sentinel-control/services/sentinel-core/sentinel/agent/browser/accessibility_snapshot.py,sentinel_core_runtime,.py,429,12,sentinel-control/services/sentinel-core/sentinel/agent/browser,accessibility_snapshot.py,2026-05-12T19:15:07.604907+00:00
sentinel-control/services/sentinel-core/sentinel/agent/browser/advanced_pool.py,sentinel_core_runtime,.py,932,29,sentinel-control/services/sentinel-core/sentinel/agent/browser,advanced_pool.py,2026-05-13T00:04:57.190398+00:00
sentinel-control/services/sentinel-core/sentinel/agent/browser/cdp_ax.py,sentinel_core_runtime,.py,556,20,sentinel-control/services/sentinel-core/sentinel/agent/browser,cdp_ax.py,2026-05-12T19:15:00.662344+00:00
sentinel-control/services/sentinel-core/sentinel/agent/browser/controlled_runner.py,sentinel_core_runtime,.py,372,13,sentinel-control/services/sentinel-core/sentinel/agent/browser,controlled_runner.py,2026-05-13T00:53:02.501085+00:00
sentinel-control/services/sentinel-core/sentinel/agent/browser/cortex.py,sentinel_core_runtime,.py,36839,769,sentinel-control/services/sentinel-core/sentinel/agent/browser,cortex.py,2026-04-29T21:01:58.974554+00:00
sentinel-control/services/sentinel-core/sentinel/agent/browser/dom_snapshot.py,sentinel_core_runtime,.py,504,18,sentinel-control/services/sentinel-core/sentinel/agent/browser,dom_snapshot.py,2026-05-12T19:15:04.654017+00:00
sentinel-control/services/sentinel-core/sentinel/agent/browser/download_quarantine.py,sentinel_core_runtime,.py,755,25,sentinel-control/services/sentinel-core/sentinel/agent/browser,download_quarantine.py,2026-05-13T00:47:00.372211+00:00
sentinel-control/services/sentinel-core/sentinel/agent/browser/evidence_adapter.py,sentinel_core_runtime,.py,451,19,sentinel-control/services/sentinel-core/sentinel/agent/browser,evidence_adapter.py,2026-05-13T00:39:40.878870+00:00
sentinel-control/services/sentinel-core/sentinel/agent/browser/extraction.py,sentinel_core_runtime,.py,500,18,sentinel-control/services/sentinel-core/sentinel/agent/browser,extraction.py,2026-05-12T19:15:09.697224+00:00
sentinel-control/services/sentinel-core/sentinel/agent/browser/fake_eval.py,sentinel_core_runtime,.py,8683,209,sentinel-control/services/sentinel-core/sentinel/agent/browser,fake_eval.py,2026-04-28T17:17:47.032792+00:00
sentinel-control/services/sentinel-core/sentinel/agent/browser/form_submit.py,sentinel_core_runtime,.py,683,25,sentinel-control/services/sentinel-core/sentinel/agent/browser,form_submit.py,2026-05-13T00:46:58.456817+00:00
sentinel-control/services/sentinel-core/sentinel/agent/browser/interaction_dry_run.py,sentinel_core_runtime,.py,1330,33,sentinel-control/services/sentinel-core/sentinel/agent/browser,interaction_dry_run.py,2026-05-12T19:59:57.847427+00:00
sentinel-control/services/sentinel-core/sentinel/agent/browser/interaction_execution.py,sentinel_core_runtime,.py,529,19,sentinel-control/services/sentinel-core/sentinel/agent/browser,interaction_execution.py,2026-05-13T00:45:49.358774+00:00
sentinel-control/services/sentinel-core/sentinel/agent/browser/live_fetch.py,sentinel_core_runtime,.py,509,19,sentinel-control/services/sentinel-core/sentinel/agent/browser,live_fetch.py,2026-05-13T00:39:42.419547+00:00
sentinel-control/services/sentinel-core/sentinel/agent/browser/models.py,sentinel_core_runtime,.py,750,17,sentinel-control/services/sentinel-core/sentinel/agent/browser,models.py,2026-05-12T19:31:30.640674+00:00
sentinel-control/services/sentinel-core/sentinel/agent/browser/multitab_operator.py,sentinel_core_runtime,.py,503,19,sentinel-control/services/sentinel-core/sentinel/agent/browser,multitab_operator.py,2026-05-13T00:47:11.458657+00:00
sentinel-control/services/sentinel-core/sentinel/agent/browser/neural/__init__.py,sentinel_core_runtime,.py,2696,86,sentinel-control/services/sentinel-core/sentinel/agent/browser/neural,__init__.py,2026-06-04T07:36:42.811488+00:00
sentinel-control/services/sentinel-core/sentinel/agent/browser/neural/blackboard.py,sentinel_core_runtime,.py,1418,32,sentinel-control/services/sentinel-core/sentinel/agent/browser/neural,blackboard.py,2026-06-02T12:47:38.539352+00:00
sentinel-control/services/sentinel-core/sentinel/agent/browser/neural/gauntlet.py,sentinel_core_runtime,.py,7928,144,sentinel-control/services/sentinel-core/sentinel/agent/browser/neural,gauntlet.py,2026-06-02T12:48:15.232464+00:00
sentinel-control/services/sentinel-core/sentinel/agent/browser/neural/ledger.py,sentinel_core_runtime,.py,6870,182,sentinel-control/services/sentinel-core/sentinel/agent/browser/neural,ledger.py,2026-06-02T07:56:19.964079+00:00
sentinel-control/services/sentinel-core/sentinel/agent/browser/neural/models.py,sentinel_core_runtime,.py,10815,265,sentinel-control/services/sentinel-core/sentinel/agent/browser/neural,models.py,2026-06-02T12:47:26.371733+00:00
sentinel-control/services/sentinel-core/sentinel/agent/browser/neural/motor_proposal.py,sentinel_core_runtime,.py,9869,219,sentinel-control/services/sentinel-core/sentinel/agent/browser/neural,motor_proposal.py,2026-06-04T07:36:18.664911+00:00
sentinel-control/services/sentinel-core/sentinel/agent/browser/neural/perception.py,sentinel_core_runtime,.py,10070,239,sentinel-control/services/sentinel-core/sentinel/agent/browser/neural,perception.py,2026-06-02T08:00:52.617282+00:00
sentinel-control/services/sentinel-core/sentinel/agent/browser/neural/planning.py,sentinel_core_runtime,.py,3429,71,sentinel-control/services/sentinel-core/sentinel/agent/browser/neural,planning.py,2026-06-01T23:30:06.157039+00:00
sentinel-control/services/sentinel-core/sentinel/agent/browser/neural/recovery.py,sentinel_core_runtime,.py,2727,47,sentinel-control/services/sentinel-core/sentinel/agent/browser/neural,recovery.py,2026-06-01T23:30:06.207846+00:00
sentinel-control/services/sentinel-core/sentinel/agent/browser/neural/risk.py,sentinel_core_runtime,.py,1829,34,sentinel-control/services/sentinel-core/sentinel/agent/browser/neural,risk.py,2026-06-01T23:30:06.207846+00:00
sentinel-control/services/sentinel-core/sentinel/agent/browser/neural/signal_graph.py,sentinel_core_runtime,.py,168,3,sentinel-control/services/sentinel-core/sentinel/agent/browser/neural,signal_graph.py,2026-06-01T23:26:00.964369+00:00
sentinel-control/services/sentinel-core/sentinel/agent/browser/neural/squad.py,sentinel_core_runtime,.py,7567,193,sentinel-control/services/sentinel-core/sentinel/agent/browser/neural,squad.py,2026-06-02T07:47:41.344114+00:00
sentinel-control/services/sentinel-core/sentinel/agent/browser/observability.py,sentinel_core_runtime,.py,571,19,sentinel-control/services/sentinel-core/sentinel/agent/browser,observability.py,2026-05-12T19:14:58.239138+00:00
sentinel-control/services/sentinel-core/sentinel/agent/browser/operator_runtime.py,sentinel_core_runtime,.py,579,21,sentinel-control/services/sentinel-core/sentinel/agent/browser,operator_runtime.py,2026-05-13T00:53:04.374313+00:00
sentinel-control/services/sentinel-core/sentinel/agent/browser/pdf.py,sentinel_core_runtime,.py,551,15,sentinel-control/services/sentinel-core/sentinel/agent/browser,pdf.py,2026-05-12T19:14:54.936528+00:00
sentinel-control/services/sentinel-core/sentinel/agent/browser/peer_benchmark.py,sentinel_core_runtime,.py,14912,326,sentinel-control/services/sentinel-core/sentinel/agent/browser,peer_benchmark.py,2026-04-29T22:53:03.205158+00:00
sentinel-control/services/sentinel-core/sentinel/agent/browser/perception_adapter.py,sentinel_core_runtime,.py,10878,252,sentinel-control/services/sentinel-core/sentinel/agent/browser,perception_adapter.py,2026-04-30T14:04:56.493321+00:00
sentinel-control/services/sentinel-core/sentinel/agent/browser/playwright_interaction_backend.py,sentinel_core_runtime,.py,402,13,sentinel-control/services/sentinel-core/sentinel/agent/browser,playwright_interaction_backend.py,2026-05-13T00:39:43.704283+00:00
sentinel-control/services/sentinel-core/sentinel/agent/browser/playwright_renderer.py,sentinel_core_runtime,.py,362,13,sentinel-control/services/sentinel-core/sentinel/agent/browser,playwright_renderer.py,2026-05-13T00:39:37.292860+00:00
sentinel-control/services/sentinel-core/sentinel/agent/browser/public_lifecycle.py,sentinel_core_runtime,.py,368,13,sentinel-control/services/sentinel-core/sentinel/agent/browser,public_lifecycle.py,2026-05-13T00:47:09.685352+00:00
sentinel-control/services/sentinel-core/sentinel/agent/browser/rendered_snapshot.py,sentinel_core_runtime,.py,473,19,sentinel-control/services/sentinel-core/sentinel/agent/browser,rendered_snapshot.py,2026-05-13T00:39:38.959069+00:00
sentinel-control/services/sentinel-core/sentinel/agent/browser/screenshot.py,sentinel_core_runtime,.py,529,19,sentinel-control/services/sentinel-core/sentinel/agent/browser,screenshot.py,2026-05-12T19:14:56.636951+00:00
sentinel-control/services/sentinel-core/sentinel/agent/browser/self_hosted_benchmark.py,sentinel_core_runtime,.py,26689,556,sentinel-control/services/sentinel-core/sentinel/agent/browser,self_hosted_benchmark.py,2026-04-29T22:53:10.081366+00:00
sentinel-control/services/sentinel-core/sentinel/agent/browser/supervisor.py,sentinel_core_runtime,.py,739,25,sentinel-control/services/sentinel-core/sentinel/agent/browser,supervisor.py,2026-05-13T00:04:59.793087+00:00
sentinel-control/services/sentinel-core/sentinel/agent/browser/ui_observation.py,sentinel_core_runtime,.py,636,22,sentinel-control/services/sentinel-core/sentinel/agent/browser,ui_observation.py,2026-05-12T19:15:05.992598+00:00
sentinel-control/services/sentinel-core/sentinel/agent/browser/upload_authorized.py,sentinel_core_runtime,.py,727,25,sentinel-control/services/sentinel-core/sentinel/agent/browser,upload_authorized.py,2026-05-13T00:47:02.784459+00:00
sentinel-control/services/sentinel-core/sentinel/agent/browser/url_guard.py,sentinel_core_runtime,.py,381,13,sentinel-control/services/sentinel-core/sentinel/agent/browser,url_guard.py,2026-05-12T19:15:10.863524+00:00
sentinel-control/services/sentinel-core/sentinel/agent/browser/v3_advanced_authorities.py,sentinel_core_runtime,.py,2571,73,sentinel-control/services/sentinel-core/sentinel/agent/browser,v3_advanced_authorities.py,2026-05-13T00:47:09.513977+00:00
sentinel-control/services/sentinel-core/sentinel/agent/browser/v3_authority.py,sentinel_core_runtime,.py,1260,36,sentinel-control/services/sentinel-core/sentinel/agent/browser,v3_authority.py,2026-05-12T19:48:48.493025+00:00
sentinel-control/services/sentinel-core/sentinel/agent/browser/v3_fixture_backends.py,sentinel_core_runtime,.py,10023,235,sentinel-control/services/sentinel-core/sentinel/agent/browser,v3_fixture_backends.py,2026-04-29T21:12:26.582381+00:00
sentinel-control/services/sentinel-core/sentinel/agent/browser/v3_live_adapter_harness.py,sentinel_core_runtime,.py,16921,397,sentinel-control/services/sentinel-core/sentinel/agent/browser,v3_live_adapter_harness.py,2026-04-29T21:12:26.586399+00:00
sentinel-control/services/sentinel-core/sentinel/agent/browser/v3_measured_supremacy.py,sentinel_core_runtime,.py,52904,1143,sentinel-control/services/sentinel-core/sentinel/agent/browser,v3_measured_supremacy.py,2026-05-08T14:18:21.762427+00:00
sentinel-control/services/sentinel-core/sentinel/agent/browser/verifier.py,sentinel_core_runtime,.py,825,27,sentinel-control/services/sentinel-core/sentinel/agent/browser,verifier.py,2026-05-13T00:04:57.891141+00:00
sentinel-control/services/sentinel-core/sentinel/agent/browser/visual_observation.py,sentinel_core_runtime,.py,542,18,sentinel-control/services/sentinel-core/sentinel/agent/browser,visual_observation.py,2026-05-12T19:15:06.916942+00:00
sentinel-control/services/sentinel-core/sentinel/agent/capability_selector.py,sentinel_core_runtime,.py,5637,109,sentinel-control/services/sentinel-core/sentinel/agent,capability_selector.py,2026-05-07T08:42:26.437719+00:00
sentinel-control/services/sentinel-core/sentinel/agent/cognitive_cycle.py,sentinel_core_runtime,.py,1968,48,sentinel-control/services/sentinel-core/sentinel/agent,cognitive_cycle.py,2026-05-14T09:04:43.775057+00:00
sentinel-control/services/sentinel-core/sentinel/agent/context_builder.py,sentinel_core_runtime,.py,2694,70,sentinel-control/services/sentinel-core/sentinel/agent,context_builder.py,2026-05-14T09:05:00.630039+00:00
sentinel-control/services/sentinel-core/sentinel/agent/context_compressor.py,sentinel_core_runtime,.py,1041,29,sentinel-control/services/sentinel-core/sentinel/agent,context_compressor.py,2026-05-14T09:05:09.363604+00:00
sentinel-control/services/sentinel-core/sentinel/agent/context_engine.py,sentinel_core_runtime,.py,3440,102,sentinel-control/services/sentinel-core/sentinel/agent,context_engine.py,2026-05-10T10:24:00.154777+00:00
sentinel-control/services/sentinel-core/sentinel/agent/context_pressure.py,sentinel_core_runtime,.py,8498,193,sentinel-control/services/sentinel-core/sentinel/agent,context_pressure.py,2026-05-10T10:24:00.151606+00:00
sentinel-control/services/sentinel-core/sentinel/agent/controlled_capability.py,sentinel_core_runtime,.py,10987,277,sentinel-control/services/sentinel-core/sentinel/agent,controlled_capability.py,2026-04-28T10:12:58.633050+00:00
sentinel-control/services/sentinel-core/sentinel/agent/decision_frame.py,sentinel_core_runtime,.py,10102,222,sentinel-control/services/sentinel-core/sentinel/agent,decision_frame.py,2026-05-12T22:09:46.308778+00:00
sentinel-control/services/sentinel-core/sentinel/agent/effort_router.py,sentinel_core_runtime,.py,7241,196,sentinel-control/services/sentinel-core/sentinel/agent,effort_router.py,2026-04-27T12:01:35.471365+00:00
sentinel-control/services/sentinel-core/sentinel/agent/epistemic_action.py,sentinel_core_runtime,.py,8356,203,sentinel-control/services/sentinel-core/sentinel/agent,epistemic_action.py,2026-05-07T14:48:26.378553+00:00
sentinel-control/services/sentinel-core/sentinel/agent/eval_bench.py,sentinel_core_runtime,.py,24612,570,sentinel-control/services/sentinel-core/sentinel/agent,eval_bench.py,2026-04-29T21:58:04.769829+00:00
sentinel-control/services/sentinel-core/sentinel/agent/event_bus.py,sentinel_core_runtime,.py,352,12,sentinel-control/services/sentinel-core/sentinel/agent,event_bus.py,2026-05-12T14:11:50.072221+00:00
sentinel-control/services/sentinel-core/sentinel/agent/events.py,sentinel_core_runtime,.py,362,12,sentinel-control/services/sentinel-core/sentinel/agent,events.py,2026-05-12T14:11:48.806310+00:00
sentinel-control/services/sentinel-core/sentinel/agent/evidence.py,sentinel_core_runtime,.py,28077,632,sentinel-control/services/sentinel-core/sentinel/agent,evidence.py,2026-06-03T20:36:40.117183+00:00
sentinel-control/services/sentinel-core/sentinel/agent/evidence_ranker.py,sentinel_core_runtime,.py,5782,139,sentinel-control/services/sentinel-core/sentinel/agent,evidence_ranker.py,2026-05-12T22:39:47.490073+00:00
sentinel-control/services/sentinel-core/sentinel/agent/exceptions.py,sentinel_core_runtime,.py,1270,33,sentinel-control/services/sentinel-core/sentinel/agent,exceptions.py,2026-05-12T21:25:34.591852+00:00
sentinel-control/services/sentinel-core/sentinel/agent/execution_posture.py,sentinel_core_runtime,.py,4541,123,sentinel-control/services/sentinel-core/sentinel/agent,execution_posture.py,2026-04-28T07:15:05.352465+00:00
sentinel-control/services/sentinel-core/sentinel/agent/final_gate.py,sentinel_core_runtime,.py,174143,3032,sentinel-control/services/sentinel-core/sentinel/agent,final_gate.py,2026-06-03T20:13:20.896392+00:00
sentinel-control/services/sentinel-core/sentinel/agent/final_gate_registry.py,sentinel_core_runtime,.py,13232,315,sentinel-control/services/sentinel-core/sentinel/agent,final_gate_registry.py,2026-06-14T12:20:23.885643+00:00
sentinel-control/services/sentinel-core/sentinel/agent/hypothesis.py,sentinel_core_runtime,.py,12436,271,sentinel-control/services/sentinel-core/sentinel/agent,hypothesis.py,2026-04-27T11:07:32.959780+00:00
sentinel-control/services/sentinel-core/sentinel/agent/identity.py,sentinel_core_runtime,.py,786,29,sentinel-control/services/sentinel-core/sentinel/agent,identity.py,2026-04-27T08:12:01.192581+00:00
sentinel-control/services/sentinel-core/sentinel/agent/invariants.py,sentinel_core_runtime,.py,13774,276,sentinel-control/services/sentinel-core/sentinel/agent,invariants.py,2026-05-12T22:51:27.304297+00:00
sentinel-control/services/sentinel-core/sentinel/agent/learning_loop.py,sentinel_core_runtime,.py,1368,33,sentinel-control/services/sentinel-core/sentinel/agent,learning_loop.py,2026-04-27T08:12:01.212314+00:00
sentinel-control/services/sentinel-core/sentinel/agent/llm/__init__.py,sentinel_core_runtime,.py,7063,251,sentinel-control/services/sentinel-core/sentinel/agent/llm,__init__.py,2026-05-19T13:22:31.138811+00:00
sentinel-control/services/sentinel-core/sentinel/agent/llm/context_pack.py,sentinel_core_runtime,.py,26769,615,sentinel-control/services/sentinel-core/sentinel/agent/llm,context_pack.py,2026-06-04T07:35:31.875293+00:00
sentinel-control/services/sentinel-core/sentinel/agent/llm/evidence_verifier.py,sentinel_core_runtime,.py,4917,131,sentinel-control/services/sentinel-core/sentinel/agent/llm,evidence_verifier.py,2026-05-19T09:46:10.149852+00:00
sentinel-control/services/sentinel-core/sentinel/agent/llm/interface.py,sentinel_core_runtime,.py,5041,133,sentinel-control/services/sentinel-core/sentinel/agent/llm,interface.py,2026-04-29T12:12:34.216958+00:00
sentinel-control/services/sentinel-core/sentinel/agent/llm/memory_bridge.py,sentinel_core_runtime,.py,32655,841,sentinel-control/services/sentinel-core/sentinel/agent/llm,memory_bridge.py,2026-05-26T18:54:28.503703+00:00
sentinel-control/services/sentinel-core/sentinel/agent/llm/memory_replay.py,sentinel_core_runtime,.py,47961,1158,sentinel-control/services/sentinel-core/sentinel/agent/llm,memory_replay.py,2026-06-02T12:59:14.796136+00:00
sentinel-control/services/sentinel-core/sentinel/agent/llm/memory_retrieval.py,sentinel_core_runtime,.py,19853,492,sentinel-control/services/sentinel-core/sentinel/agent/llm,memory_retrieval.py,2026-05-26T18:54:28.516705+00:00
sentinel-control/services/sentinel-core/sentinel/agent/llm/memory_slots.py,sentinel_core_runtime,.py,25625,644,sentinel-control/services/sentinel-core/sentinel/agent/llm,memory_slots.py,2026-05-26T18:54:28.529256+00:00
sentinel-control/services/sentinel-core/sentinel/agent/llm/proposals.py,sentinel_core_runtime,.py,14406,426,sentinel-control/services/sentinel-core/sentinel/agent/llm,proposals.py,2026-05-19T09:45:41.458783+00:00
sentinel-control/services/sentinel-core/sentinel/agent/llm/role_loop.py,sentinel_core_runtime,.py,48324,1158,sentinel-control/services/sentinel-core/sentinel/agent/llm,role_loop.py,2026-05-19T11:59:06.358584+00:00
sentinel-control/services/sentinel-core/sentinel/agent/llm/tool_intent_compiler.py,sentinel_core_runtime,.py,24210,531,sentinel-control/services/sentinel-core/sentinel/agent/llm,tool_intent_compiler.py,2026-04-29T21:01:58.986554+00:00
sentinel-control/services/sentinel-core/sentinel/agent/method_selector.py,sentinel_core_runtime,.py,1808,25,sentinel-control/services/sentinel-core/sentinel/agent,method_selector.py,2026-04-27T08:12:01.200258+00:00
sentinel-control/services/sentinel-core/sentinel/agent/mission_entropy.py,sentinel_core_runtime,.py,9547,252,sentinel-control/services/sentinel-core/sentinel/agent,mission_entropy.py,2026-05-07T10:33:06.454309+00:00
sentinel-control/services/sentinel-core/sentinel/agent/model_contract.py,sentinel_core_runtime,.py,3005,70,sentinel-control/services/sentinel-core/sentinel/agent,model_contract.py,2026-05-18T19:58:56.611818+00:00
sentinel-control/services/sentinel-core/sentinel/agent/model_cost.py,sentinel_core_runtime,.py,3225,75,sentinel-control/services/sentinel-core/sentinel/agent,model_cost.py,2026-05-10T09:10:25.974645+00:00
sentinel-control/services/sentinel-core/sentinel/agent/model_execution/__init__.py,sentinel_core_runtime,.py,3329,92,sentinel-control/services/sentinel-core/sentinel/agent/model_execution,__init__.py,2026-05-18T20:27:03.723850+00:00
sentinel-control/services/sentinel-core/sentinel/agent/model_execution/budget.py,sentinel_core_runtime,.py,15428,374,sentinel-control/services/sentinel-core/sentinel/agent/model_execution,budget.py,2026-05-18T21:03:57.513325+00:00
sentinel-control/services/sentinel-core/sentinel/agent/model_execution/catalog.py,sentinel_core_runtime,.py,12691,330,sentinel-control/services/sentinel-core/sentinel/agent/model_execution,catalog.py,2026-05-18T20:01:14.563180+00:00
sentinel-control/services/sentinel-core/sentinel/agent/model_execution/coordinator.py,sentinel_core_runtime,.py,12495,244,sentinel-control/services/sentinel-core/sentinel/agent/model_execution,coordinator.py,2026-06-03T11:13:38.538819+00:00
sentinel-control/services/sentinel-core/sentinel/agent/model_execution/credentials.py,sentinel_core_runtime,.py,2381,58,sentinel-control/services/sentinel-core/sentinel/agent/model_execution,credentials.py,2026-06-03T10:43:42.767819+00:00
sentinel-control/services/sentinel-core/sentinel/agent/model_execution/groq.py,sentinel_core_runtime,.py,1328,39,sentinel-control/services/sentinel-core/sentinel/agent/model_execution,groq.py,2026-05-18T16:54:55.604522+00:00
sentinel-control/services/sentinel-core/sentinel/agent/model_execution/models.py,sentinel_core_runtime,.py,5035,131,sentinel-control/services/sentinel-core/sentinel/agent/model_execution,models.py,2026-06-16T13:33:25.540478+00:00
sentinel-control/services/sentinel-core/sentinel/agent/model_execution/nvidia.py,sentinel_core_runtime,.py,1360,39,sentinel-control/services/sentinel-core/sentinel/agent/model_execution,nvidia.py,2026-05-18T16:54:55.613515+00:00
sentinel-control/services/sentinel-core/sentinel/agent/model_execution/openai_compatible.py,sentinel_core_runtime,.py,18420,443,sentinel-control/services/sentinel-core/sentinel/agent/model_execution,openai_compatible.py,2026-06-22T08:33:11.150887+00:00
sentinel-control/services/sentinel-core/sentinel/agent/model_execution/openrouter.py,sentinel_core_runtime,.py,1841,50,sentinel-control/services/sentinel-core/sentinel/agent/model_execution,openrouter.py,2026-05-18T16:55:09.513127+00:00
sentinel-control/services/sentinel-core/sentinel/agent/model_execution/policy.py,sentinel_core_runtime,.py,1842,42,sentinel-control/services/sentinel-core/sentinel/agent/model_execution,policy.py,2026-05-18T20:25:12.224059+00:00
sentinel-control/services/sentinel-core/sentinel/agent/model_execution/provider.py,sentinel_core_runtime,.py,701,24,sentinel-control/services/sentinel-core/sentinel/agent/model_execution,provider.py,2026-05-18T12:53:37.148664+00:00
sentinel-control/services/sentinel-core/sentinel/agent/model_execution/provider_profiles.py,sentinel_core_runtime,.py,18263,405,sentinel-control/services/sentinel-core/sentinel/agent/model_execution,provider_profiles.py,2026-06-27T22:12:25.854913+00:00
sentinel-control/services/sentinel-core/sentinel/agent/model_execution/receipts.py,sentinel_core_runtime,.py,2628,62,sentinel-control/services/sentinel-core/sentinel/agent/model_execution,receipts.py,2026-05-18T19:59:28.300187+00:00
sentinel-control/services/sentinel-core/sentinel/agent/model_execution/redaction.py,sentinel_core_runtime,.py,732,22,sentinel-control/services/sentinel-core/sentinel/agent/model_execution,redaction.py,2026-05-18T12:53:37.152182+00:00
sentinel-control/services/sentinel-core/sentinel/agent/model_execution/registry.py,sentinel_core_runtime,.py,1613,39,sentinel-control/services/sentinel-core/sentinel/agent/model_execution,registry.py,2026-06-03T10:44:33.543534+00:00
sentinel-control/services/sentinel-core/sentinel/agent/model_execution/validator.py,sentinel_core_runtime,.py,8123,230,sentinel-control/services/sentinel-core/sentinel/agent/model_execution,validator.py,2026-05-18T20:01:07.265428+00:00
sentinel-control/services/sentinel-core/sentinel/agent/models.py,sentinel_core_runtime,.py,11949,265,sentinel-control/services/sentinel-core/sentinel/agent,models.py,2026-05-25T19:18:50.911074+00:00
sentinel-control/services/sentinel-core/sentinel/agent/organs/__init__.py,sentinel_core_runtime,.py,35946,976,sentinel-control/services/sentinel-core/sentinel/agent/organs,__init__.py,2026-06-05T19:14:27.178323+00:00
sentinel-control/services/sentinel-core/sentinel/agent/organs/browser_account_creation_special_authority_l7.py,sentinel_core_runtime,.py,18043,399,sentinel-control/services/sentinel-core/sentinel/agent/organs,browser_account_creation_special_authority_l7.py,2026-05-31T09:03:44.510335+00:00
sentinel-control/services/sentinel-core/sentinel/agent/organs/browser_benchmark_gauntlet_web_arena_style.py,sentinel_core_runtime,.py,16896,390,sentinel-control/services/sentinel-core/sentinel/agent/organs,browser_benchmark_gauntlet_web_arena_style.py,2026-05-31T08:43:55.795889+00:00
sentinel-control/services/sentinel-core/sentinel/agent/organs/browser_boundary_manager_l6_l7.py,sentinel_core_runtime,.py,15898,387,sentinel-control/services/sentinel-core/sentinel/agent/organs,browser_boundary_manager_l6_l7.py,2026-05-31T08:49:44.264944+00:00
sentinel-control/services/sentinel-core/sentinel/agent/organs/browser_controlled_extension_webmcp_bridge_l7.py,sentinel_core_runtime,.py,19424,441,sentinel-control/services/sentinel-core/sentinel/agent/organs,browser_controlled_extension_webmcp_bridge_l7.py,2026-05-31T09:18:58.579103+00:00
sentinel-control/services/sentinel-core/sentinel/agent/organs/browser_devtools_backend_adapter_v1.py,sentinel_core_runtime,.py,24824,557,sentinel-control/services/sentinel-core/sentinel/agent/organs,browser_devtools_backend_adapter_v1.py,2026-06-05T14:07:54.412055+00:00
sentinel-control/services/sentinel-core/sentinel/agent/organs/browser_devtools_input_parity_l5_l6.py,sentinel_core_runtime,.py,15608,370,sentinel-control/services/sentinel-core/sentinel/agent/organs,browser_devtools_input_parity_l5_l6.py,2026-05-31T08:14:41.605194+00:00
sentinel-control/services/sentinel-core/sentinel/agent/organs/browser_devtools_machine_intelligence_v1.py,sentinel_core_runtime,.py,21081,499,sentinel-control/services/sentinel-core/sentinel/agent/organs,browser_devtools_machine_intelligence_v1.py,2026-05-31T07:55:43.578988+00:00
sentinel-control/services/sentinel-core/sentinel/agent/organs/browser_download_upload_quarantine_l6.py,sentinel_core_runtime,.py,17479,369,sentinel-control/services/sentinel-core/sentinel/agent/organs,browser_download_upload_quarantine_l6.py,2026-06-04T07:31:26.741178+00:00
sentinel-control/services/sentinel-core/sentinel/agent/organs/browser_failure_recovery_engine_v1.py,sentinel_core_runtime,.py,18416,423,sentinel-control/services/sentinel-core/sentinel/agent/organs,browser_failure_recovery_engine_v1.py,2026-06-05T14:10:14.954934+00:00
sentinel-control/services/sentinel-core/sentinel/agent/organs/browser_form_submit_special_authority_l6.py,sentinel_core_runtime,.py,18889,392,sentinel-control/services/sentinel-core/sentinel/agent/organs,browser_form_submit_special_authority_l6.py,2026-05-30T23:02:43.256918+00:00
sentinel-control/services/sentinel-core/sentinel/agent/organs/browser_js_sandbox_special_authority_l6.py,sentinel_core_runtime,.py,16035,352,sentinel-control/services/sentinel-core/sentinel/agent/organs,browser_js_sandbox_special_authority_l6.py,2026-06-03T11:10:56.494141+00:00
sentinel-control/services/sentinel-core/sentinel/agent/organs/browser_login_credential_session_broker_l6.py,sentinel_core_runtime,.py,22693,449,sentinel-control/services/sentinel-core/sentinel/agent/organs,browser_login_credential_session_broker_l6.py,2026-05-30T23:34:08.335784+00:00
sentinel-control/services/sentinel-core/sentinel/agent/organs/browser_multi_step_task_orchestrator_v1.py,sentinel_core_runtime,.py,23096,567,sentinel-control/services/sentinel-core/sentinel/agent/organs,browser_multi_step_task_orchestrator_v1.py,2026-06-04T14:56:10.643038+00:00
sentinel-control/services/sentinel-core/sentinel/agent/organs/browser_network_har_response_quarantine_v1.py,sentinel_core_runtime,.py,17121,433,sentinel-control/services/sentinel-core/sentinel/agent/organs,browser_network_har_response_quarantine_v1.py,2026-05-31T08:37:14.946201+00:00
sentinel-control/services/sentinel-core/sentinel/agent/organs/browser_observability_replay_studio_v1.py,sentinel_core_runtime,.py,24302,623,sentinel-control/services/sentinel-core/sentinel/agent/organs,browser_observability_replay_studio_v1.py,2026-06-05T13:51:14.924310+00:00
sentinel-control/services/sentinel-core/sentinel/agent/organs/browser_operator_agent_l4_l5_live.py,sentinel_core_runtime,.py,25076,538,sentinel-control/services/sentinel-core/sentinel/agent/organs,browser_operator_agent_l4_l5_live.py,2026-05-26T21:09:25.183846+00:00
sentinel-control/services/sentinel-core/sentinel/agent/organs/browser_payment_spend_special_authority_l7.py,sentinel_core_runtime,.py,17524,406,sentinel-control/services/sentinel-core/sentinel/agent/organs,browser_payment_spend_special_authority_l7.py,2026-05-31T08:57:05.861144+00:00
sentinel-control/services/sentinel-core/sentinel/agent/organs/browser_performance_lighthouse_organ_v1.py,sentinel_core_runtime,.py,17767,425,sentinel-control/services/sentinel-core/sentinel/agent/organs,browser_performance_lighthouse_organ_v1.py,2026-05-31T08:31:43.068721+00:00
sentinel-control/services/sentinel-core/sentinel/agent/organs/browser_preparation_organ_v1.py,sentinel_core_runtime,.py,49355,1101,sentinel-control/services/sentinel-core/sentinel/agent/organs,browser_preparation_organ_v1.py,2026-05-26T13:35:12.177582+00:00
sentinel-control/services/sentinel-core/sentinel/agent/organs/browser_readonly_organ_v1.py,sentinel_core_runtime,.py,56428,1220,sentinel-control/services/sentinel-core/sentinel/agent/organs,browser_readonly_organ_v1.py,2026-05-26T14:06:11.484597+00:00
sentinel-control/services/sentinel-core/sentinel/agent/organs/browser_semantic_extraction_organ_v1.py,sentinel_core_runtime,.py,48207,1016,sentinel-control/services/sentinel-core/sentinel/agent/organs,browser_semantic_extraction_organ_v1.py,2026-05-26T13:35:12.183583+00:00
sentinel-control/services/sentinel-core/sentinel/agent/organs/browser_session_manager_l5_live.py,sentinel_core_runtime,.py,60367,1282,sentinel-control/services/sentinel-core/sentinel/agent/organs,browser_session_manager_l5_live.py,2026-06-14T08:01:20.357303+00:00
sentinel-control/services/sentinel-core/sentinel/agent/organs/browser_trajectory_planner_l5.py,sentinel_core_runtime,.py,20172,464,sentinel-control/services/sentinel-core/sentinel/agent/organs,browser_trajectory_planner_l5.py,2026-05-30T22:48:19.113728+00:00
sentinel-control/services/sentinel-core/sentinel/agent/organs/browser_visual_grounding_ocr_v1.py,sentinel_core_runtime,.py,20614,486,sentinel-control/services/sentinel-core/sentinel/agent/organs,browser_visual_grounding_ocr_v1.py,2026-06-05T13:56:37.047385+00:00
sentinel-control/services/sentinel-core/sentinel/agent/organs/channel_draft_send_organ_v1.py,sentinel_core_runtime,.py,17397,428,sentinel-control/services/sentinel-core/sentinel/agent/organs,channel_draft_send_organ_v1.py,2026-06-05T19:35:09.206817+00:00
sentinel-control/services/sentinel-core/sentinel/agent/organs/delegated_action_gate.py,sentinel_core_runtime,.py,35990,818,sentinel-control/services/sentinel-core/sentinel/agent/organs,delegated_action_gate.py,2026-06-13T03:04:26.624101+00:00
sentinel-control/services/sentinel-core/sentinel/agent/organs/external_api_read_write_organ_v1.py,sentinel_core_runtime,.py,18573,482,sentinel-control/services/sentinel-core/sentinel/agent/organs,external_api_read_write_organ_v1.py,2026-06-05T19:35:09.204815+00:00
sentinel-control/services/sentinel-core/sentinel/agent/organs/local_artifact_executor.py,sentinel_core_runtime,.py,39338,1006,sentinel-control/services/sentinel-core/sentinel/agent/organs,local_artifact_executor.py,2026-06-04T07:27:15.542715+00:00
sentinel-control/services/sentinel-core/sentinel/agent/organs/low_risk_finalgate.py,sentinel_core_runtime,.py,26534,608,sentinel-control/services/sentinel-core/sentinel/agent/organs,low_risk_finalgate.py,2026-05-26T13:39:40.811025+00:00
sentinel-control/services/sentinel-core/sentinel/agent/organs/organ_dispatch.py,sentinel_core_runtime,.py,76277,1838,sentinel-control/services/sentinel-core/sentinel/agent/organs,organ_dispatch.py,2026-06-04T07:31:37.490549+00:00
sentinel-control/services/sentinel-core/sentinel/agent/organs/proposal_bridge.py,sentinel_core_runtime,.py,26224,638,sentinel-control/services/sentinel-core/sentinel/agent/organs,proposal_bridge.py,2026-06-11T12:45:33.144866+00:00
sentinel-control/services/sentinel-core/sentinel/agent/organs/reversible_workspace_executor.py,sentinel_core_runtime,.py,51944,1307,sentinel-control/services/sentinel-core/sentinel/agent/organs,reversible_workspace_executor.py,2026-06-14T07:07:30.305684+00:00
sentinel-control/services/sentinel-core/sentinel/agent/organs/runtime_execution.py,sentinel_core_runtime,.py,102764,2437,sentinel-control/services/sentinel-core/sentinel/agent/organs,runtime_execution.py,2026-06-13T11:03:27.745838+00:00
sentinel-control/services/sentinel-core/sentinel/agent/organs/safety_scanner.py,sentinel_core_runtime,.py,1741,53,sentinel-control/services/sentinel-core/sentinel/agent/organs,safety_scanner.py,2026-06-04T07:22:57.585395+00:00
sentinel-control/services/sentinel-core/sentinel/agent/organs/sandbox_shell_code_organ_v1.py,sentinel_core_runtime,.py,19343,497,sentinel-control/services/sentinel-core/sentinel/agent/organs,sandbox_shell_code_organ_v1.py,2026-06-05T19:34:12.361941+00:00
sentinel-control/services/sentinel-core/sentinel/agent/perception/__init__.py,sentinel_core_runtime,.py,884,34,sentinel-control/services/sentinel-core/sentinel/agent/perception,__init__.py,2026-04-30T13:01:57.678362+00:00
sentinel-control/services/sentinel-core/sentinel/agent/perception/engine.py,sentinel_core_runtime,.py,3856,100,sentinel-control/services/sentinel-core/sentinel/agent/perception,engine.py,2026-05-08T14:17:49.727212+00:00
sentinel-control/services/sentinel-core/sentinel/agent/perception/models.py,sentinel_core_runtime,.py,4968,136,sentinel-control/services/sentinel-core/sentinel/agent/perception,models.py,2026-05-08T14:17:49.727212+00:00
sentinel-control/services/sentinel-core/sentinel/agent/phases.py,sentinel_core_runtime,.py,4708,66,sentinel-control/services/sentinel-core/sentinel/agent,phases.py,2026-05-21T21:40:13.570151+00:00
sentinel-control/services/sentinel-core/sentinel/agent/planner_bridge.py,sentinel_core_runtime,.py,2832,71,sentinel-control/services/sentinel-core/sentinel/agent,planner_bridge.py,2026-04-28T08:39:20.882510+00:00
sentinel-control/services/sentinel-core/sentinel/agent/prompt_budget.py,sentinel_core_runtime,.py,742,21,sentinel-control/services/sentinel-core/sentinel/agent,prompt_budget.py,2026-05-10T09:47:35.056917+00:00
sentinel-control/services/sentinel-core/sentinel/agent/receipt_retriever.py,sentinel_core_runtime,.py,1904,52,sentinel-control/services/sentinel-core/sentinel/agent,receipt_retriever.py,2026-05-10T09:16:12.187134+00:00
sentinel-control/services/sentinel-core/sentinel/agent/repair_loop.py,sentinel_core_runtime,.py,12983,341,sentinel-control/services/sentinel-core/sentinel/agent,repair_loop.py,2026-04-27T12:20:15.577280+00:00
sentinel-control/services/sentinel-core/sentinel/agent/replay.py,sentinel_core_runtime,.py,12311,234,sentinel-control/services/sentinel-core/sentinel/agent,replay.py,2026-04-28T09:18:17.335970+00:00
sentinel-control/services/sentinel-core/sentinel/agent/resourcefulness.py,sentinel_core_runtime,.py,14327,334,sentinel-control/services/sentinel-core/sentinel/agent,resourcefulness.py,2026-05-07T15:12:38.756974+00:00
sentinel-control/services/sentinel-core/sentinel/agent/review_loop.py,sentinel_core_runtime,.py,7438,154,sentinel-control/services/sentinel-core/sentinel/agent,review_loop.py,2026-04-28T08:39:35.350903+00:00
sentinel-control/services/sentinel-core/sentinel/agent/runtime.py,sentinel_core_runtime,.py,160133,3249,sentinel-control/services/sentinel-core/sentinel/agent,runtime.py,2026-06-19T22:45:37.428094+00:00
sentinel-control/services/sentinel-core/sentinel/agent/skill_procedure.py,sentinel_core_runtime,.py,9131,219,sentinel-control/services/sentinel-core/sentinel/agent,skill_procedure.py,2026-05-07T14:55:57.583772+00:00
sentinel-control/services/sentinel-core/sentinel/agent/state.py,sentinel_core_runtime,.py,3962,76,sentinel-control/services/sentinel-core/sentinel/agent,state.py,2026-05-12T21:25:41.074785+00:00
sentinel-control/services/sentinel-core/sentinel/agent/state_cards.py,sentinel_core_runtime,.py,1107,38,sentinel-control/services/sentinel-core/sentinel/agent,state_cards.py,2026-05-10T10:24:00.155812+00:00
sentinel-control/services/sentinel-core/sentinel/agent/supervisor.py,sentinel_core_runtime,.py,5058,104,sentinel-control/services/sentinel-core/sentinel/agent,supervisor.py,2026-05-11T20:59:16.363272+00:00
sentinel-control/services/sentinel-core/sentinel/agent/token_ledger.py,sentinel_core_runtime,.py,2084,70,sentinel-control/services/sentinel-core/sentinel/agent,token_ledger.py,2026-05-10T09:10:25.979650+00:00
sentinel-control/services/sentinel-core/sentinel/agent/tool_call_protocol.py,sentinel_core_runtime,.py,15963,430,sentinel-control/services/sentinel-core/sentinel/agent,tool_call_protocol.py,2026-04-28T10:11:46.807136+00:00
sentinel-control/services/sentinel-core/sentinel/agent/tool_selector.py,sentinel_core_runtime,.py,7914,186,sentinel-control/services/sentinel-core/sentinel/agent,tool_selector.py,2026-05-07T08:40:55.677251+00:00
sentinel-control/services/sentinel-core/sentinel/agent/tool_surface_router.py,sentinel_core_runtime,.py,1098,34,sentinel-control/services/sentinel-core/sentinel/agent,tool_surface_router.py,2026-05-10T09:16:12.193134+00:00
sentinel-control/services/sentinel-core/sentinel/agent/uncertainty.py,sentinel_core_runtime,.py,1325,43,sentinel-control/services/sentinel-core/sentinel/agent,uncertainty.py,2026-04-27T08:12:01.193752+00:00
sentinel-control/services/sentinel-core/sentinel/agent/worker_coordinator.py,sentinel_core_runtime,.py,4029,95,sentinel-control/services/sentinel-core/sentinel/agent,worker_coordinator.py,2026-06-20T12:19:13.798314+00:00
sentinel-control/services/sentinel-core/sentinel/agent/workspace.py,sentinel_core_runtime,.py,21425,496,sentinel-control/services/sentinel-core/sentinel/agent,workspace.py,2026-05-07T15:12:38.750975+00:00
sentinel-control/services/sentinel-core/sentinel/agent/world_model.py,sentinel_core_runtime,.py,10380,255,sentinel-control/services/sentinel-core/sentinel/agent,world_model.py,2026-04-27T11:21:14.266639+00:00
sentinel-control/services/sentinel-core/sentinel/capabilities/__init__.py,sentinel_core_runtime,.py,1004,30,sentinel-control/services/sentinel-core/sentinel/capabilities,__init__.py,2026-04-28T09:56:35.584725+00:00
sentinel-control/services/sentinel-core/sentinel/capabilities/fixtures/__init__.py,sentinel_core_runtime,.py,56,1,sentinel-control/services/sentinel-core/sentinel/capabilities/fixtures,__init__.py,2026-04-27T08:52:07.078522+00:00
sentinel-control/services/sentinel-core/sentinel/capabilities/fixtures/static_catalog.py,sentinel_core_runtime,.py,31235,603,sentinel-control/services/sentinel-core/sentinel/capabilities/fixtures,static_catalog.py,2026-04-30T14:13:03.939110+00:00
sentinel-control/services/sentinel-core/sentinel/capabilities/manifest.py,sentinel_core_runtime,.py,366,11,sentinel-control/services/sentinel-core/sentinel/capabilities,manifest.py,2026-04-27T08:51:57.422572+00:00
sentinel-control/services/sentinel-core/sentinel/capabilities/models.py,sentinel_core_runtime,.py,2850,78,sentinel-control/services/sentinel-core/sentinel/capabilities,models.py,2026-04-28T10:00:06.744376+00:00
sentinel-control/services/sentinel-core/sentinel/capabilities/policy.py,sentinel_core_runtime,.py,8211,178,sentinel-control/services/sentinel-core/sentinel/capabilities,policy.py,2026-04-29T14:23:30.638377+00:00
sentinel-control/services/sentinel-core/sentinel/capabilities/registry.py,sentinel_core_runtime,.py,4885,111,sentinel-control/services/sentinel-core/sentinel/capabilities,registry.py,2026-04-28T09:59:58.527605+00:00
sentinel-control/services/sentinel-core/sentinel/capabilities/risk.py,sentinel_core_runtime,.py,2992,96,sentinel-control/services/sentinel-core/sentinel/capabilities,risk.py,2026-04-28T09:56:01.021327+00:00
sentinel-control/services/sentinel-core/sentinel/cli.py,sentinel_core_runtime,.py,63485,1464,sentinel-control/services/sentinel-core/sentinel,cli.py,2026-06-28T11:41:26.022362+00:00
sentinel-control/services/sentinel-core/sentinel/cueidea_bridge/__init__.py,sentinel_core_runtime,.py,828,27,sentinel-control/services/sentinel-core/sentinel/cueidea_bridge,__init__.py,2026-04-26T11:25:52.843360+00:00
sentinel-control/services/sentinel-core/sentinel/cueidea_bridge/client.py,sentinel_core_runtime,.py,3024,70,sentinel-control/services/sentinel-core/sentinel/cueidea_bridge,client.py,2026-04-26T11:25:52.845002+00:00
sentinel-control/services/sentinel-core/sentinel/cueidea_bridge/evidence_mapper.py,sentinel_core_runtime,.py,5857,156,sentinel-control/services/sentinel-core/sentinel/cueidea_bridge,evidence_mapper.py,2026-04-26T12:04:37.819488+00:00
sentinel-control/services/sentinel-core/sentinel/cueidea_bridge/normalizer.py,sentinel_core_runtime,.py,7541,181,sentinel-control/services/sentinel-core/sentinel/cueidea_bridge,normalizer.py,2026-04-26T11:25:52.845996+00:00
sentinel-control/services/sentinel-core/sentinel/cueidea_bridge/schemas.py,sentinel_core_runtime,.py,1538,53,sentinel-control/services/sentinel-core/sentinel/cueidea_bridge,schemas.py,2026-04-26T11:25:52.847511+00:00
sentinel-control/services/sentinel-core/sentinel/decision/__init__.py,sentinel_core_runtime,.py,336,7,sentinel-control/services/sentinel-core/sentinel/decision,__init__.py,2026-04-26T12:29:44.701032+00:00
sentinel-control/services/sentinel-core/sentinel/decision/competitor_research.py,sentinel_core_runtime,.py,435,14,sentinel-control/services/sentinel-core/sentinel/decision,competitor_research.py,2026-04-26T11:25:52.850633+00:00
sentinel-control/services/sentinel-core/sentinel/decision/debate/__init__.py,sentinel_core_runtime,.py,277,7,sentinel-control/services/sentinel-core/sentinel/decision/debate,__init__.py,2026-04-26T11:25:52.852504+00:00
sentinel-control/services/sentinel-core/sentinel/decision/debate/agents.py,sentinel_core_runtime,.py,766,24,sentinel-control/services/sentinel-core/sentinel/decision/debate,agents.py,2026-04-26T11:25:52.853503+00:00
sentinel-control/services/sentinel-core/sentinel/decision/debate/orchestrator.py,sentinel_core_runtime,.py,4588,100,sentinel-control/services/sentinel-core/sentinel/decision/debate,orchestrator.py,2026-04-26T11:25:52.854501+00:00
sentinel-control/services/sentinel-core/sentinel/decision/debate/verdict.py,sentinel_core_runtime,.py,925,34,sentinel-control/services/sentinel-core/sentinel/decision/debate,verdict.py,2026-04-26T11:25:52.855501+00:00
sentinel-control/services/sentinel-core/sentinel/decision/research_agent.py,sentinel_core_runtime,.py,2342,56,sentinel-control/services/sentinel-core/sentinel/decision,research_agent.py,2026-04-26T11:25:52.855501+00:00
sentinel-control/services/sentinel-core/sentinel/decision/research_enrichment.py,sentinel_core_runtime,.py,9108,209,sentinel-control/services/sentinel-core/sentinel/decision,research_enrichment.py,2026-04-26T12:34:45.149219+00:00
sentinel-control/services/sentinel-core/sentinel/decision/source_ranker.py,sentinel_core_runtime,.py,395,16,sentinel-control/services/sentinel-core/sentinel/decision,source_ranker.py,2026-04-26T11:25:52.856501+00:00
sentinel-control/services/sentinel-core/sentinel/execution/__init__.py,sentinel_core_runtime,.py,272,7,sentinel-control/services/sentinel-core/sentinel/execution,__init__.py,2026-04-26T11:25:52.859404+00:00
sentinel-control/services/sentinel-core/sentinel/execution/action_runner.py,sentinel_core_runtime,.py,1576,41,sentinel-control/services/sentinel-core/sentinel/execution,action_runner.py,2026-04-26T11:25:52.860404+00:00
sentinel-control/services/sentinel-core/sentinel/execution/email_draft_executor.py,sentinel_core_runtime,.py,469,15,sentinel-control/services/sentinel-core/sentinel/execution,email_draft_executor.py,2026-04-26T11:25:52.862406+00:00
sentinel-control/services/sentinel-core/sentinel/execution/file_executor.py,sentinel_core_runtime,.py,1183,30,sentinel-control/services/sentinel-core/sentinel/execution,file_executor.py,2026-04-26T11:25:52.863403+00:00
sentinel-control/services/sentinel-core/sentinel/execution/gtm_pack.py,sentinel_core_runtime,.py,11007,231,sentinel-control/services/sentinel-core/sentinel/execution,gtm_pack.py,2026-05-08T14:17:49.739697+00:00
sentinel-control/services/sentinel-core/sentinel/execution/gtm_quality.py,sentinel_core_runtime,.py,13832,357,sentinel-control/services/sentinel-core/sentinel/execution,gtm_quality.py,2026-04-26T12:31:06.526333+00:00
sentinel-control/services/sentinel-core/sentinel/firewall/__init__.py,sentinel_core_runtime,.py,573,19,sentinel-control/services/sentinel-core/sentinel/firewall,__init__.py,2026-04-26T11:25:52.867406+00:00
sentinel-control/services/sentinel-core/sentinel/firewall/approval_gate.py,sentinel_core_runtime,.py,878,28,sentinel-control/services/sentinel-core/sentinel/firewall,approval_gate.py,2026-04-26T11:25:52.867406+00:00
sentinel-control/services/sentinel-core/sentinel/firewall/dry_run.py,sentinel_core_runtime,.py,1580,43,sentinel-control/services/sentinel-core/sentinel/firewall,dry_run.py,2026-04-26T11:25:52.868405+00:00
sentinel-control/services/sentinel-core/sentinel/firewall/policy.py,sentinel_core_runtime,.py,4824,145,sentinel-control/services/sentinel-core/sentinel/firewall,policy.py,2026-04-26T11:25:52.869407+00:00
sentinel-control/services/sentinel-core/sentinel/firewall/risk_scorer.py,sentinel_core_runtime,.py,1827,62,sentinel-control/services/sentinel-core/sentinel/firewall,risk_scorer.py,2026-04-26T11:25:52.870406+00:00
sentinel-control/services/sentinel-core/sentinel/learning/__init__.py,sentinel_core_runtime,.py,138,6,sentinel-control/services/sentinel-core/sentinel/learning,__init__.py,2026-04-26T11:25:52.871404+00:00
sentinel-control/services/sentinel-core/sentinel/learning/eval_runner.py,sentinel_core_runtime,.py,11387,329,sentinel-control/services/sentinel-core/sentinel/learning,eval_runner.py,2026-04-26T11:25:52.872403+00:00
sentinel-control/services/sentinel-core/sentinel/learning/feedback.py,sentinel_core_runtime,.py,1708,51,sentinel-control/services/sentinel-core/sentinel/learning,feedback.py,2026-04-26T11:25:52.873403+00:00
sentinel-control/services/sentinel-core/sentinel/learning/memory.py,sentinel_core_runtime,.py,2054,61,sentinel-control/services/sentinel-core/sentinel/learning,memory.py,2026-04-26T11:25:52.874403+00:00
sentinel-control/services/sentinel-core/sentinel/learning/prompt_versions.py,sentinel_core_runtime,.py,1285,43,sentinel-control/services/sentinel-core/sentinel/learning,prompt_versions.py,2026-04-26T11:25:52.875402+00:00
sentinel-control/services/sentinel-core/sentinel/learning/self_improvement.py,sentinel_core_runtime,.py,3449,80,sentinel-control/services/sentinel-core/sentinel/learning,self_improvement.py,2026-05-12T21:34:31.527203+00:00
sentinel-control/services/sentinel-core/sentinel/learning/trace_ledger.py,sentinel_core_runtime,.py,4966,134,sentinel-control/services/sentinel-core/sentinel/learning,trace_ledger.py,2026-04-26T11:25:52.876401+00:00
sentinel-control/services/sentinel-core/sentinel/memory/__init__.py,sentinel_core_runtime,.py,1351,49,sentinel-control/services/sentinel-core/sentinel/memory,__init__.py,2026-06-07T07:34:28.181128+00:00
sentinel-control/services/sentinel-core/sentinel/memory/indexes.py,sentinel_core_runtime,.py,2817,87,sentinel-control/services/sentinel-core/sentinel/memory,indexes.py,2026-06-07T08:23:15.252153+00:00
sentinel-control/services/sentinel-core/sentinel/memory/integration.py,sentinel_core_runtime,.py,6709,175,sentinel-control/services/sentinel-core/sentinel/memory,integration.py,2026-06-07T07:36:40.977190+00:00
sentinel-control/services/sentinel-core/sentinel/memory/models.py,sentinel_core_runtime,.py,11790,320,sentinel-control/services/sentinel-core/sentinel/memory,models.py,2026-06-07T07:36:40.974195+00:00
sentinel-control/services/sentinel-core/sentinel/memory/sanitizer.py,sentinel_core_runtime,.py,1390,36,sentinel-control/services/sentinel-core/sentinel/memory,sanitizer.py,2026-06-07T07:18:58.515608+00:00
sentinel-control/services/sentinel-core/sentinel/memory/service.py,sentinel_core_runtime,.py,18831,445,sentinel-control/services/sentinel-core/sentinel/memory,service.py,2026-06-07T07:27:29.705135+00:00
sentinel-control/services/sentinel-core/sentinel/memory/store.py,sentinel_core_runtime,.py,17969,395,sentinel-control/services/sentinel-core/sentinel/memory,store.py,2026-06-07T07:36:40.975194+00:00
sentinel-control/services/sentinel-core/sentinel/memory/utility.py,sentinel_core_runtime,.py,1625,48,sentinel-control/services/sentinel-core/sentinel/memory,utility.py,2026-06-07T08:23:15.255164+00:00
sentinel-control/services/sentinel-core/sentinel/mission/__init__.py,sentinel_core_runtime,.py,2440,77,sentinel-control/services/sentinel-core/sentinel/mission,__init__.py,2026-04-28T07:25:08.171433+00:00
sentinel-control/services/sentinel-core/sentinel/mission/artifacts.py,sentinel_core_runtime,.py,5698,133,sentinel-control/services/sentinel-core/sentinel/mission,artifacts.py,2026-04-28T07:09:17.697762+00:00
sentinel-control/services/sentinel-core/sentinel/mission/autonomy.py,sentinel_core_runtime,.py,1451,34,sentinel-control/services/sentinel-core/sentinel/mission,autonomy.py,2026-05-12T23:26:07.097911+00:00
sentinel-control/services/sentinel-core/sentinel/mission/budget.py,sentinel_core_runtime,.py,2801,72,sentinel-control/services/sentinel-core/sentinel/mission,budget.py,2026-04-26T20:56:50.498741+00:00
sentinel-control/services/sentinel-core/sentinel/mission/cancellation.py,sentinel_core_runtime,.py,2082,59,sentinel-control/services/sentinel-core/sentinel/mission,cancellation.py,2026-05-12T13:17:46.351023+00:00
sentinel-control/services/sentinel-core/sentinel/mission/classifiers.py,sentinel_core_runtime,.py,3548,81,sentinel-control/services/sentinel-core/sentinel/mission,classifiers.py,2026-04-26T20:57:21.154668+00:00
sentinel-control/services/sentinel-core/sentinel/mission/escalation.py,sentinel_core_runtime,.py,3892,86,sentinel-control/services/sentinel-core/sentinel/mission,escalation.py,2026-04-27T20:28:42.348882+00:00
sentinel-control/services/sentinel-core/sentinel/mission/exceptions.py,sentinel_core_runtime,.py,3863,83,sentinel-control/services/sentinel-core/sentinel/mission,exceptions.py,2026-05-12T21:42:49.124941+00:00
sentinel-control/services/sentinel-core/sentinel/mission/gate_sequence.py,sentinel_core_runtime,.py,20794,558,sentinel-control/services/sentinel-core/sentinel/mission,gate_sequence.py,2026-05-12T23:05:27.935181+00:00
sentinel-control/services/sentinel-core/sentinel/mission/kill_switch.py,sentinel_core_runtime,.py,2373,47,sentinel-control/services/sentinel-core/sentinel/mission,kill_switch.py,2026-05-12T13:19:46.929437+00:00
sentinel-control/services/sentinel-core/sentinel/mission/models.py,sentinel_core_runtime,.py,11290,284,sentinel-control/services/sentinel-core/sentinel/mission,models.py,2026-06-03T21:03:44.799677+00:00
sentinel-control/services/sentinel-core/sentinel/mission/planner.py,sentinel_core_runtime,.py,796,25,sentinel-control/services/sentinel-core/sentinel/mission,planner.py,2026-04-26T21:18:05.318087+00:00
sentinel-control/services/sentinel-core/sentinel/mission/posture.py,sentinel_core_runtime,.py,2963,77,sentinel-control/services/sentinel-core/sentinel/mission,posture.py,2026-04-28T07:23:57.375994+00:00
sentinel-control/services/sentinel-core/sentinel/mission/protocols.py,sentinel_core_runtime,.py,1387,53,sentinel-control/services/sentinel-core/sentinel/mission,protocols.py,2026-04-26T21:10:58.375722+00:00
sentinel-control/services/sentinel-core/sentinel/mission/registry.py,sentinel_core_runtime,.py,1828,54,sentinel-control/services/sentinel-core/sentinel/mission,registry.py,2026-04-26T21:11:12.326052+00:00
sentinel-control/services/sentinel-core/sentinel/mission/reviewer.py,sentinel_core_runtime,.py,4440,103,sentinel-control/services/sentinel-core/sentinel/mission,reviewer.py,2026-04-28T07:09:43.626062+00:00
sentinel-control/services/sentinel-core/sentinel/mission/risk.py,sentinel_core_runtime,.py,17320,347,sentinel-control/services/sentinel-core/sentinel/mission,risk.py,2026-05-12T23:25:56.300142+00:00
sentinel-control/services/sentinel-core/sentinel/mission/runner.py,sentinel_core_runtime,.py,17931,382,sentinel-control/services/sentinel-core/sentinel/mission,runner.py,2026-06-20T12:18:45.073313+00:00
sentinel-control/services/sentinel-core/sentinel/mission/safe_executors.py,sentinel_core_runtime,.py,12518,233,sentinel-control/services/sentinel-core/sentinel/mission,safe_executors.py,2026-04-26T21:03:43.297650+00:00
sentinel-control/services/sentinel-core/sentinel/mission/scope_checker.py,sentinel_core_runtime,.py,2970,92,sentinel-control/services/sentinel-core/sentinel/mission,scope_checker.py,2026-04-28T09:51:21.061949+00:00
sentinel-control/services/sentinel-core/sentinel/mission/success.py,sentinel_core_runtime,.py,2851,75,sentinel-control/services/sentinel-core/sentinel/mission,success.py,2026-04-26T21:22:43.229289+00:00
sentinel-control/services/sentinel-core/sentinel/mission/trace_timeline.py,sentinel_core_runtime,.py,6384,173,sentinel-control/services/sentinel-core/sentinel/mission,trace_timeline.py,2026-06-20T12:18:17.340318+00:00
sentinel-control/services/sentinel-core/sentinel/missions/__init__.py,sentinel_core_runtime,.py,41,1,sentinel-control/services/sentinel-core/sentinel/missions,__init__.py,2026-04-26T21:11:17.687034+00:00
sentinel-control/services/sentinel-core/sentinel/missions/gtm/__init__.py,sentinel_core_runtime,.py,949,25,sentinel-control/services/sentinel-core/sentinel/missions/gtm,__init__.py,2026-04-26T21:19:20.360470+00:00
sentinel-control/services/sentinel-core/sentinel/missions/gtm/artifacts.py,sentinel_core_runtime,.py,1192,51,sentinel-control/services/sentinel-core/sentinel/missions/gtm,artifacts.py,2026-04-26T21:16:35.044232+00:00
sentinel-control/services/sentinel-core/sentinel/missions/gtm/planner.py,sentinel_core_runtime,.py,6789,149,sentinel-control/services/sentinel-core/sentinel/missions/gtm,planner.py,2026-04-26T21:17:31.747268+00:00
sentinel-control/services/sentinel-core/sentinel/missions/gtm/reviewer.py,sentinel_core_runtime,.py,273,9,sentinel-control/services/sentinel-core/sentinel/missions/gtm,reviewer.py,2026-04-26T21:18:52.070367+00:00
sentinel-control/services/sentinel-core/sentinel/missions/gtm/success.py,sentinel_core_runtime,.py,302,9,sentinel-control/services/sentinel-core/sentinel/missions/gtm,success.py,2026-04-26T21:19:03.286408+00:00
sentinel-control/services/sentinel-core/sentinel/missions/research_summary/__init__.py,sentinel_core_runtime,.py,1193,30,sentinel-control/services/sentinel-core/sentinel/missions/research_summary,__init__.py,2026-04-26T21:21:11.563426+00:00
sentinel-control/services/sentinel-core/sentinel/missions/research_summary/artifacts.py,sentinel_core_runtime,.py,613,19,sentinel-control/services/sentinel-core/sentinel/missions/research_summary,artifacts.py,2026-04-26T21:19:51.912148+00:00
sentinel-control/services/sentinel-core/sentinel/missions/research_summary/planner.py,sentinel_core_runtime,.py,3101,76,sentinel-control/services/sentinel-core/sentinel/missions/research_summary,planner.py,2026-04-26T21:20:18.536181+00:00
sentinel-control/services/sentinel-core/sentinel/missions/research_summary/reviewer.py,sentinel_core_runtime,.py,324,9,sentinel-control/services/sentinel-core/sentinel/missions/research_summary,reviewer.py,2026-04-26T21:20:34.284750+00:00
sentinel-control/services/sentinel-core/sentinel/missions/research_summary/success.py,sentinel_core_runtime,.py,353,9,sentinel-control/services/sentinel-core/sentinel/missions/research_summary,success.py,2026-04-26T21:20:52.287474+00:00
sentinel-control/services/sentinel-core/sentinel/operator/OWNERSHIP_CONTRACTS.md,sentinel_core_runtime,.md,2375,54,sentinel-control/services/sentinel-core/sentinel/operator,OWNERSHIP_CONTRACTS.md,2026-06-19T12:28:33.494884+00:00
sentinel-control/services/sentinel-core/sentinel/operator/__init__.py,sentinel_core_runtime,.py,23769,822,sentinel-control/services/sentinel-core/sentinel/operator,__init__.py,2026-06-12T17:12:35.633616+00:00
sentinel-control/services/sentinel-core/sentinel/operator/account_authority.py,sentinel_core_runtime,.py,31878,633,sentinel-control/services/sentinel-core/sentinel/operator,account_authority.py,2026-06-14T20:55:13.428705+00:00
sentinel-control/services/sentinel-core/sentinel/operator/account_authority_models.py,sentinel_core_runtime,.py,34564,930,sentinel-control/services/sentinel-core/sentinel/operator,account_authority_models.py,2026-06-12T17:06:32.525537+00:00
sentinel-control/services/sentinel-core/sentinel/operator/account_authority_replay.py,sentinel_core_runtime,.py,3676,86,sentinel-control/services/sentinel-core/sentinel/operator,account_authority_replay.py,2026-06-12T17:09:07.832958+00:00
sentinel-control/services/sentinel-core/sentinel/operator/action_kernel.py,sentinel_core_runtime,.py,9009,226,sentinel-control/services/sentinel-core/sentinel/operator,action_kernel.py,2026-06-29T21:35:34.221821+00:00
sentinel-control/services/sentinel-core/sentinel/operator/action_power_contract.py,sentinel_core_runtime,.py,13358,324,sentinel-control/services/sentinel-core/sentinel/operator,action_power_contract.py,2026-06-29T21:35:20.270474+00:00
sentinel-control/services/sentinel-core/sentinel/operator/agent_bridge.py,sentinel_core_runtime,.py,15495,338,sentinel-control/services/sentinel-core/sentinel/operator,agent_bridge.py,2026-06-20T12:19:31.969947+00:00
sentinel-control/services/sentinel-core/sentinel/operator/agent_event_bridge.py,sentinel_core_runtime,.py,5437,133,sentinel-control/services/sentinel-core/sentinel/operator,agent_event_bridge.py,2026-06-19T23:43:45.372638+00:00
sentinel-control/services/sentinel-core/sentinel/operator/authority_issuer.py,sentinel_core_runtime,.py,28806,641,sentinel-control/services/sentinel-core/sentinel/operator,authority_issuer.py,2026-06-23T14:12:27.289609+00:00
sentinel-control/services/sentinel-core/sentinel/operator/browser_action_candidates.py,sentinel_core_runtime,.py,7128,166,sentinel-control/services/sentinel-core/sentinel/operator,browser_action_candidates.py,2026-06-29T20:10:54.691435+00:00
sentinel-control/services/sentinel-core/sentinel/operator/browser_control_models.py,sentinel_core_runtime,.py,10461,255,sentinel-control/services/sentinel-core/sentinel/operator,browser_control_models.py,2026-06-29T08:27:30.627223+00:00
sentinel-control/services/sentinel-core/sentinel/operator/browser_control_replay.py,sentinel_core_runtime,.py,2925,79,sentinel-control/services/sentinel-core/sentinel/operator,browser_control_replay.py,2026-06-29T08:29:06.703759+00:00
sentinel-control/services/sentinel-core/sentinel/operator/browser_control_runtime.py,sentinel_core_runtime,.py,17123,425,sentinel-control/services/sentinel-core/sentinel/operator,browser_control_runtime.py,2026-06-29T08:28:45.276421+00:00
sentinel-control/services/sentinel-core/sentinel/operator/browser_decision_frame.py,sentinel_core_runtime,.py,7812,152,sentinel-control/services/sentinel-core/sentinel/operator,browser_decision_frame.py,2026-06-29T20:15:13.929519+00:00
sentinel-control/services/sentinel-core/sentinel/operator/browser_world_model.py,sentinel_core_runtime,.py,13527,358,sentinel-control/services/sentinel-core/sentinel/operator,browser_world_model.py,2026-06-29T20:13:07.542881+00:00
sentinel-control/services/sentinel-core/sentinel/operator/browser_world_model_replay.py,sentinel_core_runtime,.py,1941,51,sentinel-control/services/sentinel-core/sentinel/operator,browser_world_model_replay.py,2026-06-29T20:04:11.692268+00:00
sentinel-control/services/sentinel-core/sentinel/operator/channel_adapter.py,sentinel_core_runtime,.py,38257,813,sentinel-control/services/sentinel-core/sentinel/operator,channel_adapter.py,2026-06-29T10:05:31.032254+00:00
sentinel-control/services/sentinel-core/sentinel/operator/channel_adapter_models.py,sentinel_core_runtime,.py,21531,532,sentinel-control/services/sentinel-core/sentinel/operator,channel_adapter_models.py,2026-06-11T07:10:13.344850+00:00
sentinel-control/services/sentinel-core/sentinel/operator/channel_adapter_replay.py,sentinel_core_runtime,.py,2718,68,sentinel-control/services/sentinel-core/sentinel/operator,channel_adapter_replay.py,2026-06-11T07:13:08.917871+00:00
sentinel-control/services/sentinel-core/sentinel/operator/cockpit.py,sentinel_core_runtime,.py,21709,469,sentinel-control/services/sentinel-core/sentinel/operator,cockpit.py,2026-06-27T12:12:25.377492+00:00
sentinel-control/services/sentinel-core/sentinel/operator/code_execution_sandbox_models.py,sentinel_core_runtime,.py,10590,272,sentinel-control/services/sentinel-core/sentinel/operator,code_execution_sandbox_models.py,2026-06-28T21:03:48.379539+00:00
sentinel-control/services/sentinel-core/sentinel/operator/code_execution_sandbox_replay.py,sentinel_core_runtime,.py,3861,93,sentinel-control/services/sentinel-core/sentinel/operator,code_execution_sandbox_replay.py,2026-06-28T21:05:31.040867+00:00
sentinel-control/services/sentinel-core/sentinel/operator/code_execution_sandbox_runtime.py,sentinel_core_runtime,.py,18556,451,sentinel-control/services/sentinel-core/sentinel/operator,code_execution_sandbox_runtime.py,2026-06-28T21:08:29.532000+00:00
sentinel-control/services/sentinel-core/sentinel/operator/connection_identity_models.py,sentinel_core_runtime,.py,15414,360,sentinel-control/services/sentinel-core/sentinel/operator,connection_identity_models.py,2026-06-28T18:19:34.202313+00:00
sentinel-control/services/sentinel-core/sentinel/operator/connection_identity_registry.py,sentinel_core_runtime,.py,11553,257,sentinel-control/services/sentinel-core/sentinel/operator,connection_identity_registry.py,2026-06-28T18:20:22.778294+00:00
sentinel-control/services/sentinel-core/sentinel/operator/connection_inbound_models.py,sentinel_core_runtime,.py,14105,343,sentinel-control/services/sentinel-core/sentinel/operator,connection_inbound_models.py,2026-06-28T18:40:40.457744+00:00
sentinel-control/services/sentinel-core/sentinel/operator/connection_inbound_registry.py,sentinel_core_runtime,.py,10223,231,sentinel-control/services/sentinel-core/sentinel/operator,connection_inbound_registry.py,2026-06-28T18:40:12.266458+00:00
sentinel-control/services/sentinel-core/sentinel/operator/connection_live_channel_action_models.py,sentinel_core_runtime,.py,7027,176,sentinel-control/services/sentinel-core/sentinel/operator,connection_live_channel_action_models.py,2026-06-28T18:57:39.860810+00:00
sentinel-control/services/sentinel-core/sentinel/operator/connection_live_channel_action_runtime.py,sentinel_core_runtime,.py,6911,158,sentinel-control/services/sentinel-core/sentinel/operator,connection_live_channel_action_runtime.py,2026-06-29T12:09:25.382296+00:00
sentinel-control/services/sentinel-core/sentinel/operator/connection_manifest_models.py,sentinel_core_runtime,.py,12082,296,sentinel-control/services/sentinel-core/sentinel/operator,connection_manifest_models.py,2026-06-28T14:00:37.589628+00:00
sentinel-control/services/sentinel-core/sentinel/operator/connection_manifest_registry.py,sentinel_core_runtime,.py,31775,633,sentinel-control/services/sentinel-core/sentinel/operator,connection_manifest_registry.py,2026-06-28T14:03:34.223807+00:00
sentinel-control/services/sentinel-core/sentinel/operator/conversation.py,sentinel_core_runtime,.py,5167,129,sentinel-control/services/sentinel-core/sentinel/operator,conversation.py,2026-06-21T13:51:06.148235+00:00
sentinel-control/services/sentinel-core/sentinel/operator/credential_vault.py,sentinel_core_runtime,.py,38362,778,sentinel-control/services/sentinel-core/sentinel/operator,credential_vault.py,2026-06-14T20:55:32.146998+00:00
sentinel-control/services/sentinel-core/sentinel/operator/credential_vault_models.py,sentinel_core_runtime,.py,35961,952,sentinel-control/services/sentinel-core/sentinel/operator,credential_vault_models.py,2026-06-13T00:43:13.453680+00:00
sentinel-control/services/sentinel-core/sentinel/operator/credential_vault_replay.py,sentinel_core_runtime,.py,3589,86,sentinel-control/services/sentinel-core/sentinel/operator,credential_vault_replay.py,2026-06-12T12:16:37.031192+00:00
sentinel-control/services/sentinel-core/sentinel/operator/daemon_models.py,sentinel_core_runtime,.py,25224,672,sentinel-control/services/sentinel-core/sentinel/operator,daemon_models.py,2026-06-08T14:53:41.891406+00:00
sentinel-control/services/sentinel-core/sentinel/operator/daemon_replay.py,sentinel_core_runtime,.py,1296,25,sentinel-control/services/sentinel-core/sentinel/operator,daemon_replay.py,2026-06-08T12:51:01.084884+00:00
sentinel-control/services/sentinel-core/sentinel/operator/daemon_runtime.py,sentinel_core_runtime,.py,22272,537,sentinel-control/services/sentinel-core/sentinel/operator,daemon_runtime.py,2026-06-14T20:55:42.149706+00:00
sentinel-control/services/sentinel-core/sentinel/operator/daemon_store.py,sentinel_core_runtime,.py,17598,384,sentinel-control/services/sentinel-core/sentinel/operator,daemon_store.py,2026-06-08T14:57:50.728750+00:00
sentinel-control/services/sentinel-core/sentinel/operator/decision_context.py,sentinel_core_runtime,.py,36535,812,sentinel-control/services/sentinel-core/sentinel/operator,decision_context.py,2026-06-29T21:37:24.060685+00:00
sentinel-control/services/sentinel-core/sentinel/operator/desktop_sidecar.py,sentinel_core_runtime,.py,43367,867,sentinel-control/services/sentinel-core/sentinel/operator,desktop_sidecar.py,2026-06-11T10:39:30.102685+00:00
sentinel-control/services/sentinel-core/sentinel/operator/desktop_sidecar_models.py,sentinel_core_runtime,.py,37038,912,sentinel-control/services/sentinel-core/sentinel/operator,desktop_sidecar_models.py,2026-06-11T13:17:46.223479+00:00
sentinel-control/services/sentinel-core/sentinel/operator/desktop_sidecar_replay.py,sentinel_core_runtime,.py,3040,74,sentinel-control/services/sentinel-core/sentinel/operator,desktop_sidecar_replay.py,2026-06-11T10:12:36.719236+00:00
sentinel-control/services/sentinel-core/sentinel/operator/deterministic.py,sentinel_core_runtime,.py,2620,60,sentinel-control/services/sentinel-core/sentinel/operator,deterministic.py,2026-06-20T13:32:40.706844+00:00
sentinel-control/services/sentinel-core/sentinel/operator/financial_authority.py,sentinel_core_runtime,.py,39254,782,sentinel-control/services/sentinel-core/sentinel/operator,financial_authority.py,2026-06-14T20:55:19.521205+00:00
sentinel-control/services/sentinel-core/sentinel/operator/financial_authority_models.py,sentinel_core_runtime,.py,37201,1038,sentinel-control/services/sentinel-core/sentinel/operator,financial_authority_models.py,2026-06-13T00:33:58.692745+00:00
sentinel-control/services/sentinel-core/sentinel/operator/financial_authority_replay.py,sentinel_core_runtime,.py,4489,107,sentinel-control/services/sentinel-core/sentinel/operator,financial_authority_replay.py,2026-06-13T00:32:04.674846+00:00
sentinel-control/services/sentinel-core/sentinel/operator/harness_models.py,sentinel_core_runtime,.py,36457,888,sentinel-control/services/sentinel-core/sentinel/operator,harness_models.py,2026-06-08T18:09:37.300048+00:00
sentinel-control/services/sentinel-core/sentinel/operator/harness_replay.py,sentinel_core_runtime,.py,5204,127,sentinel-control/services/sentinel-core/sentinel/operator,harness_replay.py,2026-06-08T18:12:46.366007+00:00
sentinel-control/services/sentinel-core/sentinel/operator/harness_runtime.py,sentinel_core_runtime,.py,31609,775,sentinel-control/services/sentinel-core/sentinel/operator,harness_runtime.py,2026-06-08T18:12:19.848152+00:00
sentinel-control/services/sentinel-core/sentinel/operator/interactive_exploration_read_only.py,sentinel_core_runtime,.py,72887,1716,sentinel-control/services/sentinel-core/sentinel/operator,interactive_exploration_read_only.py,2026-06-17T00:18:56.407871+00:00
sentinel-control/services/sentinel-core/sentinel/operator/kernel.py,sentinel_core_runtime,.py,8134,219,sentinel-control/services/sentinel-core/sentinel/operator,kernel.py,2026-06-19T13:11:51.316036+00:00
sentinel-control/services/sentinel-core/sentinel/operator/legacy_classification.py,sentinel_core_runtime,.py,614,26,sentinel-control/services/sentinel-core/sentinel/operator,legacy_classification.py,2026-06-19T12:28:33.497887+00:00
sentinel-control/services/sentinel-core/sentinel/operator/live_desktop_backend.py,sentinel_core_runtime,.py,44974,813,sentinel-control/services/sentinel-core/sentinel/operator,live_desktop_backend.py,2026-06-11T13:27:06.190569+00:00
sentinel-control/services/sentinel-core/sentinel/operator/live_desktop_backend_models.py,sentinel_core_runtime,.py,23116,573,sentinel-control/services/sentinel-core/sentinel/operator,live_desktop_backend_models.py,2026-06-11T13:19:37.778059+00:00
sentinel-control/services/sentinel-core/sentinel/operator/live_desktop_backend_replay.py,sentinel_core_runtime,.py,3559,79,sentinel-control/services/sentinel-core/sentinel/operator,live_desktop_backend_replay.py,2026-06-11T13:23:40.852721+00:00
sentinel-control/services/sentinel-core/sentinel/operator/llm_adapter.py,sentinel_core_runtime,.py,9183,230,sentinel-control/services/sentinel-core/sentinel/operator,llm_adapter.py,2026-06-21T13:50:59.629434+00:00
sentinel-control/services/sentinel-core/sentinel/operator/llm_frame.py,sentinel_core_runtime,.py,7279,181,sentinel-control/services/sentinel-core/sentinel/operator,llm_frame.py,2026-06-21T00:11:42.822934+00:00
sentinel-control/services/sentinel-core/sentinel/operator/loop_guard.py,sentinel_core_runtime,.py,2649,67,sentinel-control/services/sentinel-core/sentinel/operator,loop_guard.py,2026-06-29T21:36:38.649327+00:00
sentinel-control/services/sentinel-core/sentinel/operator/mission_execution_coordinator.py,sentinel_core_runtime,.py,9307,226,sentinel-control/services/sentinel-core/sentinel/operator,mission_execution_coordinator.py,2026-06-20T13:10:13.780448+00:00
sentinel-control/services/sentinel-core/sentinel/operator/mission_lifecycle_service.py,sentinel_core_runtime,.py,21665,478,sentinel-control/services/sentinel-core/sentinel/operator,mission_lifecycle_service.py,2026-06-28T11:34:48.349274+00:00
sentinel-control/services/sentinel-core/sentinel/operator/model_client.py,sentinel_core_runtime,.py,11628,281,sentinel-control/services/sentinel-core/sentinel/operator,model_client.py,2026-06-28T11:46:17.613759+00:00
sentinel-control/services/sentinel-core/sentinel/operator/model_decision_extractor.py,sentinel_core_runtime,.py,10669,313,sentinel-control/services/sentinel-core/sentinel/operator,model_decision_extractor.py,2026-06-22T23:20:03.102526+00:00
sentinel-control/services/sentinel-core/sentinel/operator/model_led_task_loop.py,sentinel_core_runtime,.py,30870,679,sentinel-control/services/sentinel-core/sentinel/operator,model_led_task_loop.py,2026-06-29T21:43:55.536596+00:00
sentinel-control/services/sentinel-core/sentinel/operator/model_router.py,sentinel_core_runtime,.py,50666,1139,sentinel-control/services/sentinel-core/sentinel/operator,model_router.py,2026-06-08T21:30:14.517105+00:00
sentinel-control/services/sentinel-core/sentinel/operator/model_router_models.py,sentinel_core_runtime,.py,31329,756,sentinel-control/services/sentinel-core/sentinel/operator,model_router_models.py,2026-06-08T21:18:17.638975+00:00
sentinel-control/services/sentinel-core/sentinel/operator/model_router_replay.py,sentinel_core_runtime,.py,3906,96,sentinel-control/services/sentinel-core/sentinel/operator,model_router_replay.py,2026-06-08T21:22:58.033000+00:00
sentinel-control/services/sentinel-core/sentinel/operator/models.py,sentinel_core_runtime,.py,21567,536,sentinel-control/services/sentinel-core/sentinel/operator,models.py,2026-06-19T22:51:20.028235+00:00
sentinel-control/services/sentinel-core/sentinel/operator/mutation_artifact_channel.py,sentinel_core_runtime,.py,30043,678,sentinel-control/services/sentinel-core/sentinel/operator,mutation_artifact_channel.py,2026-06-16T12:28:59.576365+00:00
sentinel-control/services/sentinel-core/sentinel/operator/mutation_transport_micro_certification.py,sentinel_core_runtime,.py,34176,825,sentinel-control/services/sentinel-core/sentinel/operator,mutation_transport_micro_certification.py,2026-06-16T14:52:46.321154+00:00
sentinel-control/services/sentinel-core/sentinel/operator/power_bridge.py,sentinel_core_runtime,.py,17411,433,sentinel-control/services/sentinel-core/sentinel/operator,power_bridge.py,2026-06-14T20:53:02.760702+00:00
sentinel-control/services/sentinel-core/sentinel/operator/product_execution_binding.py,sentinel_core_runtime,.py,4791,144,sentinel-control/services/sentinel-core/sentinel/operator,product_execution_binding.py,2026-06-21T12:57:50.512569+00:00
sentinel-control/services/sentinel-core/sentinel/operator/prompt_renderer.py,sentinel_core_runtime,.py,3748,81,sentinel-control/services/sentinel-core/sentinel/operator,prompt_renderer.py,2026-06-22T11:09:31.173296+00:00
sentinel-control/services/sentinel-core/sentinel/operator/read_only_model_clients.py,sentinel_core_runtime,.py,46482,1208,sentinel-control/services/sentinel-core/sentinel/operator,read_only_model_clients.py,2026-06-28T11:41:26.022362+00:00
sentinel-control/services/sentinel-core/sentinel/operator/read_only_operator_spine.py,sentinel_core_runtime,.py,104071,2265,sentinel-control/services/sentinel-core/sentinel/operator,read_only_operator_spine.py,2026-06-29T07:23:36.597346+00:00
sentinel-control/services/sentinel-core/sentinel/operator/real_browser_control_models.py,sentinel_core_runtime,.py,13307,321,sentinel-control/services/sentinel-core/sentinel/operator,real_browser_control_models.py,2026-06-29T12:35:18.756068+00:00
sentinel-control/services/sentinel-core/sentinel/operator/real_browser_control_replay.py,sentinel_core_runtime,.py,3296,89,sentinel-control/services/sentinel-core/sentinel/operator,real_browser_control_replay.py,2026-06-29T20:07:28.920095+00:00
sentinel-control/services/sentinel-core/sentinel/operator/real_browser_control_runtime.py,sentinel_core_runtime,.py,46346,1090,sentinel-control/services/sentinel-core/sentinel/operator,real_browser_control_runtime.py,2026-06-29T21:41:32.141819+00:00
sentinel-control/services/sentinel-core/sentinel/operator/real_model_certification.py,sentinel_core_runtime,.py,227685,4772,sentinel-control/services/sentinel-core/sentinel/operator,real_model_certification.py,2026-06-16T14:11:55.014920+00:00
sentinel-control/services/sentinel-core/sentinel/operator/redaction.py,sentinel_core_runtime,.py,1704,54,sentinel-control/services/sentinel-core/sentinel/operator,redaction.py,2026-06-07T13:12:38.941124+00:00
sentinel-control/services/sentinel-core/sentinel/operator/replan_guard.py,sentinel_core_runtime,.py,10189,264,sentinel-control/services/sentinel-core/sentinel/operator,replan_guard.py,2026-06-07T18:08:54.272764+00:00
sentinel-control/services/sentinel-core/sentinel/operator/replay.py,sentinel_core_runtime,.py,2985,72,sentinel-control/services/sentinel-core/sentinel/operator,replay.py,2026-06-07T20:20:51.842128+00:00
sentinel-control/services/sentinel-core/sentinel/operator/runtime_connections.py,sentinel_core_runtime,.py,19444,390,sentinel-control/services/sentinel-core/sentinel/operator,runtime_connections.py,2026-06-20T13:18:09.495450+00:00
sentinel-control/services/sentinel-core/sentinel/operator/runtime_host.py,sentinel_core_runtime,.py,7887,181,sentinel-control/services/sentinel-core/sentinel/operator,runtime_host.py,2026-06-20T22:41:17.943794+00:00
sentinel-control/services/sentinel-core/sentinel/operator/safety.py,sentinel_core_runtime,.py,1018,33,sentinel-control/services/sentinel-core/sentinel/operator,safety.py,2026-06-06T01:08:33.536545+00:00
sentinel-control/services/sentinel-core/sentinel/operator/scheduler.py,sentinel_core_runtime,.py,6641,169,sentinel-control/services/sentinel-core/sentinel/operator,scheduler.py,2026-06-08T14:56:50.996961+00:00
sentinel-control/services/sentinel-core/sentinel/operator/self_exploration_read_only.py,sentinel_core_runtime,.py,64689,1520,sentinel-control/services/sentinel-core/sentinel/operator,self_exploration_read_only.py,2026-06-17T19:08:55.925117+00:00
sentinel-control/services/sentinel-core/sentinel/operator/skill_fabric.py,sentinel_core_runtime,.py,29069,645,sentinel-control/services/sentinel-core/sentinel/operator,skill_fabric.py,2026-06-08T20:24:27.230509+00:00
sentinel-control/services/sentinel-core/sentinel/operator/skill_models.py,sentinel_core_runtime,.py,42404,1053,sentinel-control/services/sentinel-core/sentinel/operator,skill_models.py,2026-06-08T20:26:43.203547+00:00
sentinel-control/services/sentinel-core/sentinel/operator/skill_replay.py,sentinel_core_runtime,.py,3437,86,sentinel-control/services/sentinel-core/sentinel/operator,skill_replay.py,2026-06-08T20:11:53.074040+00:00
sentinel-control/services/sentinel-core/sentinel/operator/store.py,sentinel_core_runtime,.py,11751,282,sentinel-control/services/sentinel-core/sentinel/operator,store.py,2026-06-19T22:49:38.400202+00:00
sentinel-control/services/sentinel-core/sentinel/operator/structured_output.py,sentinel_core_runtime,.py,18735,480,sentinel-control/services/sentinel-core/sentinel/operator,structured_output.py,2026-06-22T11:09:05.474364+00:00
sentinel-control/services/sentinel-core/sentinel/operator/unified_execution_dispatcher.py,sentinel_core_runtime,.py,38118,801,sentinel-control/services/sentinel-core/sentinel/operator,unified_execution_dispatcher.py,2026-06-28T10:46:55.613311+00:00
sentinel-control/services/sentinel-core/sentinel/operator/voice_models.py,sentinel_core_runtime,.py,35328,927,sentinel-control/services/sentinel-core/sentinel/operator,voice_models.py,2026-06-11T19:31:09.106540+00:00
sentinel-control/services/sentinel-core/sentinel/operator/voice_replay.py,sentinel_core_runtime,.py,4417,108,sentinel-control/services/sentinel-core/sentinel/operator,voice_replay.py,2026-06-11T19:26:45.889421+00:00
sentinel-control/services/sentinel-core/sentinel/operator/voice_runtime.py,sentinel_core_runtime,.py,28905,563,sentinel-control/services/sentinel-core/sentinel/operator,voice_runtime.py,2026-06-11T19:29:09.017151+00:00
sentinel-control/services/sentinel-core/sentinel/operator/worker_fleet.py,sentinel_core_runtime,.py,50399,1008,sentinel-control/services/sentinel-core/sentinel/operator,worker_fleet.py,2026-06-14T12:53:20.225078+00:00
sentinel-control/services/sentinel-core/sentinel/operator/worker_models.py,sentinel_core_runtime,.py,22983,564,sentinel-control/services/sentinel-core/sentinel/operator,worker_models.py,2026-06-14T12:53:20.225078+00:00
sentinel-control/services/sentinel-core/sentinel/operator/worker_replay.py,sentinel_core_runtime,.py,2725,61,sentinel-control/services/sentinel-core/sentinel/operator,worker_replay.py,2026-06-08T11:51:22.366534+00:00
sentinel-control/services/sentinel-core/sentinel/operator/workflow_models.py,sentinel_core_runtime,.py,30380,756,sentinel-control/services/sentinel-core/sentinel/operator,workflow_models.py,2026-06-07T18:09:29.161027+00:00
sentinel-control/services/sentinel-core/sentinel/operator/workflow_replay.py,sentinel_core_runtime,.py,1548,38,sentinel-control/services/sentinel-core/sentinel/operator,workflow_replay.py,2026-06-07T20:21:05.459339+00:00
sentinel-control/services/sentinel-core/sentinel/operator/workflow_runtime.py,sentinel_core_runtime,.py,28515,610,sentinel-control/services/sentinel-core/sentinel/operator,workflow_runtime.py,2026-06-19T12:28:15.236575+00:00
sentinel-control/services/sentinel-core/sentinel/operator/workflow_store.py,sentinel_core_runtime,.py,25644,556,sentinel-control/services/sentinel-core/sentinel/operator,workflow_store.py,2026-06-07T20:20:40.197093+00:00
sentinel-control/services/sentinel-core/sentinel/operator/workspace_patch_models.py,sentinel_core_runtime,.py,12279,307,sentinel-control/services/sentinel-core/sentinel/operator,workspace_patch_models.py,2026-06-28T20:26:09.393830+00:00
sentinel-control/services/sentinel-core/sentinel/operator/workspace_patch_replay.py,sentinel_core_runtime,.py,3011,76,sentinel-control/services/sentinel-core/sentinel/operator,workspace_patch_replay.py,2026-06-28T20:20:25.076852+00:00
sentinel-control/services/sentinel-core/sentinel/operator/workspace_patch_runtime.py,sentinel_core_runtime,.py,17275,394,sentinel-control/services/sentinel-core/sentinel/operator,workspace_patch_runtime.py,2026-06-28T20:22:29.131348+00:00
sentinel-control/services/sentinel-core/sentinel/organs/__init__.py,sentinel_core_runtime,.py,14198,482,sentinel-control/services/sentinel-core/sentinel/organs,__init__.py,2026-05-10T13:16:43.861416+00:00
sentinel-control/services/sentinel-core/sentinel/organs/authority.py,sentinel_core_runtime,.py,6162,153,sentinel-control/services/sentinel-core/sentinel/organs,authority.py,2026-05-12T14:43:14.343527+00:00
sentinel-control/services/sentinel-core/sentinel/organs/browser/__init__.py,sentinel_core_runtime,.py,3539,94,sentinel-control/services/sentinel-core/sentinel/organs/browser,__init__.py,2026-05-10T13:16:28.432986+00:00
sentinel-control/services/sentinel-core/sentinel/organs/browser/accessibility_snapshot.py,sentinel_core_runtime,.py,7003,215,sentinel-control/services/sentinel-core/sentinel/organs/browser,accessibility_snapshot.py,2026-05-26T21:09:25.195848+00:00
sentinel-control/services/sentinel-core/sentinel/organs/browser/advanced_pool.py,sentinel_core_runtime,.py,9121,251,sentinel-control/services/sentinel-core/sentinel/organs/browser,advanced_pool.py,2026-05-13T00:04:08.273777+00:00
sentinel-control/services/sentinel-core/sentinel/organs/browser/cdp_ax.py,sentinel_core_runtime,.py,6630,177,sentinel-control/services/sentinel-core/sentinel/organs/browser,cdp_ax.py,2026-05-12T19:15:30.992064+00:00
sentinel-control/services/sentinel-core/sentinel/organs/browser/cloak_backend.py,sentinel_core_runtime,.py,10657,306,sentinel-control/services/sentinel-core/sentinel/organs/browser,cloak_backend.py,2026-06-14T07:08:37.073844+00:00
sentinel-control/services/sentinel-core/sentinel/organs/browser/compliance_gate.py,sentinel_core_runtime,.py,1317,36,sentinel-control/services/sentinel-core/sentinel/organs/browser,compliance_gate.py,2026-05-09T00:38:20.596474+00:00
sentinel-control/services/sentinel-core/sentinel/organs/browser/contract.py,sentinel_core_runtime,.py,4551,95,sentinel-control/services/sentinel-core/sentinel/organs/browser,contract.py,2026-05-12T14:41:09.181647+00:00
sentinel-control/services/sentinel-core/sentinel/organs/browser/controlled_runner.py,sentinel_core_runtime,.py,49470,871,sentinel-control/services/sentinel-core/sentinel/organs/browser,controlled_runner.py,2026-06-04T07:26:19.843613+00:00
sentinel-control/services/sentinel-core/sentinel/organs/browser/detection_bench.py,sentinel_core_runtime,.py,1124,33,sentinel-control/services/sentinel-core/sentinel/organs/browser,detection_bench.py,2026-05-09T00:38:20.596474+00:00
sentinel-control/services/sentinel-core/sentinel/organs/browser/dom_snapshot.py,sentinel_core_runtime,.py,6818,182,sentinel-control/services/sentinel-core/sentinel/organs/browser,dom_snapshot.py,2026-05-12T19:15:27.693852+00:00
sentinel-control/services/sentinel-core/sentinel/organs/browser/download_quarantine.py,sentinel_core_runtime,.py,18695,455,sentinel-control/services/sentinel-core/sentinel/organs/browser,download_quarantine.py,2026-05-13T00:46:30.939606+00:00
sentinel-control/services/sentinel-core/sentinel/organs/browser/evidence_adapter.py,sentinel_core_runtime,.py,22815,555,sentinel-control/services/sentinel-core/sentinel/organs/browser,evidence_adapter.py,2026-05-13T00:38:51.234681+00:00
sentinel-control/services/sentinel-core/sentinel/organs/browser/extraction.py,sentinel_core_runtime,.py,8536,251,sentinel-control/services/sentinel-core/sentinel/organs/browser,extraction.py,2026-04-28T20:25:31.235671+00:00
sentinel-control/services/sentinel-core/sentinel/organs/browser/final_gate.py,sentinel_core_runtime,.py,111571,1963,sentinel-control/services/sentinel-core/sentinel/organs/browser,final_gate.py,2026-05-13T00:45:27.086132+00:00
sentinel-control/services/sentinel-core/sentinel/organs/browser/fingerprint_risk.py,sentinel_core_runtime,.py,1048,26,sentinel-control/services/sentinel-core/sentinel/organs/browser,fingerprint_risk.py,2026-05-09T00:38:20.595474+00:00
sentinel-control/services/sentinel-core/sentinel/organs/browser/form_submit.py,sentinel_core_runtime,.py,21511,457,sentinel-control/services/sentinel-core/sentinel/organs/browser,form_submit.py,2026-06-03T20:08:57.559822+00:00
sentinel-control/services/sentinel-core/sentinel/organs/browser/interaction_dry_run.py,sentinel_core_runtime,.py,10455,263,sentinel-control/services/sentinel-core/sentinel/organs/browser,interaction_dry_run.py,2026-06-03T20:15:22.738424+00:00
sentinel-control/services/sentinel-core/sentinel/organs/browser/interaction_execution.py,sentinel_core_runtime,.py,19201,420,sentinel-control/services/sentinel-core/sentinel/organs/browser,interaction_execution.py,2026-05-13T00:44:25.210074+00:00
sentinel-control/services/sentinel-core/sentinel/organs/browser/live_fetch.py,sentinel_core_runtime,.py,10486,247,sentinel-control/services/sentinel-core/sentinel/organs/browser,live_fetch.py,2026-05-13T00:39:07.262249+00:00
sentinel-control/services/sentinel-core/sentinel/organs/browser/misuse_classifier.py,sentinel_core_runtime,.py,1903,54,sentinel-control/services/sentinel-core/sentinel/organs/browser,misuse_classifier.py,2026-05-10T13:16:12.375767+00:00
sentinel-control/services/sentinel-core/sentinel/organs/browser/models.py,sentinel_core_runtime,.py,24442,717,sentinel-control/services/sentinel-core/sentinel/organs/browser,models.py,2026-04-30T11:43:29.930499+00:00
sentinel-control/services/sentinel-core/sentinel/organs/browser/multitab_operator.py,sentinel_core_runtime,.py,5788,156,sentinel-control/services/sentinel-core/sentinel/organs/browser,multitab_operator.py,2026-05-13T00:46:43.883212+00:00
sentinel-control/services/sentinel-core/sentinel/organs/browser/navigation_l6.py,sentinel_core_runtime,.py,39854,970,sentinel-control/services/sentinel-core/sentinel/organs/browser,navigation_l6.py,2026-05-10T13:20:35.889659+00:00
sentinel-control/services/sentinel-core/sentinel/organs/browser/observability.py,sentinel_core_runtime,.py,3636,97,sentinel-control/services/sentinel-core/sentinel/organs/browser,observability.py,2026-06-03T20:13:48.160058+00:00
sentinel-control/services/sentinel-core/sentinel/organs/browser/operator_runtime.py,sentinel_core_runtime,.py,26530,625,sentinel-control/services/sentinel-core/sentinel/organs/browser,operator_runtime.py,2026-05-13T00:52:53.425039+00:00
sentinel-control/services/sentinel-core/sentinel/organs/browser/pdf.py,sentinel_core_runtime,.py,787,26,sentinel-control/services/sentinel-core/sentinel/organs/browser,pdf.py,2026-05-12T19:32:43.715832+00:00
sentinel-control/services/sentinel-core/sentinel/organs/browser/playwright_interaction_backend.py,sentinel_core_runtime,.py,8586,189,sentinel-control/services/sentinel-core/sentinel/organs/browser,playwright_interaction_backend.py,2026-05-13T00:44:36.111483+00:00
sentinel-control/services/sentinel-core/sentinel/organs/browser/playwright_renderer.py,sentinel_core_runtime,.py,12377,275,sentinel-control/services/sentinel-core/sentinel/organs/browser,playwright_renderer.py,2026-05-13T00:37:44.046943+00:00
sentinel-control/services/sentinel-core/sentinel/organs/browser/power_governor.py,sentinel_core_runtime,.py,7478,172,sentinel-control/services/sentinel-core/sentinel/organs/browser,power_governor.py,2026-05-09T00:38:20.593473+00:00
sentinel-control/services/sentinel-core/sentinel/organs/browser/public_lifecycle.py,sentinel_core_runtime,.py,21134,555,sentinel-control/services/sentinel-core/sentinel/organs/browser,public_lifecycle.py,2026-05-13T00:46:41.879982+00:00
sentinel-control/services/sentinel-core/sentinel/organs/browser/receipt_wrapper.py,sentinel_core_runtime,.py,8516,207,sentinel-control/services/sentinel-core/sentinel/organs/browser,receipt_wrapper.py,2026-05-13T00:16:42.478771+00:00
sentinel-control/services/sentinel-core/sentinel/organs/browser/receipts.py,sentinel_core_runtime,.py,2740,81,sentinel-control/services/sentinel-core/sentinel/organs/browser,receipts.py,2026-05-09T00:38:20.598478+00:00
sentinel-control/services/sentinel-core/sentinel/organs/browser/reliability_profile.py,sentinel_core_runtime,.py,698,21,sentinel-control/services/sentinel-core/sentinel/organs/browser,reliability_profile.py,2026-05-09T00:38:20.594471+00:00
sentinel-control/services/sentinel-core/sentinel/organs/browser/rendered_snapshot.py,sentinel_core_runtime,.py,29278,638,sentinel-control/services/sentinel-core/sentinel/organs/browser,rendered_snapshot.py,2026-05-13T00:38:17.099360+00:00
sentinel-control/services/sentinel-core/sentinel/organs/browser/screenshot.py,sentinel_core_runtime,.py,3967,117,sentinel-control/services/sentinel-core/sentinel/organs/browser,screenshot.py,2026-05-12T19:32:45.021532+00:00
sentinel-control/services/sentinel-core/sentinel/organs/browser/session_policy.py,sentinel_core_runtime,.py,862,22,sentinel-control/services/sentinel-core/sentinel/organs/browser,session_policy.py,2026-05-09T00:38:20.595474+00:00
sentinel-control/services/sentinel-core/sentinel/organs/browser/supervisor.py,sentinel_core_runtime,.py,20604,549,sentinel-control/services/sentinel-core/sentinel/organs/browser,supervisor.py,2026-05-13T00:04:11.971420+00:00
sentinel-control/services/sentinel-core/sentinel/organs/browser/ui_observation.py,sentinel_core_runtime,.py,11082,301,sentinel-control/services/sentinel-core/sentinel/organs/browser,ui_observation.py,2026-05-12T19:32:51.279955+00:00
sentinel-control/services/sentinel-core/sentinel/organs/browser/upload_authorized.py,sentinel_core_runtime,.py,23924,503,sentinel-control/services/sentinel-core/sentinel/organs/browser,upload_authorized.py,2026-06-03T20:08:43.424622+00:00
sentinel-control/services/sentinel-core/sentinel/organs/browser/url_guard.py,sentinel_core_runtime,.py,11776,299,sentinel-control/services/sentinel-core/sentinel/organs/browser,url_guard.py,2026-05-12T19:32:50.425757+00:00
sentinel-control/services/sentinel-core/sentinel/organs/browser/v3_advanced_authorities.py,sentinel_core_runtime,.py,47699,926,sentinel-control/services/sentinel-core/sentinel/organs/browser,v3_advanced_authorities.py,2026-05-13T00:46:38.745311+00:00
sentinel-control/services/sentinel-core/sentinel/organs/browser/v3_authority.py,sentinel_core_runtime,.py,3828,101,sentinel-control/services/sentinel-core/sentinel/organs/browser,v3_authority.py,2026-04-29T14:19:02.403622+00:00
sentinel-control/services/sentinel-core/sentinel/organs/browser/verifier.py,sentinel_core_runtime,.py,6959,168,sentinel-control/services/sentinel-core/sentinel/organs/browser,verifier.py,2026-05-13T00:04:13.701280+00:00
sentinel-control/services/sentinel-core/sentinel/organs/browser/visual_observation.py,sentinel_core_runtime,.py,6671,161,sentinel-control/services/sentinel-core/sentinel/organs/browser,visual_observation.py,2026-05-12T19:15:26.120377+00:00
sentinel-control/services/sentinel-core/sentinel/organs/capability_frontier.py,sentinel_core_runtime,.py,30761,611,sentinel-control/services/sentinel-core/sentinel/organs,capability_frontier.py,2026-05-09T19:14:50.451229+00:00
sentinel-control/services/sentinel-core/sentinel/organs/capital/__init__.py,sentinel_core_runtime,.py,561,25,sentinel-control/services/sentinel-core/sentinel/organs/capital,__init__.py,2026-05-09T01:27:39.094468+00:00
sentinel-control/services/sentinel-core/sentinel/organs/capital/sandbox.py,sentinel_core_runtime,.py,14297,366,sentinel-control/services/sentinel-core/sentinel/organs/capital,sandbox.py,2026-05-09T12:17:59.246353+00:00
sentinel-control/services/sentinel-core/sentinel/organs/channels/__init__.py,sentinel_core_runtime,.py,1024,23,sentinel-control/services/sentinel-core/sentinel/organs/channels,__init__.py,2026-05-09T00:57:11.553502+00:00
sentinel-control/services/sentinel-core/sentinel/organs/channels/compliance.py,sentinel_core_runtime,.py,1597,39,sentinel-control/services/sentinel-core/sentinel/organs/channels,compliance.py,2026-05-09T00:54:31.231977+00:00
sentinel-control/services/sentinel-core/sentinel/organs/channels/contract.py,sentinel_core_runtime,.py,2795,67,sentinel-control/services/sentinel-core/sentinel/organs/channels,contract.py,2026-05-12T14:41:09.184647+00:00
sentinel-control/services/sentinel-core/sentinel/organs/channels/draft.py,sentinel_core_runtime,.py,1279,35,sentinel-control/services/sentinel-core/sentinel/organs/channels,draft.py,2026-05-09T00:53:39.431260+00:00
sentinel-control/services/sentinel-core/sentinel/organs/channels/inbound.py,sentinel_core_runtime,.py,932,26,sentinel-control/services/sentinel-core/sentinel/organs/channels,inbound.py,2026-05-09T00:54:10.776455+00:00
sentinel-control/services/sentinel-core/sentinel/organs/channels/outbound.py,sentinel_core_runtime,.py,547,19,sentinel-control/services/sentinel-core/sentinel/organs/channels,outbound.py,2026-05-09T00:53:53.417776+00:00
sentinel-control/services/sentinel-core/sentinel/organs/channels/rate_limit.py,sentinel_core_runtime,.py,996,28,sentinel-control/services/sentinel-core/sentinel/organs/channels,rate_limit.py,2026-05-09T00:54:49.289333+00:00
sentinel-control/services/sentinel-core/sentinel/organs/channels/receipts.py,sentinel_core_runtime,.py,5289,153,sentinel-control/services/sentinel-core/sentinel/organs/channels,receipts.py,2026-05-09T00:56:00.863183+00:00
sentinel-control/services/sentinel-core/sentinel/organs/channels/send_gate.py,sentinel_core_runtime,.py,2077,54,sentinel-control/services/sentinel-core/sentinel/organs/channels,send_gate.py,2026-05-09T00:55:19.099208+00:00
sentinel-control/services/sentinel-core/sentinel/organs/contracts.py,sentinel_core_runtime,.py,9669,212,sentinel-control/services/sentinel-core/sentinel/organs,contracts.py,2026-05-12T14:43:14.744522+00:00
sentinel-control/services/sentinel-core/sentinel/organs/credentials/__init__.py,sentinel_core_runtime,.py,1873,53,sentinel-control/services/sentinel-core/sentinel/organs/credentials,__init__.py,2026-05-25T20:41:44.140481+00:00
sentinel-control/services/sentinel-core/sentinel/organs/credentials/credential_ref.py,sentinel_core_runtime,.py,2496,61,sentinel-control/services/sentinel-core/sentinel/organs/credentials,credential_ref.py,2026-05-25T20:41:33.430757+00:00
sentinel-control/services/sentinel-core/sentinel/organs/credentials/foundation.py,sentinel_core_runtime,.py,28229,707,sentinel-control/services/sentinel-core/sentinel/organs/credentials,foundation.py,2026-06-04T07:31:02.809351+00:00
sentinel-control/services/sentinel-core/sentinel/organs/credentials/receipts.py,sentinel_core_runtime,.py,3044,83,sentinel-control/services/sentinel-core/sentinel/organs/credentials,receipts.py,2026-05-09T01:03:14.613195+00:00
sentinel-control/services/sentinel-core/sentinel/organs/credentials/redaction.py,sentinel_core_runtime,.py,961,28,sentinel-control/services/sentinel-core/sentinel/organs/credentials,redaction.py,2026-06-03T10:45:09.355002+00:00
sentinel-control/services/sentinel-core/sentinel/organs/credentials/revocation.py,sentinel_core_runtime,.py,296,7,sentinel-control/services/sentinel-core/sentinel/organs/credentials,revocation.py,2026-05-09T01:02:09.815516+00:00
sentinel-control/services/sentinel-core/sentinel/organs/credentials/scoped_grant.py,sentinel_core_runtime,.py,1239,36,sentinel-control/services/sentinel-core/sentinel/organs/credentials,scoped_grant.py,2026-06-03T22:09:42.222508+00:00
sentinel-control/services/sentinel-core/sentinel/organs/credentials/vault_policy.py,sentinel_core_runtime,.py,2736,77,sentinel-control/services/sentinel-core/sentinel/organs/credentials,vault_policy.py,2026-06-03T22:09:34.151899+00:00
sentinel-control/services/sentinel-core/sentinel/organs/desktop/__init__.py,sentinel_core_runtime,.py,3264,90,sentinel-control/services/sentinel-core/sentinel/organs/desktop,__init__.py,2026-05-10T12:27:07.457163+00:00
sentinel-control/services/sentinel-core/sentinel/organs/desktop/action_lifecycle.py,sentinel_core_runtime,.py,1942,57,sentinel-control/services/sentinel-core/sentinel/organs/desktop,action_lifecycle.py,2026-05-09T18:40:18.206434+00:00
sentinel-control/services/sentinel-core/sentinel/organs/desktop/action_preview.py,sentinel_core_runtime,.py,3553,88,sentinel-control/services/sentinel-core/sentinel/organs/desktop,action_preview.py,2026-05-09T18:40:18.168901+00:00
sentinel-control/services/sentinel-core/sentinel/organs/desktop/clipboard_sanitizer.py,sentinel_core_runtime,.py,273,8,sentinel-control/services/sentinel-core/sentinel/organs/desktop,clipboard_sanitizer.py,2026-05-09T18:40:18.113832+00:00
sentinel-control/services/sentinel-core/sentinel/organs/desktop/contract.py,sentinel_core_runtime,.py,4162,89,sentinel-control/services/sentinel-core/sentinel/organs/desktop,contract.py,2026-05-09T18:40:18.290446+00:00
sentinel-control/services/sentinel-core/sentinel/organs/desktop/enrollment.py,sentinel_core_runtime,.py,1738,45,sentinel-control/services/sentinel-core/sentinel/organs/desktop,enrollment.py,2026-05-09T18:40:18.067024+00:00
sentinel-control/services/sentinel-core/sentinel/organs/desktop/fake_sidecar.py,sentinel_core_runtime,.py,6354,127,sentinel-control/services/sentinel-core/sentinel/organs/desktop,fake_sidecar.py,2026-05-09T18:40:18.269111+00:00
sentinel-control/services/sentinel-core/sentinel/organs/desktop/finalgate_adapter.py,sentinel_core_runtime,.py,559,18,sentinel-control/services/sentinel-core/sentinel/organs/desktop,finalgate_adapter.py,2026-05-09T18:40:18.249557+00:00
sentinel-control/services/sentinel-core/sentinel/organs/desktop/harvest.py,sentinel_core_runtime,.py,33505,663,sentinel-control/services/sentinel-core/sentinel/organs/desktop,harvest.py,2026-05-12T14:43:17.970530+00:00
sentinel-control/services/sentinel-core/sentinel/organs/desktop/kill_switch.py,sentinel_core_runtime,.py,586,21,sentinel-control/services/sentinel-core/sentinel/organs/desktop,kill_switch.py,2026-05-09T18:40:18.129510+00:00
sentinel-control/services/sentinel-core/sentinel/organs/desktop/misuse_classifier.py,sentinel_core_runtime,.py,1000,33,sentinel-control/services/sentinel-core/sentinel/organs/desktop,misuse_classifier.py,2026-05-09T18:40:18.228062+00:00
sentinel-control/services/sentinel-core/sentinel/organs/desktop/receipts.py,sentinel_core_runtime,.py,2819,74,sentinel-control/services/sentinel-core/sentinel/organs/desktop,receipts.py,2026-05-09T18:40:18.145574+00:00
sentinel-control/services/sentinel-core/sentinel/organs/desktop/screen_sanitizer.py,sentinel_core_runtime,.py,1397,44,sentinel-control/services/sentinel-core/sentinel/organs/desktop,screen_sanitizer.py,2026-05-09T18:40:18.091026+00:00
sentinel-control/services/sentinel-core/sentinel/organs/desktop/sidecar_manifest.py,sentinel_core_runtime,.py,1967,52,sentinel-control/services/sentinel-core/sentinel/organs/desktop,sidecar_manifest.py,2026-05-09T18:40:18.037138+00:00
sentinel-control/services/sentinel-core/sentinel/organs/desktop/workspace_l6.py,sentinel_core_runtime,.py,25572,640,sentinel-control/services/sentinel-core/sentinel/organs/desktop,workspace_l6.py,2026-06-03T20:22:35.581101+00:00
sentinel-control/services/sentinel-core/sentinel/organs/dry_run.py,sentinel_core_runtime,.py,4378,120,sentinel-control/services/sentinel-core/sentinel/organs,dry_run.py,2026-05-12T14:43:11.757527+00:00
sentinel-control/services/sentinel-core/sentinel/organs/exceptions.py,sentinel_core_runtime,.py,190,6,sentinel-control/services/sentinel-core/sentinel/organs,exceptions.py,2026-05-12T12:42:04.679724+00:00
sentinel-control/services/sentinel-core/sentinel/organs/external_api/__init__.py,sentinel_core_runtime,.py,896,20,sentinel-control/services/sentinel-core/sentinel/organs/external_api,__init__.py,2026-05-09T00:49:29.469410+00:00
sentinel-control/services/sentinel-core/sentinel/organs/external_api/allowlist.py,sentinel_core_runtime,.py,1159,34,sentinel-control/services/sentinel-core/sentinel/organs/external_api,allowlist.py,2026-05-09T00:46:49.827406+00:00
sentinel-control/services/sentinel-core/sentinel/organs/external_api/contract.py,sentinel_core_runtime,.py,2907,67,sentinel-control/services/sentinel-core/sentinel/organs/external_api,contract.py,2026-05-12T14:41:09.643645+00:00
sentinel-control/services/sentinel-core/sentinel/organs/external_api/cost_estimator.py,sentinel_core_runtime,.py,1221,34,sentinel-control/services/sentinel-core/sentinel/organs/external_api,cost_estimator.py,2026-05-09T00:47:11.004262+00:00
sentinel-control/services/sentinel-core/sentinel/organs/external_api/dry_run.py,sentinel_core_runtime,.py,2553,58,sentinel-control/services/sentinel-core/sentinel/organs/external_api,dry_run.py,2026-05-09T00:48:29.836004+00:00
sentinel-control/services/sentinel-core/sentinel/organs/external_api/privacy_risk.py,sentinel_core_runtime,.py,1816,53,sentinel-control/services/sentinel-core/sentinel/organs/external_api,privacy_risk.py,2026-05-09T00:47:41.666492+00:00
sentinel-control/services/sentinel-core/sentinel/organs/external_api/receipts.py,sentinel_core_runtime,.py,2298,68,sentinel-control/services/sentinel-core/sentinel/organs/external_api,receipts.py,2026-05-09T00:48:04.155569+00:00
sentinel-control/services/sentinel-core/sentinel/organs/external_api/request_plan.py,sentinel_core_runtime,.py,2583,73,sentinel-control/services/sentinel-core/sentinel/organs/external_api,request_plan.py,2026-05-09T00:46:32.427394+00:00
sentinel-control/services/sentinel-core/sentinel/organs/implementation_alignment.py,sentinel_core_runtime,.py,26950,448,sentinel-control/services/sentinel-core/sentinel/organs,implementation_alignment.py,2026-05-12T14:43:17.970530+00:00
sentinel-control/services/sentinel-core/sentinel/organs/kill_switch.py,sentinel_core_runtime,.py,1278,35,sentinel-control/services/sentinel-core/sentinel/organs,kill_switch.py,2026-05-12T14:43:15.479529+00:00
sentinel-control/services/sentinel-core/sentinel/organs/lanes.py,sentinel_core_runtime,.py,323,15,sentinel-control/services/sentinel-core/sentinel/organs,lanes.py,2026-05-09T00:38:20.574748+00:00
sentinel-control/services/sentinel-core/sentinel/organs/promotion_gate.py,sentinel_core_runtime,.py,4757,112,sentinel-control/services/sentinel-core/sentinel/organs,promotion_gate.py,2026-05-12T14:43:14.343527+00:00
sentinel-control/services/sentinel-core/sentinel/organs/real_world_gauntlet.py,sentinel_core_runtime,.py,25480,547,sentinel-control/services/sentinel-core/sentinel/organs,real_world_gauntlet.py,2026-05-09T19:29:07.631893+00:00
sentinel-control/services/sentinel-core/sentinel/organs/reality_activation.py,sentinel_core_runtime,.py,16751,425,sentinel-control/services/sentinel-core/sentinel/organs,reality_activation.py,2026-06-03T20:22:08.092605+00:00
sentinel-control/services/sentinel-core/sentinel/organs/receipts.py,sentinel_core_runtime,.py,9932,235,sentinel-control/services/sentinel-core/sentinel/organs,receipts.py,2026-05-14T15:22:51.194402+00:00
sentinel-control/services/sentinel-core/sentinel/organs/registry.py,sentinel_core_runtime,.py,1851,40,sentinel-control/services/sentinel-core/sentinel/organs,registry.py,2026-05-12T14:43:14.343527+00:00
sentinel-control/services/sentinel-core/sentinel/organs/replay.py,sentinel_core_runtime,.py,2801,61,sentinel-control/services/sentinel-core/sentinel/organs,replay.py,2026-05-12T12:43:06.609434+00:00
sentinel-control/services/sentinel-core/sentinel/organs/risk.py,sentinel_core_runtime,.py,4099,114,sentinel-control/services/sentinel-core/sentinel/organs,risk.py,2026-05-12T14:43:17.971517+00:00
sentinel-control/services/sentinel-core/sentinel/organs/runtime_promotion.py,sentinel_core_runtime,.py,12612,250,sentinel-control/services/sentinel-core/sentinel/organs,runtime_promotion.py,2026-05-09T20:18:13.041351+00:00
sentinel-control/services/sentinel-core/sentinel/organs/spend/__init__.py,sentinel_core_runtime,.py,435,21,sentinel-control/services/sentinel-core/sentinel/organs/spend,__init__.py,2026-05-09T01:32:13.603374+00:00
sentinel-control/services/sentinel-core/sentinel/organs/spend/runtime.py,sentinel_core_runtime,.py,9251,234,sentinel-control/services/sentinel-core/sentinel/organs/spend,runtime.py,2026-05-09T12:18:08.420384+00:00
sentinel-control/services/sentinel-core/sentinel/organs/trading/__init__.py,sentinel_core_runtime,.py,1221,47,sentinel-control/services/sentinel-core/sentinel/organs/trading,__init__.py,2026-05-09T12:32:42.183966+00:00
sentinel-control/services/sentinel-core/sentinel/organs/trading/special_authority.py,sentinel_core_runtime,.py,11283,316,sentinel-control/services/sentinel-core/sentinel/organs/trading,special_authority.py,2026-05-09T12:18:25.146665+00:00
sentinel-control/services/sentinel-core/sentinel/organs/trading/tradingagents_harvest.py,sentinel_core_runtime,.py,14772,365,sentinel-control/services/sentinel-core/sentinel/organs/trading,tradingagents_harvest.py,2026-05-09T12:32:57.092765+00:00
sentinel-control/services/sentinel-core/sentinel/organs/vendor_harvest.py,sentinel_core_runtime,.py,18746,369,sentinel-control/services/sentinel-core/sentinel/organs,vendor_harvest.py,2026-05-12T14:43:14.343527+00:00
sentinel-control/services/sentinel-core/sentinel/perf/__init__.py,sentinel_core_runtime,.py,1520,34,sentinel-control/services/sentinel-core/sentinel/perf,__init__.py,2026-05-13T15:09:28.506156+00:00
sentinel-control/services/sentinel-core/sentinel/perf/bench/__init__.py,sentinel_core_runtime,.py,81,1,sentinel-control/services/sentinel-core/sentinel/perf/bench,__init__.py,2026-05-13T15:09:34.630318+00:00
sentinel-control/services/sentinel-core/sentinel/perf/bench/golden_missions.py,sentinel_core_runtime,.py,3459,121,sentinel-control/services/sentinel-core/sentinel/perf/bench,golden_missions.py,2026-05-15T20:17:49.726107+00:00
sentinel-control/services/sentinel-core/sentinel/perf/bench/golden_runners.py,sentinel_core_runtime,.py,11911,316,sentinel-control/services/sentinel-core/sentinel/perf/bench,golden_runners.py,2026-05-18T20:03:07.973796+00:00
sentinel-control/services/sentinel-core/sentinel/perf/bench/harness.py,sentinel_core_runtime,.py,8736,246,sentinel-control/services/sentinel-core/sentinel/perf/bench,harness.py,2026-05-16T21:51:29.340897+00:00
sentinel-control/services/sentinel-core/sentinel/perf/bench/hot_path_registry.py,sentinel_core_runtime,.py,6798,196,sentinel-control/services/sentinel-core/sentinel/perf/bench,hot_path_registry.py,2026-05-15T20:17:49.726107+00:00
sentinel-control/services/sentinel-core/sentinel/perf/caches/__init__.py,sentinel_core_runtime,.py,882,25,sentinel-control/services/sentinel-core/sentinel/perf/caches,__init__.py,2026-05-17T10:29:15.621921+00:00
sentinel-control/services/sentinel-core/sentinel/perf/caches/context_build_cache.py,sentinel_core_runtime,.py,17715,446,sentinel-control/services/sentinel-core/sentinel/perf/caches,context_build_cache.py,2026-05-14T22:19:40.087087+00:00
sentinel-control/services/sentinel-core/sentinel/perf/caches/context_cache_key.py,sentinel_core_runtime,.py,23933,579,sentinel-control/services/sentinel-core/sentinel/perf/caches,context_cache_key.py,2026-05-17T10:16:50.838308+00:00
sentinel-control/services/sentinel-core/sentinel/perf/caches/llm_decision_frame_cache.py,sentinel_core_runtime,.py,18710,468,sentinel-control/services/sentinel-core/sentinel/perf/caches,llm_decision_frame_cache.py,2026-05-14T22:35:33.188875+00:00
sentinel-control/services/sentinel-core/sentinel/perf/caches/model_call_optimizer.py,sentinel_core_runtime,.py,19143,494,sentinel-control/services/sentinel-core/sentinel/perf/caches,model_call_optimizer.py,2026-05-18T19:59:13.204949+00:00
sentinel-control/services/sentinel-core/sentinel/perf/caches/prompt_frame_cache.py,sentinel_core_runtime,.py,20569,507,sentinel-control/services/sentinel-core/sentinel/perf/caches,prompt_frame_cache.py,2026-05-14T22:25:54.075099+00:00
sentinel-control/services/sentinel-core/sentinel/perf/caches/token_budget_governor.py,sentinel_core_runtime,.py,27580,708,sentinel-control/services/sentinel-core/sentinel/perf/caches,token_budget_governor.py,2026-05-14T22:43:51.793967+00:00
sentinel-control/services/sentinel-core/sentinel/perf/hot_cold/__init__.py,sentinel_core_runtime,.py,87,1,sentinel-control/services/sentinel-core/sentinel/perf/hot_cold,__init__.py,2026-05-13T15:09:30.651556+00:00
sentinel-control/services/sentinel-core/sentinel/perf/hot_cold/artifact_ref_store.py,sentinel_core_runtime,.py,6405,179,sentinel-control/services/sentinel-core/sentinel/perf/hot_cold,artifact_ref_store.py,2026-06-14T22:06:45.567158+00:00
sentinel-control/services/sentinel-core/sentinel/perf/hot_cold/cache_invalidation_policy.py,sentinel_core_runtime,.py,6754,197,sentinel-control/services/sentinel-core/sentinel/perf/hot_cold,cache_invalidation_policy.py,2026-05-14T15:07:57.784009+00:00
sentinel-control/services/sentinel-core/sentinel/perf/hot_cold/cold_receipt_store.py,sentinel_core_runtime,.py,18154,453,sentinel-control/services/sentinel-core/sentinel/perf/hot_cold,cold_receipt_store.py,2026-05-14T19:59:01.909708+00:00
sentinel-control/services/sentinel-core/sentinel/perf/hot_cold/delta_state_engine.py,sentinel_core_runtime,.py,8729,228,sentinel-control/services/sentinel-core/sentinel/perf/hot_cold,delta_state_engine.py,2026-05-14T15:03:24.586560+00:00
sentinel-control/services/sentinel-core/sentinel/perf/hot_cold/hot_mission_cache.py,sentinel_core_runtime,.py,18089,421,sentinel-control/services/sentinel-core/sentinel/perf/hot_cold,hot_mission_cache.py,2026-05-14T11:42:07.137671+00:00
sentinel-control/services/sentinel-core/sentinel/perf/hot_cold/receipt_index.py,sentinel_core_runtime,.py,21907,558,sentinel-control/services/sentinel-core/sentinel/perf/hot_cold,receipt_index.py,2026-06-04T13:29:16.707934+00:00
sentinel-control/services/sentinel-core/sentinel/perf/measure/__init__.py,sentinel_core_runtime,.py,81,1,sentinel-control/services/sentinel-core/sentinel/perf/measure,__init__.py,2026-05-13T15:09:29.495187+00:00
sentinel-control/services/sentinel-core/sentinel/perf/measure/cost_profiler.py,sentinel_core_runtime,.py,3482,103,sentinel-control/services/sentinel-core/sentinel/perf/measure,cost_profiler.py,2026-05-14T08:47:00.726538+00:00
sentinel-control/services/sentinel-core/sentinel/perf/measure/latency_profiler.py,sentinel_core_runtime,.py,12945,362,sentinel-control/services/sentinel-core/sentinel/perf/measure,latency_profiler.py,2026-06-04T13:12:47.082646+00:00
sentinel-control/services/sentinel-core/sentinel/perf/measure/performance_receipt.py,sentinel_core_runtime,.py,5505,137,sentinel-control/services/sentinel-core/sentinel/perf/measure,performance_receipt.py,2026-05-14T09:39:05.809847+00:00
sentinel-control/services/sentinel-core/sentinel/perf/measure/performance_trace.py,sentinel_core_runtime,.py,5492,127,sentinel-control/services/sentinel-core/sentinel/perf/measure,performance_trace.py,2026-05-14T08:29:10.032060+00:00
sentinel-control/services/sentinel-core/sentinel/perf/sched/__init__.py,sentinel_core_runtime,.py,82,1,sentinel-control/services/sentinel-core/sentinel/perf/sched,__init__.py,2026-05-13T15:09:33.114188+00:00
sentinel-control/services/sentinel-core/sentinel/perf/sched/async_organ_scheduler.py,sentinel_core_runtime,.py,35165,836,sentinel-control/services/sentinel-core/sentinel/perf/sched,async_organ_scheduler.py,2026-05-15T01:16:05.800262+00:00
sentinel-control/services/sentinel-core/sentinel/perf/sched/backpressure_controller.py,sentinel_core_runtime,.py,17410,397,sentinel-control/services/sentinel-core/sentinel/perf/sched,backpressure_controller.py,2026-05-15T01:04:42.137414+00:00
sentinel-control/services/sentinel-core/sentinel/perf/sched/batch_execution_planner.py,sentinel_core_runtime,.py,9419,199,sentinel-control/services/sentinel-core/sentinel/perf/sched,batch_execution_planner.py,2026-05-15T01:08:08.179147+00:00
sentinel-control/services/sentinel-core/sentinel/perf/sched/tool_call_queue.py,sentinel_core_runtime,.py,14515,333,sentinel-control/services/sentinel-core/sentinel/perf/sched,tool_call_queue.py,2026-05-15T01:00:16.103318+00:00
sentinel-control/services/sentinel-core/sentinel/perf/workspace/__init__.py,sentinel_core_runtime,.py,84,1,sentinel-control/services/sentinel-core/sentinel/perf/workspace,__init__.py,2026-05-13T15:09:34.125454+00:00
sentinel-control/services/sentinel-core/sentinel/perf/workspace/workspace_change_watcher.py,sentinel_core_runtime,.py,13812,330,sentinel-control/services/sentinel-core/sentinel/perf/workspace,workspace_change_watcher.py,2026-05-15T17:41:14.907551+00:00
sentinel-control/services/sentinel-core/sentinel/perf/workspace/workspace_snapshot_cache.py,sentinel_core_runtime,.py,19888,438,sentinel-control/services/sentinel-core/sentinel/perf/workspace,workspace_snapshot_cache.py,2026-05-15T17:56:49.343482+00:00
sentinel-control/services/sentinel-core/sentinel/power/__init__.py,sentinel_core_runtime,.py,968,38,sentinel-control/services/sentinel-core/sentinel/power,__init__.py,2026-06-05T19:29:13.101799+00:00
sentinel-control/services/sentinel-core/sentinel/power/demo.py,sentinel_core_runtime,.py,8257,205,sentinel-control/services/sentinel-core/sentinel/power,demo.py,2026-06-05T19:17:34.340352+00:00
sentinel-control/services/sentinel-core/sentinel/power/runtime.py,sentinel_core_runtime,.py,22648,565,sentinel-control/services/sentinel-core/sentinel/power,runtime.py,2026-06-14T12:24:47.434312+00:00
sentinel-control/services/sentinel-core/sentinel/power_lab.py,sentinel_core_runtime,.py,23693,579,sentinel-control/services/sentinel-core/sentinel,power_lab.py,2026-06-01T11:33:13.103370+00:00
sentinel-control/services/sentinel-core/sentinel/shared/__init__.py,sentinel_core_runtime,.py,673,32,sentinel-control/services/sentinel-core/sentinel/shared,__init__.py,2026-04-26T11:25:52.877402+00:00
sentinel-control/services/sentinel-core/sentinel/shared/db.py,sentinel_core_runtime,.py,2459,69,sentinel-control/services/sentinel-core/sentinel/shared,db.py,2026-04-26T11:25:52.878401+00:00
sentinel-control/services/sentinel-core/sentinel/shared/enums.py,sentinel_core_runtime,.py,3874,147,sentinel-control/services/sentinel-core/sentinel/shared,enums.py,2026-04-28T07:24:02.506248+00:00
sentinel-control/services/sentinel-core/sentinel/shared/events.py,sentinel_core_runtime,.py,32638,768,sentinel-control/services/sentinel-core/sentinel/shared,events.py,2026-06-20T00:19:28.614262+00:00
sentinel-control/services/sentinel-core/sentinel/shared/execution_events.py,sentinel_core_runtime,.py,24148,590,sentinel-control/services/sentinel-core/sentinel/shared,execution_events.py,2026-06-20T00:23:05.774421+00:00
sentinel-control/services/sentinel-core/sentinel/shared/models.py,sentinel_core_runtime,.py,4018,123,sentinel-control/services/sentinel-core/sentinel/shared,models.py,2026-04-26T11:25:52.880399+00:00
sentinel-control/services/sentinel-core/sentinel/shared/safety_scanner.py,sentinel_core_runtime,.py,12346,394,sentinel-control/services/sentinel-core/sentinel/shared,safety_scanner.py,2026-06-13T03:04:20.570229+00:00
sentinel-control/services/sentinel-core/sentinel/telemetry/__init__.py,sentinel_core_runtime,.py,1052,37,sentinel-control/services/sentinel-core/sentinel/telemetry,__init__.py,2026-06-14T12:53:52.320024+00:00
sentinel-control/services/sentinel-core/sentinel/telemetry/kernel.py,sentinel_core_runtime,.py,93160,1882,sentinel-control/services/sentinel-core/sentinel/telemetry,kernel.py,2026-06-21T00:11:30.989172+00:00
sentinel-control/services/sentinel-core/sentinel/telemetry/models.py,sentinel_core_runtime,.py,35617,677,sentinel-control/services/sentinel-core/sentinel/telemetry,models.py,2026-06-13T00:32:22.240899+00:00
sentinel-control/services/sentinel-core/sentinel/telemetry/policy.py,sentinel_core_runtime,.py,3511,109,sentinel-control/services/sentinel-core/sentinel/telemetry,policy.py,2026-06-14T12:53:20.225078+00:00
sentinel-control/services/sentinel-core/sentinel/telemetry/redaction.py,sentinel_core_runtime,.py,3271,108,sentinel-control/services/sentinel-core/sentinel/telemetry,redaction.py,2026-06-07T20:02:36.119836+00:00
sentinel-control/services/sentinel-core/sentinel/telemetry/store.py,sentinel_core_runtime,.py,9479,230,sentinel-control/services/sentinel-core/sentinel/telemetry,store.py,2026-06-14T12:53:20.225078+00:00
sentinel-control/services/sentinel-core/tests/operator/test_agent_runtime_event_bridge_pack2a.py,sentinel_core_tests,.py,53936,1409,sentinel-control/services/sentinel-core/tests/operator,test_agent_runtime_event_bridge_pack2a.py,2026-06-20T12:34:28.299634+00:00
sentinel-control/services/sentinel-core/tests/operator/test_authority_issuer.py,sentinel_core_tests,.py,15180,332,sentinel-control/services/sentinel-core/tests/operator,test_authority_issuer.py,2026-06-19T13:29:42.646327+00:00
sentinel-control/services/sentinel-core/tests/operator/test_connection_identity_boundary_pack3.py,sentinel_core_tests,.py,12010,299,sentinel-control/services/sentinel-core/tests/operator,test_connection_identity_boundary_pack3.py,2026-06-28T18:20:52.572932+00:00
sentinel-control/services/sentinel-core/tests/operator/test_connection_inbound_readonly_pack4.py,sentinel_core_tests,.py,10785,265,sentinel-control/services/sentinel-core/tests/operator,test_connection_inbound_readonly_pack4.py,2026-06-28T18:37:13.036050+00:00
sentinel-control/services/sentinel-core/tests/operator/test_connection_live_channel_action_pack5.py,sentinel_core_tests,.py,12131,265,sentinel-control/services/sentinel-core/tests/operator,test_connection_live_channel_action_pack5.py,2026-06-28T19:00:25.264266+00:00
sentinel-control/services/sentinel-core/tests/operator/test_connection_manifest_registry_pack2.py,sentinel_core_tests,.py,8131,197,sentinel-control/services/sentinel-core/tests/operator,test_connection_manifest_registry_pack2.py,2026-06-28T13:58:40.890169+00:00
sentinel-control/services/sentinel-core/tests/operator/test_interactive_exploration.py,sentinel_core_tests,.py,39576,963,sentinel-control/services/sentinel-core/tests/operator,test_interactive_exploration.py,2026-06-17T00:18:27.076569+00:00
sentinel-control/services/sentinel-core/tests/operator/test_mission_execution_coordinator.py,sentinel_core_tests,.py,3465,83,sentinel-control/services/sentinel-core/tests/operator,test_mission_execution_coordinator.py,2026-06-20T13:28:20.681940+00:00
sentinel-control/services/sentinel-core/tests/operator/test_mission_lifecycle_service.py,sentinel_core_tests,.py,14590,312,sentinel-control/services/sentinel-core/tests/operator,test_mission_lifecycle_service.py,2026-06-19T13:52:31.258316+00:00
sentinel-control/services/sentinel-core/tests/operator/test_model_decision_extractor_pack3_13.py,sentinel_core_tests,.py,4691,113,sentinel-control/services/sentinel-core/tests/operator,test_model_decision_extractor_pack3_13.py,2026-06-22T23:13:17.335892+00:00
sentinel-control/services/sentinel-core/tests/operator/test_power_pack1_model_led_task_loop.py,sentinel_core_tests,.py,19229,468,sentinel-control/services/sentinel-core/tests/operator,test_power_pack1_model_led_task_loop.py,2026-06-28T19:31:47.967753+00:00
sentinel-control/services/sentinel-core/tests/operator/test_power_pack2_workspace_write_patch.py,sentinel_core_tests,.py,19440,480,sentinel-control/services/sentinel-core/tests/operator,test_power_pack2_workspace_write_patch.py,2026-06-28T20:26:21.291474+00:00
sentinel-control/services/sentinel-core/tests/operator/test_power_pack3_code_execution_sandbox.py,sentinel_core_tests,.py,38146,867,sentinel-control/services/sentinel-core/tests/operator,test_power_pack3_code_execution_sandbox.py,2026-06-29T21:44:10.905586+00:00
sentinel-control/services/sentinel-core/tests/operator/test_power_pack4_browser_computer_control.py,sentinel_core_tests,.py,14358,296,sentinel-control/services/sentinel-core/tests/operator,test_power_pack4_browser_computer_control.py,2026-06-29T08:22:18.448720+00:00
sentinel-control/services/sentinel-core/tests/operator/test_power_pack5_real_channel_transport_send.py,sentinel_core_tests,.py,18534,423,sentinel-control/services/sentinel-core/tests/operator,test_power_pack5_real_channel_transport_send.py,2026-06-29T12:09:05.315089+00:00
sentinel-control/services/sentinel-core/tests/operator/test_power_pack6_real_browser_bounded_web_control.py,sentinel_core_tests,.py,31875,678,sentinel-control/services/sentinel-core/tests/operator,test_power_pack6_real_browser_bounded_web_control.py,2026-06-29T21:41:42.052344+00:00
sentinel-control/services/sentinel-core/tests/operator/test_power_pack6c_actionability_recovery_contract.py,sentinel_core_tests,.py,6849,153,sentinel-control/services/sentinel-core/tests/operator,test_power_pack6c_actionability_recovery_contract.py,2026-06-29T21:38:55.478630+00:00
sentinel-control/services/sentinel-core/tests/operator/test_product_nervous_system_pack3.py,sentinel_core_tests,.py,72589,1590,sentinel-control/services/sentinel-core/tests/operator,test_product_nervous_system_pack3.py,2026-06-28T11:33:23.893822+00:00
sentinel-control/services/sentinel-core/tests/operator/test_read_only_research_decision_protocol_pack3_7.py,sentinel_core_tests,.py,44076,1071,sentinel-control/services/sentinel-core/tests/operator,test_read_only_research_decision_protocol_pack3_7.py,2026-06-27T20:21:49.768806+00:00
sentinel-control/services/sentinel-core/tests/operator/test_runtime_connection_registry.py,sentinel_core_tests,.py,3119,73,sentinel-control/services/sentinel-core/tests/operator,test_runtime_connection_registry.py,2026-06-20T13:37:54.099662+00:00
sentinel-control/services/sentinel-core/tests/operator/test_runtime_host_pack1.py,sentinel_core_tests,.py,9474,223,sentinel-control/services/sentinel-core/tests/operator,test_runtime_host_pack1.py,2026-06-20T13:28:53.433793+00:00
sentinel-control/services/sentinel-core/tests/operator/test_workflow_bridge_factory_pack1.py,sentinel_core_tests,.py,4590,127,sentinel-control/services/sentinel-core/tests/operator,test_workflow_bridge_factory_pack1.py,2026-06-19T12:31:28.756634+00:00
sentinel-control/services/sentinel-core/tests/perf/__init__.py,sentinel_core_tests,.py,0,0,sentinel-control/services/sentinel-core/tests/perf,__init__.py,2026-05-14T08:49:51.077710+00:00
sentinel-control/services/sentinel-core/tests/perf/bench/__init__.py,sentinel_core_tests,.py,1,1,sentinel-control/services/sentinel-core/tests/perf/bench,__init__.py,2026-05-15T20:13:44.566201+00:00
sentinel-control/services/sentinel-core/tests/perf/bench/test_benchmark_harness_gate_property.py,sentinel_core_tests,.py,5247,138,sentinel-control/services/sentinel-core/tests/perf/bench,test_benchmark_harness_gate_property.py,2026-05-16T14:02:33.599211+00:00
sentinel-control/services/sentinel-core/tests/perf/bench/test_benchmark_harness_gates.py,sentinel_core_tests,.py,3581,104,sentinel-control/services/sentinel-core/tests/perf/bench,test_benchmark_harness_gates.py,2026-05-15T20:33:11.009356+00:00
sentinel-control/services/sentinel-core/tests/perf/bench/test_benchmark_harness_run.py,sentinel_core_tests,.py,4356,124,sentinel-control/services/sentinel-core/tests/perf/bench,test_benchmark_harness_run.py,2026-05-16T21:45:01.491180+00:00
sentinel-control/services/sentinel-core/tests/perf/bench/test_core_final_gate_performance_receipts.py,sentinel_core_tests,.py,7227,212,sentinel-control/services/sentinel-core/tests/perf/bench,test_core_final_gate_performance_receipts.py,2026-05-16T21:45:18.031252+00:00
sentinel-control/services/sentinel-core/tests/perf/bench/test_golden_missions.py,sentinel_core_tests,.py,2522,77,sentinel-control/services/sentinel-core/tests/perf/bench,test_golden_missions.py,2026-05-15T20:35:08.259667+00:00
sentinel-control/services/sentinel-core/tests/perf/bench/test_hot_path_registry.py,sentinel_core_tests,.py,1960,54,sentinel-control/services/sentinel-core/tests/perf/bench,test_hot_path_registry.py,2026-05-15T20:16:53.594434+00:00
sentinel-control/services/sentinel-core/tests/perf/caches/__init__.py,sentinel_core_tests,.py,0,0,sentinel-control/services/sentinel-core/tests/perf/caches,__init__.py,2026-05-14T23:00:00.392542+00:00
sentinel-control/services/sentinel-core/tests/perf/caches/test_cache_canonical_equivalence_property.py,sentinel_core_tests,.py,27041,747,sentinel-control/services/sentinel-core/tests/perf/caches,test_cache_canonical_equivalence_property.py,2026-05-14T23:05:14.143712+00:00
sentinel-control/services/sentinel-core/tests/perf/caches/test_cache_invalidation_dependency_property.py,sentinel_core_tests,.py,26853,673,sentinel-control/services/sentinel-core/tests/perf/caches,test_cache_invalidation_dependency_property.py,2026-05-14T23:11:48.137378+00:00
sentinel-control/services/sentinel-core/tests/perf/caches/test_decision_frame_cache_lifecycle_property.py,sentinel_core_tests,.py,33171,897,sentinel-control/services/sentinel-core/tests/perf/caches,test_decision_frame_cache_lifecycle_property.py,2026-05-14T23:19:41.219095+00:00
sentinel-control/services/sentinel-core/tests/perf/caches/test_runtime_cache_wiring.py,sentinel_core_tests,.py,11385,279,sentinel-control/services/sentinel-core/tests/perf/caches,test_runtime_cache_wiring.py,2026-05-14T23:45:29.187494+00:00
sentinel-control/services/sentinel-core/tests/perf/caches/test_safety_invariants_property.py,sentinel_core_tests,.py,34140,844,sentinel-control/services/sentinel-core/tests/perf/caches,test_safety_invariants_property.py,2026-05-14T23:33:01.453641+00:00
sentinel-control/services/sentinel-core/tests/perf/caches/test_token_budget_enforcement_property.py,sentinel_core_tests,.py,28047,711,sentinel-control/services/sentinel-core/tests/perf/caches,test_token_budget_enforcement_property.py,2026-05-14T23:26:34.626290+00:00
sentinel-control/services/sentinel-core/tests/perf/hot_cold/__init__.py,sentinel_core_tests,.py,0,0,sentinel-control/services/sentinel-core/tests/perf/hot_cold,__init__.py,2026-05-14T13:55:49.791368+00:00
sentinel-control/services/sentinel-core/tests/perf/hot_cold/test_artifact_ref_store_property.py,sentinel_core_tests,.py,13371,325,sentinel-control/services/sentinel-core/tests/perf/hot_cold,test_artifact_ref_store_property.py,2026-06-14T22:10:43.877007+00:00
sentinel-control/services/sentinel-core/tests/perf/hot_cold/test_cold_receipt_store_property.py,sentinel_core_tests,.py,20421,495,sentinel-control/services/sentinel-core/tests/perf/hot_cold,test_cold_receipt_store_property.py,2026-05-14T20:59:41.264652+00:00
sentinel-control/services/sentinel-core/tests/perf/hot_cold/test_hot_cold_bounds_property.py,sentinel_core_tests,.py,7746,205,sentinel-control/services/sentinel-core/tests/perf/hot_cold,test_hot_cold_bounds_property.py,2026-05-14T15:12:04.043669+00:00
sentinel-control/services/sentinel-core/tests/perf/hot_cold/test_phase_b_benchmarks.py,sentinel_core_tests,.py,18759,455,sentinel-control/services/sentinel-core/tests/perf/hot_cold,test_phase_b_benchmarks.py,2026-06-14T22:10:33.964947+00:00
sentinel-control/services/sentinel-core/tests/perf/hot_cold/test_receipt_index_property.py,sentinel_core_tests,.py,30459,760,sentinel-control/services/sentinel-core/tests/perf/hot_cold,test_receipt_index_property.py,2026-05-14T21:11:15.712976+00:00
sentinel-control/services/sentinel-core/tests/perf/measure/__init__.py,sentinel_core_tests,.py,0,0,sentinel-control/services/sentinel-core/tests/perf/measure,__init__.py,2026-05-14T08:49:51.777962+00:00
sentinel-control/services/sentinel-core/tests/perf/measure/test_latency_profiler_benchmark.py,sentinel_core_tests,.py,4596,113,sentinel-control/services/sentinel-core/tests/perf/measure,test_latency_profiler_benchmark.py,2026-05-14T09:00:20.466289+00:00
sentinel-control/services/sentinel-core/tests/perf/measure/test_performance_receipt_property.py,sentinel_core_tests,.py,10364,267,sentinel-control/services/sentinel-core/tests/perf/measure,test_performance_receipt_property.py,2026-05-14T08:54:57.759315+00:00
sentinel-control/services/sentinel-core/tests/perf/measure/test_performance_trace_property.py,sentinel_core_tests,.py,13182,353,sentinel-control/services/sentinel-core/tests/perf/measure,test_performance_trace_property.py,2026-05-14T08:51:41.212843+00:00
sentinel-control/services/sentinel-core/tests/perf/measure/test_profiler_eventbus_wireup.py,sentinel_core_tests,.py,8250,240,sentinel-control/services/sentinel-core/tests/perf/measure,test_profiler_eventbus_wireup.py,2026-05-14T08:57:35.272343+00:00
sentinel-control/services/sentinel-core/tests/perf/sched/__init__.py,sentinel_core_tests,.py,0,0,sentinel-control/services/sentinel-core/tests/perf/sched,__init__.py,2026-05-15T01:33:35.885525+00:00
sentinel-control/services/sentinel-core/tests/perf/sched/test_backpressure_lifecycle_property.py,sentinel_core_tests,.py,27460,694,sentinel-control/services/sentinel-core/tests/perf/sched,test_backpressure_lifecycle_property.py,2026-05-15T03:16:44.792054+00:00
sentinel-control/services/sentinel-core/tests/perf/sched/test_runtime_scheduler_wiring.py,sentinel_core_tests,.py,23718,590,sentinel-control/services/sentinel-core/tests/perf/sched,test_runtime_scheduler_wiring.py,2026-05-15T17:10:06.557224+00:00
sentinel-control/services/sentinel-core/tests/perf/sched/test_scheduler_benchmark.py,sentinel_core_tests,.py,22128,545,sentinel-control/services/sentinel-core/tests/perf/sched,test_scheduler_benchmark.py,2026-05-26T15:05:00.894409+00:00
sentinel-control/services/sentinel-core/tests/perf/sched/test_scheduler_non_blocking_property.py,sentinel_core_tests,.py,48059,1262,sentinel-control/services/sentinel-core/tests/perf/sched,test_scheduler_non_blocking_property.py,2026-05-15T02:17:11.331516+00:00
sentinel-control/services/sentinel-core/tests/perf/test_context_cache_key_builder.py,sentinel_core_tests,.py,19551,495,sentinel-control/services/sentinel-core/tests/perf,test_context_cache_key_builder.py,2026-05-17T12:09:20.265112+00:00
sentinel-control/services/sentinel-core/tests/perf/test_context_cache_runtime_closure_property.py,sentinel_core_tests,.py,15234,405,sentinel-control/services/sentinel-core/tests/perf,test_context_cache_runtime_closure_property.py,2026-05-17T12:12:03.902249+00:00
sentinel-control/services/sentinel-core/tests/perf/test_context_cache_runtime_integration.py,sentinel_core_tests,.py,16703,406,sentinel-control/services/sentinel-core/tests/perf,test_context_cache_runtime_integration.py,2026-05-17T12:16:43.001415+00:00
sentinel-control/services/sentinel-core/tests/perf/test_context_cache_structural_guards.py,sentinel_core_tests,.py,13241,308,sentinel-control/services/sentinel-core/tests/perf,test_context_cache_structural_guards.py,2026-05-26T15:04:45.384835+00:00
sentinel-control/services/sentinel-core/tests/perf/test_scope_guardrails.py,sentinel_core_tests,.py,25974,707,sentinel-control/services/sentinel-core/tests/perf,test_scope_guardrails.py,2026-05-17T08:25:02.517610+00:00
sentinel-control/services/sentinel-core/tests/perf/workspace/__init__.py,sentinel_core_tests,.py,0,0,sentinel-control/services/sentinel-core/tests/perf/workspace,__init__.py,2026-05-15T18:07:04.672323+00:00
sentinel-control/services/sentinel-core/tests/perf/workspace/test_workspace_benchmark.py,sentinel_core_tests,.py,15110,360,sentinel-control/services/sentinel-core/tests/perf/workspace,test_workspace_benchmark.py,2026-05-15T18:19:58.860497+00:00
sentinel-control/services/sentinel-core/tests/perf/workspace/test_workspace_delta_semantics.py,sentinel_core_tests,.py,41289,1170,sentinel-control/services/sentinel-core/tests/perf/workspace,test_workspace_delta_semantics.py,2026-05-15T18:11:18.002421+00:00
sentinel-control/services/sentinel-core/tests/test_account_creation_login_special_authority_v1.py,sentinel_core_tests,.py,29255,690,sentinel-control/services/sentinel-core/tests,test_account_creation_login_special_authority_v1.py,2026-06-14T10:17:30.533975+00:00
sentinel-control/services/sentinel-core/tests/test_agent_adaptive_debate.py,sentinel_core_tests,.py,4471,120,sentinel-control/services/sentinel-core/tests,test_agent_adaptive_debate.py,2026-05-07T14:44:34.747509+00:00
sentinel-control/services/sentinel-core/tests/test_agent_artifact_capture.py,sentinel_core_tests,.py,6428,152,sentinel-control/services/sentinel-core/tests,test_agent_artifact_capture.py,2026-04-28T10:04:55.526182+00:00
sentinel-control/services/sentinel-core/tests/test_agent_bayesian_belief_state.py,sentinel_core_tests,.py,4000,112,sentinel-control/services/sentinel-core/tests,test_agent_bayesian_belief_state.py,2026-05-07T14:41:21.382812+00:00
sentinel-control/services/sentinel-core/tests/test_agent_brain_l4_integrated_review.py,sentinel_core_tests,.py,11173,225,sentinel-control/services/sentinel-core/tests,test_agent_brain_l4_integrated_review.py,2026-05-07T15:14:48.744952+00:00
sentinel-control/services/sentinel-core/tests/test_agent_brain_l4_premortem_fixtures.py,sentinel_core_tests,.py,13517,364,sentinel-control/services/sentinel-core/tests,test_agent_brain_l4_premortem_fixtures.py,2026-05-07T15:14:59.696504+00:00
sentinel-control/services/sentinel-core/tests/test_agent_brainbench.py,sentinel_core_tests,.py,3588,103,sentinel-control/services/sentinel-core/tests,test_agent_brainbench.py,2026-05-07T14:59:44.602177+00:00
sentinel-control/services/sentinel-core/tests/test_agent_browser_accessibility_snapshot.py,sentinel_core_tests,.py,5089,138,sentinel-control/services/sentinel-core/tests,test_agent_browser_accessibility_snapshot.py,2026-04-28T20:53:08.398881+00:00
sentinel-control/services/sentinel-core/tests/test_agent_browser_artifact_quality.py,sentinel_core_tests,.py,8906,252,sentinel-control/services/sentinel-core/tests,test_agent_browser_artifact_quality.py,2026-04-29T08:35:50.170241+00:00
sentinel-control/services/sentinel-core/tests/test_agent_browser_cortex.py,sentinel_core_tests,.py,7631,201,sentinel-control/services/sentinel-core/tests,test_agent_browser_cortex.py,2026-04-29T09:51:30.417438+00:00
sentinel-control/services/sentinel-core/tests/test_agent_browser_evidence_adapter.py,sentinel_core_tests,.py,14845,413,sentinel-control/services/sentinel-core/tests,test_agent_browser_evidence_adapter.py,2026-04-28T18:39:37.482257+00:00
sentinel-control/services/sentinel-core/tests/test_agent_browser_extraction.py,sentinel_core_tests,.py,7028,177,sentinel-control/services/sentinel-core/tests,test_agent_browser_extraction.py,2026-04-28T20:24:55.326875+00:00
sentinel-control/services/sentinel-core/tests/test_agent_browser_fake_eval.py,sentinel_core_tests,.py,692,18,sentinel-control/services/sentinel-core/tests,test_agent_browser_fake_eval.py,2026-04-28T17:17:24.542812+00:00
sentinel-control/services/sentinel-core/tests/test_agent_browser_interaction_dry_run.py,sentinel_core_tests,.py,8691,257,sentinel-control/services/sentinel-core/tests,test_agent_browser_interaction_dry_run.py,2026-04-28T21:41:32.212444+00:00
sentinel-control/services/sentinel-core/tests/test_agent_browser_interaction_execution.py,sentinel_core_tests,.py,15134,421,sentinel-control/services/sentinel-core/tests,test_agent_browser_interaction_execution.py,2026-04-29T07:47:47.282868+00:00
sentinel-control/services/sentinel-core/tests/test_agent_browser_live_fetch.py,sentinel_core_tests,.py,6975,180,sentinel-control/services/sentinel-core/tests,test_agent_browser_live_fetch.py,2026-04-28T18:46:01.080595+00:00
sentinel-control/services/sentinel-core/tests/test_agent_browser_operator_runtime_integration.py,sentinel_core_tests,.py,22220,554,sentinel-control/services/sentinel-core/tests,test_agent_browser_operator_runtime_integration.py,2026-05-07T08:43:53.368937+00:00
sentinel-control/services/sentinel-core/tests/test_agent_browser_operator_runtime_minicorpus.py,sentinel_core_tests,.py,21153,545,sentinel-control/services/sentinel-core/tests,test_agent_browser_operator_runtime_minicorpus.py,2026-05-07T09:26:14.518125+00:00
sentinel-control/services/sentinel-core/tests/test_agent_browser_p4d_h_hardening.py,sentinel_core_tests,.py,13319,337,sentinel-control/services/sentinel-core/tests,test_agent_browser_p4d_h_hardening.py,2026-04-29T21:12:26.586399+00:00
sentinel-control/services/sentinel-core/tests/test_agent_browser_p4e_self_hosted_benchmark.py,sentinel_core_tests,.py,4134,101,sentinel-control/services/sentinel-core/tests,test_agent_browser_p4e_self_hosted_benchmark.py,2026-04-29T22:17:08.305457+00:00
sentinel-control/services/sentinel-core/tests/test_agent_browser_p4f_peer_benchmark.py,sentinel_core_tests,.py,3717,82,sentinel-control/services/sentinel-core/tests,test_agent_browser_p4f_peer_benchmark.py,2026-04-29T22:53:48.100688+00:00
sentinel-control/services/sentinel-core/tests/test_agent_browser_playwright_renderer.py,sentinel_core_tests,.py,2119,62,sentinel-control/services/sentinel-core/tests,test_agent_browser_playwright_renderer.py,2026-04-28T17:50:36.547423+00:00
sentinel-control/services/sentinel-core/tests/test_agent_browser_public_lifecycle.py,sentinel_core_tests,.py,8915,275,sentinel-control/services/sentinel-core/tests,test_agent_browser_public_lifecycle.py,2026-04-29T08:07:03.120038+00:00
sentinel-control/services/sentinel-core/tests/test_agent_browser_reliability_supervisor.py,sentinel_core_tests,.py,7805,232,sentinel-control/services/sentinel-core/tests,test_agent_browser_reliability_supervisor.py,2026-04-29T09:03:36.889569+00:00
sentinel-control/services/sentinel-core/tests/test_agent_browser_rendered_snapshot.py,sentinel_core_tests,.py,14772,389,sentinel-control/services/sentinel-core/tests,test_agent_browser_rendered_snapshot.py,2026-04-28T21:14:51.798930+00:00
sentinel-control/services/sentinel-core/tests/test_agent_browser_runtime_integration.py,sentinel_core_tests,.py,7943,202,sentinel-control/services/sentinel-core/tests,test_agent_browser_runtime_integration.py,2026-04-28T21:15:10.712528+00:00
sentinel-control/services/sentinel-core/tests/test_agent_browser_url_guard.py,sentinel_core_tests,.py,7695,179,sentinel-control/services/sentinel-core/tests,test_agent_browser_url_guard.py,2026-04-28T15:23:22.445419+00:00
sentinel-control/services/sentinel-core/tests/test_agent_browser_v25_observation.py,sentinel_core_tests,.py,4656,139,sentinel-control/services/sentinel-core/tests,test_agent_browser_v25_observation.py,2026-04-29T12:43:32.030317+00:00
sentinel-control/services/sentinel-core/tests/test_agent_browser_v25_operator.py,sentinel_core_tests,.py,6125,177,sentinel-control/services/sentinel-core/tests,test_agent_browser_v25_operator.py,2026-04-29T12:44:18.160697+00:00
sentinel-control/services/sentinel-core/tests/test_agent_browser_v3_download_quarantine.py,sentinel_core_tests,.py,14209,367,sentinel-control/services/sentinel-core/tests,test_agent_browser_v3_download_quarantine.py,2026-04-29T13:39:43.891937+00:00
sentinel-control/services/sentinel-core/tests/test_agent_browser_v3_fixture_bench.py,sentinel_core_tests,.py,14448,338,sentinel-control/services/sentinel-core/tests,test_agent_browser_v3_fixture_bench.py,2026-04-29T15:20:06.585992+00:00
sentinel-control/services/sentinel-core/tests/test_agent_browser_v3_form_submit.py,sentinel_core_tests,.py,22540,570,sentinel-control/services/sentinel-core/tests,test_agent_browser_v3_form_submit.py,2026-06-04T08:00:17.259866+00:00
sentinel-control/services/sentinel-core/tests/test_agent_browser_v3_live_adapter_harness.py,sentinel_core_tests,.py,18465,441,sentinel-control/services/sentinel-core/tests,test_agent_browser_v3_live_adapter_harness.py,2026-04-29T18:07:34.360905+00:00
sentinel-control/services/sentinel-core/tests/test_agent_browser_v3_measured_supremacy.py,sentinel_core_tests,.py,1443,36,sentinel-control/services/sentinel-core/tests,test_agent_browser_v3_measured_supremacy.py,2026-05-08T14:17:49.772230+00:00
sentinel-control/services/sentinel-core/tests/test_agent_browser_v3_remaining_authorities.py,sentinel_core_tests,.py,34781,823,sentinel-control/services/sentinel-core/tests,test_agent_browser_v3_remaining_authorities.py,2026-04-29T15:05:17.265122+00:00
sentinel-control/services/sentinel-core/tests/test_agent_browser_v3_upload_authorized.py,sentinel_core_tests,.py,21352,542,sentinel-control/services/sentinel-core/tests,test_agent_browser_v3_upload_authorized.py,2026-06-03T20:10:05.268531+00:00
sentinel-control/services/sentinel-core/tests/test_agent_controlled_capability.py,sentinel_core_tests,.py,12169,335,sentinel-control/services/sentinel-core/tests,test_agent_controlled_capability.py,2026-04-28T10:13:24.451137+00:00
sentinel-control/services/sentinel-core/tests/test_agent_core_final_gate.py,sentinel_core_tests,.py,36790,927,sentinel-control/services/sentinel-core/tests,test_agent_core_final_gate.py,2026-06-03T21:25:13.154339+00:00
sentinel-control/services/sentinel-core/tests/test_agent_core_models.py,sentinel_core_tests,.py,3484,93,sentinel-control/services/sentinel-core/tests,test_agent_core_models.py,2026-04-28T10:36:16.154592+00:00
sentinel-control/services/sentinel-core/tests/test_agent_count_controller.py,sentinel_core_tests,.py,5172,141,sentinel-control/services/sentinel-core/tests,test_agent_count_controller.py,2026-05-07T10:45:54.156418+00:00
sentinel-control/services/sentinel-core/tests/test_agent_effort_router.py,sentinel_core_tests,.py,6673,164,sentinel-control/services/sentinel-core/tests,test_agent_effort_router.py,2026-04-27T12:01:51.201354+00:00
sentinel-control/services/sentinel-core/tests/test_agent_epistemic_action.py,sentinel_core_tests,.py,5297,131,sentinel-control/services/sentinel-core/tests,test_agent_epistemic_action.py,2026-05-07T14:47:41.931354+00:00
sentinel-control/services/sentinel-core/tests/test_agent_eval_bench.py,sentinel_core_tests,.py,9925,244,sentinel-control/services/sentinel-core/tests,test_agent_eval_bench.py,2026-04-29T15:05:26.174310+00:00
sentinel-control/services/sentinel-core/tests/test_agent_event_bus.py,sentinel_core_tests,.py,5054,152,sentinel-control/services/sentinel-core/tests,test_agent_event_bus.py,2026-06-03T22:08:34.198780+00:00
sentinel-control/services/sentinel-core/tests/test_agent_evidence_chain.py,sentinel_core_tests,.py,8114,149,sentinel-control/services/sentinel-core/tests,test_agent_evidence_chain.py,2026-04-28T09:12:41.624725+00:00
sentinel-control/services/sentinel-core/tests/test_agent_execution_posture.py,sentinel_core_tests,.py,4676,126,sentinel-control/services/sentinel-core/tests,test_agent_execution_posture.py,2026-04-28T07:16:39.275721+00:00
sentinel-control/services/sentinel-core/tests/test_agent_global_workspace.py,sentinel_core_tests,.py,9090,239,sentinel-control/services/sentinel-core/tests,test_agent_global_workspace.py,2026-05-07T14:30:48.468872+00:00
sentinel-control/services/sentinel-core/tests/test_agent_hypothesis.py,sentinel_core_tests,.py,7225,189,sentinel-control/services/sentinel-core/tests,test_agent_hypothesis.py,2026-04-28T08:40:51.305807+00:00
sentinel-control/services/sentinel-core/tests/test_agent_invariants.py,sentinel_core_tests,.py,7672,199,sentinel-control/services/sentinel-core/tests,test_agent_invariants.py,2026-05-12T22:52:30.530079+00:00
sentinel-control/services/sentinel-core/tests/test_agent_llm_context_pack.py,sentinel_core_tests,.py,10352,294,sentinel-control/services/sentinel-core/tests,test_agent_llm_context_pack.py,2026-04-29T12:16:05.580780+00:00
sentinel-control/services/sentinel-core/tests/test_agent_llm_tool_intent_compiler.py,sentinel_core_tests,.py,10866,298,sentinel-control/services/sentinel-core/tests,test_agent_llm_tool_intent_compiler.py,2026-04-29T12:23:28.981854+00:00
sentinel-control/services/sentinel-core/tests/test_agent_mission_entropy.py,sentinel_core_tests,.py,6976,162,sentinel-control/services/sentinel-core/tests,test_agent_mission_entropy.py,2026-05-07T10:33:06.503544+00:00
sentinel-control/services/sentinel-core/tests/test_agent_perception_action_engine.py,sentinel_core_tests,.py,14294,388,sentinel-control/services/sentinel-core/tests,test_agent_perception_action_engine.py,2026-04-30T14:05:20.846366+00:00
sentinel-control/services/sentinel-core/tests/test_agent_phases.py,sentinel_core_tests,.py,7019,163,sentinel-control/services/sentinel-core/tests,test_agent_phases.py,2026-05-12T21:26:40.625231+00:00
sentinel-control/services/sentinel-core/tests/test_agent_repair_loop.py,sentinel_core_tests,.py,10832,287,sentinel-control/services/sentinel-core/tests,test_agent_repair_loop.py,2026-04-28T08:40:59.325007+00:00
sentinel-control/services/sentinel-core/tests/test_agent_resourcefulness_engine.py,sentinel_core_tests,.py,6363,179,sentinel-control/services/sentinel-core/tests,test_agent_resourcefulness_engine.py,2026-05-07T14:52:54.848272+00:00
sentinel-control/services/sentinel-core/tests/test_agent_runtime.py,sentinel_core_tests,.py,15405,378,sentinel-control/services/sentinel-core/tests,test_agent_runtime.py,2026-06-14T12:34:44.134046+00:00
sentinel-control/services/sentinel-core/tests/test_agent_runtime_certification.py,sentinel_core_tests,.py,15947,270,sentinel-control/services/sentinel-core/tests,test_agent_runtime_certification.py,2026-04-28T09:12:26.824967+00:00
sentinel-control/services/sentinel-core/tests/test_agent_skill_procedure_graph.py,sentinel_core_tests,.py,5068,124,sentinel-control/services/sentinel-core/tests,test_agent_skill_procedure_graph.py,2026-05-07T14:56:52.484469+00:00
sentinel-control/services/sentinel-core/tests/test_agent_society_manager.py,sentinel_core_tests,.py,9424,257,sentinel-control/services/sentinel-core/tests,test_agent_society_manager.py,2026-05-07T14:06:10.249239+00:00
sentinel-control/services/sentinel-core/tests/test_agent_tool_call_protocol.py,sentinel_core_tests,.py,7246,197,sentinel-control/services/sentinel-core/tests,test_agent_tool_call_protocol.py,2026-04-28T10:12:04.978290+00:00
sentinel-control/services/sentinel-core/tests/test_agent_tool_selection.py,sentinel_core_tests,.py,8171,188,sentinel-control/services/sentinel-core/tests,test_agent_tool_selection.py,2026-04-28T10:34:16.124963+00:00
sentinel-control/services/sentinel-core/tests/test_agent_trace_replay.py,sentinel_core_tests,.py,15159,356,sentinel-control/services/sentinel-core/tests,test_agent_trace_replay.py,2026-04-28T09:22:18.543247+00:00
sentinel-control/services/sentinel-core/tests/test_agent_world_model.py,sentinel_core_tests,.py,5010,136,sentinel-control/services/sentinel-core/tests,test_agent_world_model.py,2026-04-27T11:20:12.853387+00:00
sentinel-control/services/sentinel-core/tests/test_audit_remediation_batch_lock.py,sentinel_core_tests,.py,18036,471,sentinel-control/services/sentinel-core/tests,test_audit_remediation_batch_lock.py,2026-06-13T03:02:48.090719+00:00
sentinel-control/services/sentinel-core/tests/test_brain_cognition_loop_wiring.py,sentinel_core_tests,.py,17586,479,sentinel-control/services/sentinel-core/tests,test_brain_cognition_loop_wiring.py,2026-05-25T19:23:43.951758+00:00
sentinel-control/services/sentinel-core/tests/test_brain_native_candidate_source_and_memory_feedback_lock.py,sentinel_core_tests,.py,27393,660,sentinel-control/services/sentinel-core/tests,test_brain_native_candidate_source_and_memory_feedback_lock.py,2026-06-07T07:36:40.983193+00:00
sentinel-control/services/sentinel-core/tests/test_brain_to_organ_runtime_closed_loop.py,sentinel_core_tests,.py,21999,553,sentinel-control/services/sentinel-core/tests,test_brain_to_organ_runtime_closed_loop.py,2026-05-25T19:23:35.494723+00:00
sentinel-control/services/sentinel-core/tests/test_browser_account_creation_special_authority_l7.py,sentinel_core_tests,.py,7765,194,sentinel-control/services/sentinel-core/tests,test_browser_account_creation_special_authority_l7.py,2026-05-31T09:02:03.513533+00:00
sentinel-control/services/sentinel-core/tests/test_browser_benchmark_gauntlet_web_arena_style.py,sentinel_core_tests,.py,7053,182,sentinel-control/services/sentinel-core/tests,test_browser_benchmark_gauntlet_web_arena_style.py,2026-05-31T08:41:22.544599+00:00
sentinel-control/services/sentinel-core/tests/test_browser_boundary_manager_l6_l7.py,sentinel_core_tests,.py,6173,170,sentinel-control/services/sentinel-core/tests,test_browser_boundary_manager_l6_l7.py,2026-05-31T08:47:53.757683+00:00
sentinel-control/services/sentinel-core/tests/test_browser_controlled_extension_webmcp_bridge_l7.py,sentinel_core_tests,.py,7354,183,sentinel-control/services/sentinel-core/tests,test_browser_controlled_extension_webmcp_bridge_l7.py,2026-05-31T09:17:05.443666+00:00
sentinel-control/services/sentinel-core/tests/test_browser_devtools_backend_adapter_foundation_v1.py,sentinel_core_tests,.py,7561,202,sentinel-control/services/sentinel-core/tests,test_browser_devtools_backend_adapter_foundation_v1.py,2026-05-31T07:46:51.474939+00:00
sentinel-control/services/sentinel-core/tests/test_browser_devtools_input_parity_l5_l6.py,sentinel_core_tests,.py,7669,215,sentinel-control/services/sentinel-core/tests,test_browser_devtools_input_parity_l5_l6.py,2026-05-31T08:12:59.355939+00:00
sentinel-control/services/sentinel-core/tests/test_browser_devtools_machine_intelligence_v1.py,sentinel_core_tests,.py,7248,171,sentinel-control/services/sentinel-core/tests,test_browser_devtools_machine_intelligence_v1.py,2026-05-31T07:58:22.851113+00:00
sentinel-control/services/sentinel-core/tests/test_browser_download_upload_quarantine_l6.py,sentinel_core_tests,.py,14327,401,sentinel-control/services/sentinel-core/tests,test_browser_download_upload_quarantine_l6.py,2026-06-03T22:14:21.897895+00:00
sentinel-control/services/sentinel-core/tests/test_browser_failure_recovery_engine_v1.py,sentinel_core_tests,.py,6768,175,sentinel-control/services/sentinel-core/tests,test_browser_failure_recovery_engine_v1.py,2026-05-31T08:06:43.941880+00:00
sentinel-control/services/sentinel-core/tests/test_browser_final_capability_lock.py,sentinel_core_tests,.py,5256,110,sentinel-control/services/sentinel-core/tests,test_browser_final_capability_lock.py,2026-06-13T22:55:08.332702+00:00
sentinel-control/services/sentinel-core/tests/test_browser_form_submit_special_authority_l6.py,sentinel_core_tests,.py,9715,277,sentinel-control/services/sentinel-core/tests,test_browser_form_submit_special_authority_l6.py,2026-05-30T23:03:45.272247+00:00
sentinel-control/services/sentinel-core/tests/test_browser_js_sandbox_special_authority_l6.py,sentinel_core_tests,.py,7921,225,sentinel-control/services/sentinel-core/tests,test_browser_js_sandbox_special_authority_l6.py,2026-06-03T11:06:39.944878+00:00
sentinel-control/services/sentinel-core/tests/test_browser_login_credential_session_broker_l6.py,sentinel_core_tests,.py,11849,312,sentinel-control/services/sentinel-core/tests,test_browser_login_credential_session_broker_l6.py,2026-05-30T23:22:07.118416+00:00
sentinel-control/services/sentinel-core/tests/test_browser_multi_agent_operator_squad_lock.py,sentinel_core_tests,.py,4469,101,sentinel-control/services/sentinel-core/tests,test_browser_multi_agent_operator_squad_lock.py,2026-06-01T23:51:56.759505+00:00
sentinel-control/services/sentinel-core/tests/test_browser_multi_step_task_orchestrator_v1.py,sentinel_core_tests,.py,8944,228,sentinel-control/services/sentinel-core/tests,test_browser_multi_step_task_orchestrator_v1.py,2026-05-31T08:00:32.473748+00:00
sentinel-control/services/sentinel-core/tests/test_browser_network_har_response_quarantine_v1.py,sentinel_core_tests,.py,6425,186,sentinel-control/services/sentinel-core/tests,test_browser_network_har_response_quarantine_v1.py,2026-05-31T08:35:13.544482+00:00
sentinel-control/services/sentinel-core/tests/test_browser_neural_audit_remediation_lock.py,sentinel_core_tests,.py,24141,615,sentinel-control/services/sentinel-core/tests,test_browser_neural_audit_remediation_lock.py,2026-06-04T07:50:31.207604+00:00
sentinel-control/services/sentinel-core/tests/test_browser_neural_cortex_v0a_signal_graph.py,sentinel_core_tests,.py,6731,173,sentinel-control/services/sentinel-core/tests,test_browser_neural_cortex_v0a_signal_graph.py,2026-06-01T23:26:25.185489+00:00
sentinel-control/services/sentinel-core/tests/test_browser_neural_cortex_v0b_motor_proposal.py,sentinel_core_tests,.py,5316,126,sentinel-control/services/sentinel-core/tests,test_browser_neural_cortex_v0b_motor_proposal.py,2026-06-01T23:30:37.186585+00:00
sentinel-control/services/sentinel-core/tests/test_browser_neural_gauntlet_lock.py,sentinel_core_tests,.py,3047,76,sentinel-control/services/sentinel-core/tests,test_browser_neural_gauntlet_lock.py,2026-06-02T12:48:40.790950+00:00
sentinel-control/services/sentinel-core/tests/test_browser_neural_memory_feedback_lock.py,sentinel_core_tests,.py,6743,148,sentinel-control/services/sentinel-core/tests,test_browser_neural_memory_feedback_lock.py,2026-06-13T23:03:39.704548+00:00
sentinel-control/services/sentinel-core/tests/test_browser_neural_safety_invariants_audit_lock.py,sentinel_core_tests,.py,11600,290,sentinel-control/services/sentinel-core/tests,test_browser_neural_safety_invariants_audit_lock.py,2026-06-02T08:00:11.055642+00:00
sentinel-control/services/sentinel-core/tests/test_browser_observability_replay_studio_v1.py,sentinel_core_tests,.py,6822,175,sentinel-control/services/sentinel-core/tests,test_browser_observability_replay_studio_v1.py,2026-05-31T09:07:19.125203+00:00
sentinel-control/services/sentinel-core/tests/test_browser_operating_subsystem_hardened_live_backend_lock.py,sentinel_core_tests,.py,23058,561,sentinel-control/services/sentinel-core/tests,test_browser_operating_subsystem_hardened_live_backend_lock.py,2026-06-05T14:18:04.347141+00:00
sentinel-control/services/sentinel-core/tests/test_browser_operator_agent_l4_l5_live.py,sentinel_core_tests,.py,10313,309,sentinel-control/services/sentinel-core/tests,test_browser_operator_agent_l4_l5_live.py,2026-05-26T21:25:40.337203+00:00
sentinel-control/services/sentinel-core/tests/test_browser_organ_final_gate.py,sentinel_core_tests,.py,18670,453,sentinel-control/services/sentinel-core/tests,test_browser_organ_final_gate.py,2026-05-18T20:27:40.505335+00:00
sentinel-control/services/sentinel-core/tests/test_browser_payment_spend_special_authority_l7.py,sentinel_core_tests,.py,7436,198,sentinel-control/services/sentinel-core/tests,test_browser_payment_spend_special_authority_l7.py,2026-05-31T08:53:25.808856+00:00
sentinel-control/services/sentinel-core/tests/test_browser_performance_lighthouse_organ_v1.py,sentinel_core_tests,.py,6579,185,sentinel-control/services/sentinel-core/tests,test_browser_performance_lighthouse_organ_v1.py,2026-05-31T08:29:55.026908+00:00
sentinel-control/services/sentinel-core/tests/test_browser_preparation_organ_v1.py,sentinel_core_tests,.py,14354,371,sentinel-control/services/sentinel-core/tests,test_browser_preparation_organ_v1.py,2026-05-20T15:06:50.244106+00:00
sentinel-control/services/sentinel-core/tests/test_browser_readonly_organ_v1.py,sentinel_core_tests,.py,12151,330,sentinel-control/services/sentinel-core/tests,test_browser_readonly_organ_v1.py,2026-05-20T13:35:37.968869+00:00
sentinel-control/services/sentinel-core/tests/test_browser_readonly_preparation_agentruntime_opt_in.py,sentinel_core_tests,.py,19396,428,sentinel-control/services/sentinel-core/tests,test_browser_readonly_preparation_agentruntime_opt_in.py,2026-05-20T15:29:51.791353+00:00
sentinel-control/services/sentinel-core/tests/test_browser_receipt_wrapper.py,sentinel_core_tests,.py,19072,502,sentinel-control/services/sentinel-core/tests,test_browser_receipt_wrapper.py,2026-05-13T00:23:41.575503+00:00
sentinel-control/services/sentinel-core/tests/test_browser_runtime_agentruntime_full_browser_stack_lock.py,sentinel_core_tests,.py,10984,299,sentinel-control/services/sentinel-core/tests,test_browser_runtime_agentruntime_full_browser_stack_lock.py,2026-06-01T11:50:02.487837+00:00
sentinel-control/services/sentinel-core/tests/test_browser_runtime_failure_and_concurrency_hardening_lock.py,sentinel_core_tests,.py,19759,515,sentinel-control/services/sentinel-core/tests,test_browser_runtime_failure_and_concurrency_hardening_lock.py,2026-06-13T11:27:40.710984+00:00
sentinel-control/services/sentinel-core/tests/test_browser_runtime_unification_l5_l6_dispatch_lock.py,sentinel_core_tests,.py,29937,721,sentinel-control/services/sentinel-core/tests,test_browser_runtime_unification_l5_l6_dispatch_lock.py,2026-06-01T11:33:29.573489+00:00
sentinel-control/services/sentinel-core/tests/test_browser_runtime_unification_l6_login_file_js_dispatch_lock.py,sentinel_core_tests,.py,35617,864,sentinel-control/services/sentinel-core/tests,test_browser_runtime_unification_l6_login_file_js_dispatch_lock.py,2026-06-04T07:55:21.282914+00:00
sentinel-control/services/sentinel-core/tests/test_browser_semantic_extraction_agentruntime_opt_in.py,sentinel_core_tests,.py,19407,439,sentinel-control/services/sentinel-core/tests,test_browser_semantic_extraction_agentruntime_opt_in.py,2026-05-21T10:40:09.210744+00:00
sentinel-control/services/sentinel-core/tests/test_browser_semantic_extraction_organ_v1.py,sentinel_core_tests,.py,15192,376,sentinel-control/services/sentinel-core/tests,test_browser_semantic_extraction_organ_v1.py,2026-05-21T09:30:08.506941+00:00
sentinel-control/services/sentinel-core/tests/test_browser_session_manager_l5_live.py,sentinel_core_tests,.py,20984,602,sentinel-control/services/sentinel-core/tests,test_browser_session_manager_l5_live.py,2026-06-14T07:29:02.556055+00:00
sentinel-control/services/sentinel-core/tests/test_browser_trajectory_planner_l5.py,sentinel_core_tests,.py,10915,309,sentinel-control/services/sentinel-core/tests,test_browser_trajectory_planner_l5.py,2026-05-30T22:44:34.326024+00:00
sentinel-control/services/sentinel-core/tests/test_browser_visual_grounding_ocr_v1.py,sentinel_core_tests,.py,7145,199,sentinel-control/services/sentinel-core/tests,test_browser_visual_grounding_ocr_v1.py,2026-05-31T08:27:53.639697+00:00
sentinel-control/services/sentinel-core/tests/test_capability_registry.py,sentinel_core_tests,.py,17170,483,sentinel-control/services/sentinel-core/tests,test_capability_registry.py,2026-04-28T18:05:37.302141+00:00
sentinel-control/services/sentinel-core/tests/test_channel_draft_send_organ_v1.py,sentinel_core_tests,.py,11242,317,sentinel-control/services/sentinel-core/tests,test_channel_draft_send_organ_v1.py,2026-06-05T19:35:09.209814+00:00
sentinel-control/services/sentinel-core/tests/test_cli_runtime_host_product_wiring_pack1b.py,sentinel_core_tests,.py,58671,1525,sentinel-control/services/sentinel-core/tests,test_cli_runtime_host_product_wiring_pack1b.py,2026-06-28T11:42:50.677642+00:00
sentinel-control/services/sentinel-core/tests/test_cockpit_mission_understanding_protocol_v2.py,sentinel_core_tests,.py,13765,345,sentinel-control/services/sentinel-core/tests,test_cockpit_mission_understanding_protocol_v2.py,2026-06-22T11:09:37.263904+00:00
sentinel-control/services/sentinel-core/tests/test_cognition_memory_scanner_consolidation_lock.py,sentinel_core_tests,.py,3386,71,sentinel-control/services/sentinel-core/tests,test_cognition_memory_scanner_consolidation_lock.py,2026-05-26T18:51:46.488821+00:00
sentinel-control/services/sentinel-core/tests/test_cueidea_bridge.py,sentinel_core_tests,.py,3320,91,sentinel-control/services/sentinel-core/tests,test_cueidea_bridge.py,2026-04-26T11:59:26.785105+00:00
sentinel-control/services/sentinel-core/tests/test_cueidea_contract.py,sentinel_core_tests,.py,9785,229,sentinel-control/services/sentinel-core/tests,test_cueidea_contract.py,2026-04-26T12:02:54.398788+00:00
sentinel-control/services/sentinel-core/tests/test_debate_engine.py,sentinel_core_tests,.py,1661,40,sentinel-control/services/sentinel-core/tests,test_debate_engine.py,2026-04-26T11:25:52.883399+00:00
sentinel-control/services/sentinel-core/tests/test_decision_frame_mandatory_params.py,sentinel_core_tests,.py,13049,325,sentinel-control/services/sentinel-core/tests,test_decision_frame_mandatory_params.py,2026-05-18T20:02:48.420108+00:00
sentinel-control/services/sentinel-core/tests/test_deep_audit_global_invariants_power_truth_reconciliation.py,sentinel_core_tests,.py,5299,133,sentinel-control/services/sentinel-core/tests,test_deep_audit_global_invariants_power_truth_reconciliation.py,2026-06-13T11:36:34.300857+00:00
sentinel-control/services/sentinel-core/tests/test_delegated_action_gate_model_v0.py,sentinel_core_tests,.py,14123,381,sentinel-control/services/sentinel-core/tests,test_delegated_action_gate_model_v0.py,2026-05-19T14:52:26.897553+00:00
sentinel-control/services/sentinel-core/tests/test_durable_credential_vault_secret_broker_v1.py,sentinel_core_tests,.py,23502,548,sentinel-control/services/sentinel-core/tests,test_durable_credential_vault_secret_broker_v1.py,2026-06-14T10:16:54.812698+00:00
sentinel-control/services/sentinel-core/tests/test_durable_mission_workflow_and_automatic_replan_v1.py,sentinel_core_tests,.py,21737,602,sentinel-control/services/sentinel-core/tests,test_durable_mission_workflow_and_automatic_replan_v1.py,2026-06-07T17:41:11.494104+00:00
sentinel-control/services/sentinel-core/tests/test_durable_mission_workflow_replan_gauntlet_v1.py,sentinel_core_tests,.py,43194,1145,sentinel-control/services/sentinel-core/tests,test_durable_mission_workflow_replan_gauntlet_v1.py,2026-06-19T23:29:17.020191+00:00
sentinel-control/services/sentinel-core/tests/test_durable_receipt_ledger_foundation.py,sentinel_core_tests,.py,4065,92,sentinel-control/services/sentinel-core/tests,test_durable_receipt_ledger_foundation.py,2026-06-01T23:48:14.043283+00:00
sentinel-control/services/sentinel-core/tests/test_evals.py,sentinel_core_tests,.py,3182,88,sentinel-control/services/sentinel-core/tests,test_evals.py,2026-04-26T11:25:52.884398+00:00
sentinel-control/services/sentinel-core/tests/test_execution.py,sentinel_core_tests,.py,1908,52,sentinel-control/services/sentinel-core/tests,test_execution.py,2026-04-26T11:25:52.886912+00:00
sentinel-control/services/sentinel-core/tests/test_external_api_read_write_organ_v1.py,sentinel_core_tests,.py,11277,308,sentinel-control/services/sentinel-core/tests,test_external_api_read_write_organ_v1.py,2026-06-05T19:35:09.207815+00:00
sentinel-control/services/sentinel-core/tests/test_final_gate_determinism.py,sentinel_core_tests,.py,9331,258,sentinel-control/services/sentinel-core/tests,test_final_gate_determinism.py,2026-05-11T18:02:25.129380+00:00
sentinel-control/services/sentinel-core/tests/test_final_gate_registry.py,sentinel_core_tests,.py,14064,375,sentinel-control/services/sentinel-core/tests,test_final_gate_registry.py,2026-06-14T12:18:28.552390+00:00
sentinel-control/services/sentinel-core/tests/test_final_gate_terminality.py,sentinel_core_tests,.py,17381,470,sentinel-control/services/sentinel-core/tests,test_final_gate_terminality.py,2026-05-11T17:42:48.049126+00:00
sentinel-control/services/sentinel-core/tests/test_firewall.py,sentinel_core_tests,.py,2854,77,sentinel-control/services/sentinel-core/tests,test_firewall.py,2026-04-26T11:25:52.886912+00:00
sentinel-control/services/sentinel-core/tests/test_gate_sequence_integration.py,sentinel_core_tests,.py,21608,607,sentinel-control/services/sentinel-core/tests,test_gate_sequence_integration.py,2026-05-12T23:09:55.289989+00:00
sentinel-control/services/sentinel-core/tests/test_gate_sequence_runtime_wiring.py,sentinel_core_tests,.py,17772,470,sentinel-control/services/sentinel-core/tests,test_gate_sequence_runtime_wiring.py,2026-05-12T23:28:53.324174+00:00
sentinel-control/services/sentinel-core/tests/test_governed_mutation_artifact_channel_v3.py,sentinel_core_tests,.py,31374,726,sentinel-control/services/sentinel-core/tests,test_governed_mutation_artifact_channel_v3.py,2026-06-16T12:33:58.516941+00:00
sentinel-control/services/sentinel-core/tests/test_governed_skill_and_procedure_fabric_v1.py,sentinel_core_tests,.py,16795,390,sentinel-control/services/sentinel-core/tests,test_governed_skill_and_procedure_fabric_v1.py,2026-06-08T20:38:47.562511+00:00
sentinel-control/services/sentinel-core/tests/test_gtm_pack.py,sentinel_core_tests,.py,2015,49,sentinel-control/services/sentinel-core/tests,test_gtm_pack.py,2026-05-08T14:17:49.780939+00:00
sentinel-control/services/sentinel-core/tests/test_gtm_quality.py,sentinel_core_tests,.py,3142,66,sentinel-control/services/sentinel-core/tests,test_gtm_quality.py,2026-04-26T12:33:19.096270+00:00
sentinel-control/services/sentinel-core/tests/test_kill_switch_reactive_property.py,sentinel_core_tests,.py,14301,385,sentinel-control/services/sentinel-core/tests,test_kill_switch_reactive_property.py,2026-05-12T13:25:48.223034+00:00
sentinel-control/services/sentinel-core/tests/test_learning_layer.py,sentinel_core_tests,.py,2740,62,sentinel-control/services/sentinel-core/tests,test_learning_layer.py,2026-04-26T11:25:52.889911+00:00
sentinel-control/services/sentinel-core/tests/test_live_desktop_operator_backend_system_monitoring_v1.py,sentinel_core_tests,.py,21776,490,sentinel-control/services/sentinel-core/tests,test_live_desktop_operator_backend_system_monitoring_v1.py,2026-06-11T13:15:01.095205+00:00
sentinel-control/services/sentinel-core/tests/test_llm_backed_decision_cycle.py,sentinel_core_tests,.py,12002,317,sentinel-control/services/sentinel-core/tests,test_llm_backed_decision_cycle.py,2026-05-18T20:02:26.559074+00:00
sentinel-control/services/sentinel-core/tests/test_llm_hot_context_slots_v0.py,sentinel_core_tests,.py,14214,394,sentinel-control/services/sentinel-core/tests,test_llm_hot_context_slots_v0.py,2026-05-19T12:33:01.918525+00:00
sentinel-control/services/sentinel-core/tests/test_llm_live_operator_agentruntime_bridge_v0.py,sentinel_core_tests,.py,10557,291,sentinel-control/services/sentinel-core/tests,test_llm_live_operator_agentruntime_bridge_v0.py,2026-06-19T23:23:07.825807+00:00
sentinel-control/services/sentinel-core/tests/test_llm_live_operator_cockpit_cli_v0.py,sentinel_core_tests,.py,11143,355,sentinel-control/services/sentinel-core/tests,test_llm_live_operator_cockpit_cli_v0.py,2026-06-19T22:23:37.051363+00:00
sentinel-control/services/sentinel-core/tests/test_llm_live_operator_cockpit_flow_v0.py,sentinel_core_tests,.py,6709,180,sentinel-control/services/sentinel-core/tests,test_llm_live_operator_cockpit_flow_v0.py,2026-06-06T17:38:47.916924+00:00
sentinel-control/services/sentinel-core/tests/test_llm_live_operator_conversation_intake_v0.py,sentinel_core_tests,.py,7895,234,sentinel-control/services/sentinel-core/tests,test_llm_live_operator_conversation_intake_v0.py,2026-06-06T01:17:47.417331+00:00
sentinel-control/services/sentinel-core/tests/test_llm_live_operator_mission_kernel_v0.py,sentinel_core_tests,.py,13329,316,sentinel-control/services/sentinel-core/tests,test_llm_live_operator_mission_kernel_v0.py,2026-06-18T21:31:17.122548+00:00
sentinel-control/services/sentinel-core/tests/test_llm_live_operator_models_v0.py,sentinel_core_tests,.py,6348,196,sentinel-control/services/sentinel-core/tests,test_llm_live_operator_models_v0.py,2026-06-06T11:56:35.931465+00:00
sentinel-control/services/sentinel-core/tests/test_llm_live_operator_power_runtime_bridge_v0.py,sentinel_core_tests,.py,25812,747,sentinel-control/services/sentinel-core/tests,test_llm_live_operator_power_runtime_bridge_v0.py,2026-06-14T12:55:15.577159+00:00
sentinel-control/services/sentinel-core/tests/test_llm_live_operator_product_gauntlet_v0.py,sentinel_core_tests,.py,11500,320,sentinel-control/services/sentinel-core/tests,test_llm_live_operator_product_gauntlet_v0.py,2026-06-07T17:36:33.450914+00:00
sentinel-control/services/sentinel-core/tests/test_llm_live_operator_replay_v0.py,sentinel_core_tests,.py,3459,102,sentinel-control/services/sentinel-core/tests,test_llm_live_operator_replay_v0.py,2026-06-06T01:23:07.701969+00:00
sentinel-control/services/sentinel-core/tests/test_llm_memory_replay_and_checkpoints_v0.py,sentinel_core_tests,.py,19829,556,sentinel-control/services/sentinel-core/tests,test_llm_memory_replay_and_checkpoints_v0.py,2026-06-02T12:58:26.189449+00:00
sentinel-control/services/sentinel-core/tests/test_llm_minimal_epistemic_memory_bridge.py,sentinel_core_tests,.py,11126,325,sentinel-control/services/sentinel-core/tests,test_llm_minimal_epistemic_memory_bridge.py,2026-05-19T11:34:10.492524+00:00
sentinel-control/services/sentinel-core/tests/test_llm_operator_adapter_v0.py,sentinel_core_tests,.py,8427,250,sentinel-control/services/sentinel-core/tests,test_llm_operator_adapter_v0.py,2026-06-06T01:13:10.374278+00:00
sentinel-control/services/sentinel-core/tests/test_llm_operator_model_client_v0.py,sentinel_core_tests,.py,26313,675,sentinel-control/services/sentinel-core/tests,test_llm_operator_model_client_v0.py,2026-06-28T11:47:38.739049+00:00
sentinel-control/services/sentinel-core/tests/test_llm_operator_prompt_frame_v0.py,sentinel_core_tests,.py,4576,138,sentinel-control/services/sentinel-core/tests,test_llm_operator_prompt_frame_v0.py,2026-06-06T11:44:42.700868+00:00
sentinel-control/services/sentinel-core/tests/test_llm_proposal_artifacts_and_evidence_verifier.py,sentinel_core_tests,.py,14079,398,sentinel-control/services/sentinel-core/tests,test_llm_proposal_artifacts_and_evidence_verifier.py,2026-05-19T09:43:37.649122+00:00
sentinel-control/services/sentinel-core/tests/test_llm_role_loop_to_memory_bridge_integration.py,sentinel_core_tests,.py,12938,334,sentinel-control/services/sentinel-core/tests,test_llm_role_loop_to_memory_bridge_integration.py,2026-05-26T14:14:18.951394+00:00
sentinel-control/services/sentinel-core/tests/test_llm_safe_memory_retrieval_v0.py,sentinel_core_tests,.py,14726,422,sentinel-control/services/sentinel-core/tests,test_llm_safe_memory_retrieval_v0.py,2026-05-19T13:03:16.960660+00:00
sentinel-control/services/sentinel-core/tests/test_llm_strict_single_model_role_loop.py,sentinel_core_tests,.py,12336,320,sentinel-control/services/sentinel-core/tests,test_llm_strict_single_model_role_loop.py,2026-05-19T08:05:46.322697+00:00
sentinel-control/services/sentinel-core/tests/test_local_model_hardware_and_cost_router_v1.py,sentinel_core_tests,.py,21526,486,sentinel-control/services/sentinel-core/tests,test_local_model_hardware_and_cost_router_v1.py,2026-06-08T21:39:21.728024+00:00
sentinel-control/services/sentinel-core/tests/test_low_risk_execution_finalgate_receipts.py,sentinel_core_tests,.py,16152,440,sentinel-control/services/sentinel-core/tests,test_low_risk_execution_finalgate_receipts.py,2026-05-19T20:50:09.498405+00:00
sentinel-control/services/sentinel-core/tests/test_low_risk_local_artifact_executor_l2.py,sentinel_core_tests,.py,17040,433,sentinel-control/services/sentinel-core/tests,test_low_risk_local_artifact_executor_l2.py,2026-06-03T15:25:38.373216+00:00
sentinel-control/services/sentinel-core/tests/test_memory_not_authority_bias.py,sentinel_core_tests,.py,25890,642,sentinel-control/services/sentinel-core/tests,test_memory_not_authority_bias.py,2026-05-12T11:21:59.033943+00:00
sentinel-control/services/sentinel-core/tests/test_memory_not_authority_property.py,sentinel_core_tests,.py,20326,501,sentinel-control/services/sentinel-core/tests,test_memory_not_authority_property.py,2026-05-11T20:27:44.552060+00:00
sentinel-control/services/sentinel-core/tests/test_mission_authority_and_credential_vault_foundation.py,sentinel_core_tests,.py,17958,456,sentinel-control/services/sentinel-core/tests,test_mission_authority_and_credential_vault_foundation.py,2026-06-03T22:09:55.753923+00:00
sentinel-control/services/sentinel-core/tests/test_mission_kernel.py,sentinel_core_tests,.py,25620,617,sentinel-control/services/sentinel-core/tests,test_mission_kernel.py,2026-06-14T12:37:52.062271+00:00
sentinel-control/services/sentinel-core/tests/test_mission_reviewer.py,sentinel_core_tests,.py,3358,92,sentinel-control/services/sentinel-core/tests,test_mission_reviewer.py,2026-04-28T07:10:38.628697+00:00
sentinel-control/services/sentinel-core/tests/test_mission_runner_browser_operator_route_rejected.py,sentinel_core_tests,.py,11431,277,sentinel-control/services/sentinel-core/tests,test_mission_runner_browser_operator_route_rejected.py,2026-06-03T20:26:33.694899+00:00
sentinel-control/services/sentinel-core/tests/test_mission_success.py,sentinel_core_tests,.py,2211,61,sentinel-control/services/sentinel-core/tests,test_mission_success.py,2026-04-26T21:03:13.262206+00:00
sentinel-control/services/sentinel-core/tests/test_mission_worker_fleet_authority_inheritance_v1.py,sentinel_core_tests,.py,27284,721,sentinel-control/services/sentinel-core/tests,test_mission_worker_fleet_authority_inheritance_v1.py,2026-06-14T12:51:13.838151+00:00
sentinel-control/services/sentinel-core/tests/test_model_amplification_execution_harness_v1.py,sentinel_core_tests,.py,13554,330,sentinel-control/services/sentinel-core/tests,test_model_amplification_execution_harness_v1.py,2026-06-08T15:32:06.768544+00:00
sentinel-control/services/sentinel-core/tests/test_model_provider_catalog.py,sentinel_core_tests,.py,11513,301,sentinel-control/services/sentinel-core/tests,test_model_provider_catalog.py,2026-06-27T20:22:06.753551+00:00
sentinel-control/services/sentinel-core/tests/test_models.py,sentinel_core_tests,.py,2016,67,sentinel-control/services/sentinel-core/tests,test_models.py,2026-04-26T11:25:52.889911+00:00
sentinel-control/services/sentinel-core/tests/test_motor_neuron_to_organ_dispatch_lock.py,sentinel_core_tests,.py,6041,137,sentinel-control/services/sentinel-core/tests,test_motor_neuron_to_organ_dispatch_lock.py,2026-06-02T07:52:21.174754+00:00
sentinel-control/services/sentinel-core/tests/test_mutation_artifact_transport_v2_micro_certification.py,sentinel_core_tests,.py,10698,274,sentinel-control/services/sentinel-core/tests,test_mutation_artifact_transport_v2_micro_certification.py,2026-06-16T14:53:32.126355+00:00
sentinel-control/services/sentinel-core/tests/test_observability_telemetry_and_product_power_metrics_v1.py,sentinel_core_tests,.py,10424,273,sentinel-control/services/sentinel-core/tests,test_observability_telemetry_and_product_power_metrics_v1.py,2026-06-19T23:26:27.125439+00:00
sentinel-control/services/sentinel-core/tests/test_openai_compatible_provider_base.py,sentinel_core_tests,.py,19548,517,sentinel-control/services/sentinel-core/tests,test_openai_compatible_provider_base.py,2026-06-17T11:13:11.463085+00:00
sentinel-control/services/sentinel-core/tests/test_operator_deterministic_test_mode_v0.py,sentinel_core_tests,.py,1851,53,sentinel-control/services/sentinel-core/tests,test_operator_deterministic_test_mode_v0.py,2026-06-06T01:15:41.974261+00:00
sentinel-control/services/sentinel-core/tests/test_organ_execution_agentruntime_opt_in.py,sentinel_core_tests,.py,23678,553,sentinel-control/services/sentinel-core/tests,test_organ_execution_agentruntime_opt_in.py,2026-05-19T20:42:09.353254+00:00
sentinel-control/services/sentinel-core/tests/test_organ_proposal_bridge.py,sentinel_core_tests,.py,14366,392,sentinel-control/services/sentinel-core/tests,test_organ_proposal_bridge.py,2026-05-19T14:01:56.893503+00:00
sentinel-control/services/sentinel-core/tests/test_organ_safety_scanner_consolidation.py,sentinel_core_tests,.py,8307,200,sentinel-control/services/sentinel-core/tests,test_organ_safety_scanner_consolidation.py,2026-05-30T22:21:31.727048+00:00
sentinel-control/services/sentinel-core/tests/test_p6_agent_lab_organ_harvest.py,sentinel_core_tests,.py,6109,155,sentinel-control/services/sentinel-core/tests,test_p6_agent_lab_organ_harvest.py,2026-05-09T00:14:22.944783+00:00
sentinel-control/services/sentinel-core/tests/test_p6_agentlab_implementation_alignment.py,sentinel_core_tests,.py,8338,188,sentinel-control/services/sentinel-core/tests,test_p6_agentlab_implementation_alignment.py,2026-05-09T12:59:40.483683+00:00
sentinel-control/services/sentinel-core/tests/test_p6_browser_controlled_navigation_l6.py,sentinel_core_tests,.py,14889,382,sentinel-control/services/sentinel-core/tests,test_p6_browser_controlled_navigation_l6.py,2026-05-10T13:20:45.653731+00:00
sentinel-control/services/sentinel-core/tests/test_p6_browser_organ_contract.py,sentinel_core_tests,.py,8346,217,sentinel-control/services/sentinel-core/tests,test_p6_browser_organ_contract.py,2026-05-09T00:42:41.573748+00:00
sentinel-control/services/sentinel-core/tests/test_p6_capital_operator_sandbox.py,sentinel_core_tests,.py,6379,180,sentinel-control/services/sentinel-core/tests,test_p6_capital_operator_sandbox.py,2026-05-09T01:25:52.815503+00:00
sentinel-control/services/sentinel-core/tests/test_p6_capital_stack_hardening.py,sentinel_core_tests,.py,7384,213,sentinel-control/services/sentinel-core/tests,test_p6_capital_stack_hardening.py,2026-05-09T12:15:40.652351+00:00
sentinel-control/services/sentinel-core/tests/test_p6_channel_organ.py,sentinel_core_tests,.py,7775,228,sentinel-control/services/sentinel-core/tests,test_p6_channel_organ.py,2026-05-09T00:57:58.955238+00:00
sentinel-control/services/sentinel-core/tests/test_p6_context_token_model_economy_frontier.py,sentinel_core_tests,.py,8675,225,sentinel-control/services/sentinel-core/tests,test_p6_context_token_model_economy_frontier.py,2026-05-18T20:02:53.530435+00:00
sentinel-control/services/sentinel-core/tests/test_p6_credential_vault_policy.py,sentinel_core_tests,.py,8859,266,sentinel-control/services/sentinel-core/tests,test_p6_credential_vault_policy.py,2026-06-03T22:10:44.428838+00:00
sentinel-control/services/sentinel-core/tests/test_p6_desktop_agentlab_harvest.py,sentinel_core_tests,.py,7375,180,sentinel-control/services/sentinel-core/tests,test_p6_desktop_agentlab_harvest.py,2026-05-09T13:17:24.194362+00:00
sentinel-control/services/sentinel-core/tests/test_p6_desktop_sidecar_organ.py,sentinel_core_tests,.py,9207,256,sentinel-control/services/sentinel-core/tests,test_p6_desktop_sidecar_organ.py,2026-05-09T18:37:33.952187+00:00
sentinel-control/services/sentinel-core/tests/test_p6_desktop_workspace_l6.py,sentinel_core_tests,.py,9936,227,sentinel-control/services/sentinel-core/tests,test_p6_desktop_workspace_l6.py,2026-06-03T20:24:45.260965+00:00
sentinel-control/services/sentinel-core/tests/test_p6_existing_organs_capability_frontier.py,sentinel_core_tests,.py,6798,147,sentinel-control/services/sentinel-core/tests,test_p6_existing_organs_capability_frontier.py,2026-05-09T19:09:17.378878+00:00
sentinel-control/services/sentinel-core/tests/test_p6_existing_organs_real_world_gauntlet.py,sentinel_core_tests,.py,6663,154,sentinel-control/services/sentinel-core/tests,test_p6_existing_organs_real_world_gauntlet.py,2026-05-09T19:32:22.184489+00:00
sentinel-control/services/sentinel-core/tests/test_p6_existing_organs_reality_activation.py,sentinel_core_tests,.py,7611,185,sentinel-control/services/sentinel-core/tests,test_p6_existing_organs_reality_activation.py,2026-06-03T20:24:20.750077+00:00
sentinel-control/services/sentinel-core/tests/test_p6_existing_organs_runtime_promotion_plan.py,sentinel_core_tests,.py,5369,121,sentinel-control/services/sentinel-core/tests,test_p6_existing_organs_runtime_promotion_plan.py,2026-05-09T20:23:16.127242+00:00
sentinel-control/services/sentinel-core/tests/test_p6_external_api_organ.py,sentinel_core_tests,.py,8138,228,sentinel-control/services/sentinel-core/tests,test_p6_external_api_organ.py,2026-05-09T00:50:03.196540+00:00
sentinel-control/services/sentinel-core/tests/test_p6_external_organ_foundry.py,sentinel_core_tests,.py,19395,456,sentinel-control/services/sentinel-core/tests,test_p6_external_organ_foundry.py,2026-05-12T12:43:57.876707+00:00
sentinel-control/services/sentinel-core/tests/test_p6_spend_runtime_limited.py,sentinel_core_tests,.py,8977,246,sentinel-control/services/sentinel-core/tests,test_p6_spend_runtime_limited.py,2026-05-09T01:31:02.972151+00:00
sentinel-control/services/sentinel-core/tests/test_p6_subquadratic_agent_context_engine.py,sentinel_core_tests,.py,14037,391,sentinel-control/services/sentinel-core/tests,test_p6_subquadratic_agent_context_engine.py,2026-05-18T20:02:58.224020+00:00
sentinel-control/services/sentinel-core/tests/test_p6_trading_special_authority.py,sentinel_core_tests,.py,9083,235,sentinel-control/services/sentinel-core/tests,test_p6_trading_special_authority.py,2026-05-09T01:35:15.072148+00:00
sentinel-control/services/sentinel-core/tests/test_p6_tradingagents_harvest.py,sentinel_core_tests,.py,6107,150,sentinel-control/services/sentinel-core/tests,test_p6_tradingagents_harvest.py,2026-05-09T12:30:54.999326+00:00
sentinel-control/services/sentinel-core/tests/test_payment_spend_trading_special_authority_v1.py,sentinel_core_tests,.py,28136,563,sentinel-control/services/sentinel-core/tests,test_payment_spend_trading_special_authority_v1.py,2026-06-14T10:17:08.695062+00:00
sentinel-control/services/sentinel-core/tests/test_permissioned_desktop_sidecar_visual_grounding_v1.py,sentinel_core_tests,.py,27971,658,sentinel-control/services/sentinel-core/tests,test_permissioned_desktop_sidecar_visual_grounding_v1.py,2026-06-11T12:53:56.848410+00:00
sentinel-control/services/sentinel-core/tests/test_persistent_semantic_memory_gauntlet_v1.py,sentinel_core_tests,.py,20410,582,sentinel-control/services/sentinel-core/tests,test_persistent_semantic_memory_gauntlet_v1.py,2026-06-07T08:23:15.264982+00:00
sentinel-control/services/sentinel-core/tests/test_persistent_semantic_memory_integrations_v1.py,sentinel_core_tests,.py,16530,442,sentinel-control/services/sentinel-core/tests,test_persistent_semantic_memory_integrations_v1.py,2026-06-07T08:23:15.270141+00:00
sentinel-control/services/sentinel-core/tests/test_persistent_semantic_memory_v1.py,sentinel_core_tests,.py,13071,363,sentinel-control/services/sentinel-core/tests,test_persistent_semantic_memory_v1.py,2026-06-07T08:23:15.274141+00:00
sentinel-control/services/sentinel-core/tests/test_power_fabric_orchestration_demo.py,sentinel_core_tests,.py,1482,42,sentinel-control/services/sentinel-core/tests,test_power_fabric_orchestration_demo.py,2026-06-05T19:16:30.952263+00:00
sentinel-control/services/sentinel-core/tests/test_production_mission_daemon_and_scheduler_v1.py,sentinel_core_tests,.py,14469,321,sentinel-control/services/sentinel-core/tests,test_production_mission_daemon_and_scheduler_v1.py,2026-06-14T12:26:13.917207+00:00
sentinel-control/services/sentinel-core/tests/test_real_channel_adapters_v1.py,sentinel_core_tests,.py,21053,501,sentinel-control/services/sentinel-core/tests,test_real_channel_adapters_v1.py,2026-06-13T11:24:09.624999+00:00
sentinel-control/services/sentinel-core/tests/test_real_model_agent_certification_v0.py,sentinel_core_tests,.py,33188,814,sentinel-control/services/sentinel-core/tests,test_real_model_agent_certification_v0.py,2026-06-16T12:34:15.166821+00:00
sentinel-control/services/sentinel-core/tests/test_real_model_behavioral_predictive_harness_audit.py,sentinel_core_tests,.py,53295,1277,sentinel-control/services/sentinel-core/tests,test_real_model_behavioral_predictive_harness_audit.py,2026-06-16T13:42:48.119420+00:00
sentinel-control/services/sentinel-core/tests/test_real_model_execution_backend.py,sentinel_core_tests,.py,33776,908,sentinel-control/services/sentinel-core/tests,test_real_model_execution_backend.py,2026-06-03T11:14:22.225419+00:00
sentinel-control/services/sentinel-core/tests/test_real_model_execution_groq.py,sentinel_core_tests,.py,7621,202,sentinel-control/services/sentinel-core/tests,test_real_model_execution_groq.py,2026-05-26T18:46:45.317310+00:00
sentinel-control/services/sentinel-core/tests/test_real_model_execution_nvidia.py,sentinel_core_tests,.py,8051,235,sentinel-control/services/sentinel-core/tests,test_real_model_execution_nvidia.py,2026-05-26T18:46:45.322308+00:00
sentinel-control/services/sentinel-core/tests/test_real_model_execution_openrouter.py,sentinel_core_tests,.py,13589,361,sentinel-control/services/sentinel-core/tests,test_real_model_execution_openrouter.py,2026-05-26T18:47:06.761597+00:00
sentinel-control/services/sentinel-core/tests/test_real_model_read_only_operator_production_spine_v1.py,sentinel_core_tests,.py,61671,1519,sentinel-control/services/sentinel-core/tests,test_real_model_read_only_operator_production_spine_v1.py,2026-06-28T15:00:12.575765+00:00
sentinel-control/services/sentinel-core/tests/test_real_world_power_convergence_wave1.py,sentinel_core_tests,.py,29331,672,sentinel-control/services/sentinel-core/tests,test_real_world_power_convergence_wave1.py,2026-06-14T21:28:14.952506+00:00
sentinel-control/services/sentinel-core/tests/test_realtime_voice_ambient_operator_v1.py,sentinel_core_tests,.py,19289,406,sentinel-control/services/sentinel-core/tests,test_realtime_voice_ambient_operator_v1.py,2026-06-11T19:41:03.632927+00:00
sentinel-control/services/sentinel-core/tests/test_research_agent.py,sentinel_core_tests,.py,1807,44,sentinel-control/services/sentinel-core/tests,test_research_agent.py,2026-04-26T11:25:52.890910+00:00
sentinel-control/services/sentinel-core/tests/test_research_enrichment.py,sentinel_core_tests,.py,3880,91,sentinel-control/services/sentinel-core/tests,test_research_enrichment.py,2026-04-26T12:33:19.103266+00:00
sentinel-control/services/sentinel-core/tests/test_reversible_workspace_action_executor_l3.py,sentinel_core_tests,.py,22774,594,sentinel-control/services/sentinel-core/tests,test_reversible_workspace_action_executor_l3.py,2026-06-13T23:52:22.861163+00:00
sentinel-control/services/sentinel-core/tests/test_runtime_model_execution_wiring.py,sentinel_core_tests,.py,18486,468,sentinel-control/services/sentinel-core/tests,test_runtime_model_execution_wiring.py,2026-05-18T21:04:58.499621+00:00
sentinel-control/services/sentinel-core/tests/test_sandbox_shell_code_organ_v1.py,sentinel_core_tests,.py,9762,287,sentinel-control/services/sentinel-core/tests,test_sandbox_shell_code_organ_v1.py,2026-06-05T19:34:12.366940+00:00
sentinel-control/services/sentinel-core/tests/test_sanitization_property.py,sentinel_core_tests,.py,31190,792,sentinel-control/services/sentinel-core/tests,test_sanitization_property.py,2026-05-18T20:03:03.032070+00:00
sentinel-control/services/sentinel-core/tests/test_self_exploration_read_only_v1.py,sentinel_core_tests,.py,23344,582,sentinel-control/services/sentinel-core/tests,test_self_exploration_read_only_v1.py,2026-06-17T19:08:13.682099+00:00
sentinel-control/services/sentinel-core/tests/test_self_improvement.py,sentinel_core_tests,.py,7700,205,sentinel-control/services/sentinel-core/tests,test_self_improvement.py,2026-05-12T21:36:18.406838+00:00
sentinel-control/services/sentinel-core/tests/test_sentinel_power_lab_runtime_v0.py,sentinel_core_tests,.py,6255,166,sentinel-control/services/sentinel-core/tests,test_sentinel_power_lab_runtime_v0.py,2026-05-26T20:48:16.138098+00:00
sentinel-control/services/sentinel-core/tests/test_sentinel_power_runtime_v0.py,sentinel_core_tests,.py,16692,499,sentinel-control/services/sentinel-core/tests,test_sentinel_power_runtime_v0.py,2026-06-14T12:24:52.161521+00:00
sentinel-control/services/sentinel-core/tests/test_shared_events_layering.py,sentinel_core_tests,.py,9002,219,sentinel-control/services/sentinel-core/tests,test_shared_events_layering.py,2026-05-12T14:46:55.823128+00:00
sentinel-control/services/sentinel-core/tests/test_toctou_binding_property.py,sentinel_core_tests,.py,13314,352,sentinel-control/services/sentinel-core/tests,test_toctou_binding_property.py,2026-05-12T12:48:07.971481+00:00
sentinel-control/services/sentinel-core/tests/test_trace_hash_property.py,sentinel_core_tests,.py,9944,251,sentinel-control/services/sentinel-core/tests,test_trace_hash_property.py,2026-05-12T13:00:58.004773+00:00
sentinel-control/services/sentinel-core/tests/test_trace_ledger.py,sentinel_core_tests,.py,2995,76,sentinel-control/services/sentinel-core/tests,test_trace_ledger.py,2026-04-26T11:25:52.891909+00:00
sentinel-control/supabase/migrations/001_sentinel_core.sql,sentinel_control_other,.sql,6075,,sentinel-control/supabase/migrations,001_sentinel_core.sql,2026-04-26T11:25:52.893909+00:00
sentinel-control/supabase/migrations/002_mission_os.sql,sentinel_control_other,.sql,9250,,sentinel-control/supabase/migrations,002_mission_os.sql,2026-04-26T21:37:49.534539+00:00
sentinel-control/tests/fixtures/cueidea_reports/competitor_gap_report.json,sentinel_control_other,.json,5548,124,sentinel-control/tests/fixtures/cueidea_reports,competitor_gap_report.json,2026-04-26T12:01:37.462254+00:00
sentinel-control/tests/fixtures/cueidea_reports/noisy_low_evidence_report.json,sentinel_control_other,.json,2912,73,sentinel-control/tests/fixtures/cueidea_reports,noisy_low_evidence_report.json,2026-04-26T12:01:37.463253+00:00
sentinel-control/tests/fixtures/cueidea_reports/strong_competitor_gap_report.json,sentinel_control_other,.json,4917,115,sentinel-control/tests/fixtures/cueidea_reports,strong_competitor_gap_report.json,2026-04-26T12:32:37.359691+00:00
sentinel-control/tests/fixtures/cueidea_reports/strong_icp_community_report.json,sentinel_control_other,.json,3880,95,sentinel-control/tests/fixtures/cueidea_reports,strong_icp_community_report.json,2026-04-26T12:32:37.359691+00:00
sentinel-control/tests/fixtures/cueidea_reports/strong_objection_report.json,sentinel_control_other,.json,4007,91,sentinel-control/tests/fixtures/cueidea_reports,strong_objection_report.json,2026-04-26T12:32:37.370686+00:00
sentinel-control/tests/fixtures/cueidea_reports/strong_wtp_report.json,sentinel_control_other,.json,6771,147,sentinel-control/tests/fixtures/cueidea_reports,strong_wtp_report.json,2026-04-26T12:01:37.458449+00:00
sentinel-control/tests/fixtures/cueidea_reports/vague_icp_report.json,sentinel_control_other,.json,2717,73,sentinel-control/tests/fixtures/cueidea_reports,vague_icp_report.json,2026-04-26T12:32:37.361690+00:00
sentinel-control/tests/fixtures/cueidea_reports/weak_wtp_report.json,sentinel_control_other,.json,3269,78,sentinel-control/tests/fixtures/cueidea_reports,weak_wtp_report.json,2026-04-26T12:01:37.459450+00:00
